nodo_a_id,actor_a,nodo_b_id,actor_b,similitud_sbert
NeurotypicalCognition_1_1,NT,SocialBehavioralAutism_1_1,SB,0.985
NeurotypicalCognition_1_1,NT,SocialBehavioralAutism_2_8,SB,0.975
NeurotypicalCognition_1_1,NT,SocialBehavioralAutism_5_76,SB,0.985
NeurotypicalCognition_2_19,NT,SocialBehavioralAutism_4_50,SB,0.8298
NeurotypicalCognition_3_20,NT,SocialBehavioralAutism_1_1,SB,0.9731
NeurotypicalCognition_3_25,NT,SocialBehavioralAutism_5_146,SB,0.5575
NeurotypicalCognition_3_29,NT,SocialBehavioralAutism_1_4,SB,0.9959
NeurotypicalCognition_3_44,NT,SocialBehavioralAutism_1_4,SB,0.9692
NeurotypicalCognition_3_44,NT,SocialBehavioralAutism_5_79,SB,0.5583
NeurotypicalCognition_4_77,NT,SocialBehavioralAutism_3_20,SB,0.949
NeurotypicalCognition_4_77,NT,SocialBehavioralAutism_4_69,SB,0.9773
NeurotypicalCognition_5_109,NT,SocialBehavioralAutism_5_166,SB,0.6539
NeurotypicalCognition_5_109,NT,SocialBehavioralAutism_6_223,SB,0.6414
NeurotypicalCognition_5_123,NT,SocialBehavioralAutism_1_1,SB,0.6949
NeurotypicalCognition_5_131,NT,SocialBehavioralAutism_6_223,SB,0.9852
NeurotypicalCognition_5_149,NT,SocialBehavioralAutism_6_200,SB,0.7023
NeurotypicalCognition_5_155,NT,SocialBehavioralAutism_5_116,SB,0.9288
NeurotypicalCognition_5_162,NT,SocialBehavioralAutism_5_144,SB,0.9234
NeurotypicalCognition_6_192,NT,SocialBehavioralAutism_6_223,SB,0.988
NeurotypicalCognition_6_193,NT,SocialBehavioralAutism_5_76,SB,0.9136
NeurotypicalCognition_6_200,NT,SocialBehavioralAutism_1_4,SB,0.9879
NeurotypicalCognition_6_225,NT,SocialBehavioralAutism_5_83,SB,0.9338
NeurotypicalCognition_6_225,NT,SocialBehavioralAutism_5_103,SB,0.9607
NeurotypicalCognition_6_246,NT,SocialBehavioralAutism_5_182,SB,0.6703
NeurotypicalCognition_6_250,NT,SocialBehavioralAutism_5_89,SB,0.6276
NeurotypicalCognition_6_250,NT,SocialBehavioralAutism_5_131,SB,0.5945
NeurotypicalCognition_1_1,NT,MixedASDwithDelay_4_72,MX,0.7141
NeurotypicalCognition_1_3,NT,MixedASDwithDelay_2_5,MX,0.9373
NeurotypicalCognition_2_8,NT,MixedASDwithDelay_0_0,MX,0.613
NeurotypicalCognition_2_12,NT,MixedASDwithDelay_0_0,MX,0.5829
NeurotypicalCognition_3_35,NT,MixedASDwithDelay_0_0,MX,0.7356
NeurotypicalCognition_3_43,NT,MixedASDwithDelay_5_139,MX,0.9872
NeurotypicalCognition_3_43,NT,MixedASDwithDelay_5_147,MX,0.9599
NeurotypicalCognition_4_77,NT,MixedASDwithDelay_5_158,MX,0.6033
NeurotypicalCognition_5_92,NT,MixedASDwithDelay_4_64,MX,0.959
NeurotypicalCognition_5_96,NT,MixedASDwithDelay_5_139,MX,0.8282
NeurotypicalCognition_5_109,NT,MixedASDwithDelay_5_147,MX,0.975
NeurotypicalCognition_5_123,NT,MixedASDwithDelay_4_59,MX,0.743
NeurotypicalCognition_5_134,NT,MixedASDwithDelay_5_129,MX,0.9792
NeurotypicalCognition_6_147,NT,MixedASDwithDelay_5_129,MX,0.9791
NeurotypicalCognition_6_147,NT,MixedASDwithDelay_5_139,MX,0.9644
NeurotypicalCognition_6_192,NT,MixedASDwithDelay_5_147,MX,0.6131
NeurotypicalCognition_7_207,NT,MixedASDwithDelay_6_220,MX,0.8298
NeurotypicalCognition_6_239,NT,MixedASDwithDelay_5_96,MX,0.9832
NeurotypicalCognition_6_239,NT,MixedASDwithDelay_5_153,MX,0.6307
NeurotypicalCognition_6_239,NT,MixedASDwithDelay_6_220,MX,0.9753
NeurotypicalCognition_6_242,NT,MixedASDwithDelay_1_2,MX,0.9811
NeurotypicalCognition_6_249,NT,MixedASDwithDelay_1_1,MX,0.5529
NeurotypicalCognition_1_1,NT,ModerateAutism_1_1,MO,0.9893
NeurotypicalCognition_1_3,NT,ModerateAutism_5_103,MO,0.8127
NeurotypicalCognition_1_3,NT,ModerateAutism_5_203,MO,0.99
NeurotypicalCognition_2_14,NT,ModerateAutism_5_103,MO,0.98
NeurotypicalCognition_2_19,NT,ModerateAutism_5_103,MO,0.9671
NeurotypicalCognition_3_20,NT,ModerateAutism_1_1,MO,0.9779
NeurotypicalCognition_3_21,NT,ModerateAutism_2_11,MO,0.6958
NeurotypicalCognition_3_25,NT,ModerateAutism_5_142,MO,0.6305
NeurotypicalCognition_3_43,NT,ModerateAutism_5_92,MO,0.9208
NeurotypicalCognition_3_43,NT,ModerateAutism_5_97,MO,0.9384
NeurotypicalCognition_3_43,NT,ModerateAutism_5_118,MO,0.893
NeurotypicalCognition_3_43,NT,ModerateAutism_5_132,MO,0.6017
NeurotypicalCognition_3_43,NT,ModerateAutism_5_142,MO,0.9773
NeurotypicalCognition_3_43,NT,ModerateAutism_5_203,MO,0.808
NeurotypicalCognition_4_59,NT,ModerateAutism_5_118,MO,0.6571
NeurotypicalCognition_4_77,NT,ModerateAutism_5_203,MO,0.9631
NeurotypicalCognition_5_92,NT,ModerateAutism_5_118,MO,0.9725
NeurotypicalCognition_5_97,NT,ModerateAutism_6_212,MO,0.9546
NeurotypicalCognition_5_110,NT,ModerateAutism_5_104,MO,0.9866
NeurotypicalCognition_5_123,NT,ModerateAutism_1_1,MO,0.8695
NeurotypicalCognition_5_123,NT,ModerateAutism_5_203,MO,0.5555
NeurotypicalCognition_5_131,NT,ModerateAutism_5_92,MO,0.9805
NeurotypicalCognition_5_134,NT,ModerateAutism_4_44,MO,0.77
NeurotypicalCognition_5_134,NT,ModerateAutism_5_148,MO,0.9251
NeurotypicalCognition_5_149,NT,ModerateAutism_4_44,MO,0.5727
NeurotypicalCognition_7_207,NT,ModerateAutism_5_175,MO,0.6146
NeurotypicalCognition_7_207,NT,ModerateAutism_5_203,MO,0.8244
NeurotypicalCognition_6_239,NT,ModerateAutism_5_175,MO,0.9584
NeurotypicalCognition_1_1,NT,BroadlyAffectedAutism_1_1,BR,0.9403
NeurotypicalCognition_1_1,NT,BroadlyAffectedAutism_3_46,BR,0.9773
NeurotypicalCognition_2_11,NT,BroadlyAffectedAutism_4_69,BR,0.5641
NeurotypicalCognition_2_19,NT,BroadlyAffectedAutism_3_23,BR,0.5854
NeurotypicalCognition_3_21,NT,BroadlyAffectedAutism_0_0,BR,0.5789
NeurotypicalCognition_3_21,NT,BroadlyAffectedAutism_3_20,BR,0.6095
NeurotypicalCognition_3_21,NT,BroadlyAffectedAutism_5_111,BR,0.9663
NeurotypicalCognition_3_43,NT,BroadlyAffectedAutism_4_101,BR,0.9454
NeurotypicalCognition_3_43,NT,BroadlyAffectedAutism_5_137,BR,0.9766
NeurotypicalCognition_4_59,NT,BroadlyAffectedAutism_0_0,BR,0.7237
NeurotypicalCognition_4_72,NT,BroadlyAffectedAutism_2_13,BR,0.6579
NeurotypicalCognition_5_121,NT,BroadlyAffectedAutism_3_49,BR,0.9864
NeurotypicalCognition_5_124,NT,BroadlyAffectedAutism_5_146,BR,0.7311
NeurotypicalCognition_5_131,NT,BroadlyAffectedAutism_5_146,BR,0.9822
NeurotypicalCognition_5_131,NT,BroadlyAffectedAutism_5_191,BR,0.5839
NeurotypicalCognition_5_134,NT,BroadlyAffectedAutism_5_111,BR,0.6996
NeurotypicalCognition_6_151,NT,BroadlyAffectedAutism_4_63,BR,0.8789
NeurotypicalCognition_5_162,NT,BroadlyAffectedAutism_5_130,BR,0.9628
NeurotypicalCognition_6_176,NT,BroadlyAffectedAutism_3_49,BR,0.9538
NeurotypicalCognition_6_181,NT,BroadlyAffectedAutism_5_111,BR,0.8917
NeurotypicalCognition_6_193,NT,BroadlyAffectedAutism_3_46,BR,0.8956
NeurotypicalCognition_7_207,NT,BroadlyAffectedAutism_4_69,BR,0.8797
NeurotypicalCognition_6_212,NT,BroadlyAffectedAutism_5_111,BR,0.6238
NeurotypicalCognition_6_213,NT,BroadlyAffectedAutism_4_65,BR,0.9344
NeurotypicalCognition_6_244,NT,BroadlyAffectedAutism_1_1,BR,0.9572
NeurotypicalCognition_6_249,NT,BroadlyAffectedAutism_5_192,BR,0.9916
NeurotypicalCognition_6_261,NT,BroadlyAffectedAutism_5_111,BR,0.9556
SocialBehavioralAutism_1_1,SB,MixedASDwithDelay_4_72,MX,0.9967
SocialBehavioralAutism_1_1,SB,MixedASDwithDelay_5_103,MX,0.984
SocialBehavioralAutism_1_2,SB,MixedASDwithDelay_3_16,MX,0.9954
SocialBehavioralAutism_1_2,SB,MixedASDwithDelay_6_189,MX,0.615
SocialBehavioralAutism_1_2,SB,MixedASDwithDelay_6_195,MX,0.9331
SocialBehavioralAutism_1_2,SB,MixedASDwithDelay_6_198,MX,0.9858
SocialBehavioralAutism_1_2,SB,MixedASDwithDelay_6_204,MX,0.8796
SocialBehavioralAutism_1_2,SB,MixedASDwithDelay_6_205,MX,0.9509
SocialBehavioralAutism_1_2,SB,MixedASDwithDelay_6_212,MX,0.9905
SocialBehavioralAutism_1_4,SB,MixedASDwithDelay_5_155,MX,0.5975
SocialBehavioralAutism_2_5,SB,MixedASDwithDelay_2_5,MX,0.9933
SocialBehavioralAutism_2_5,SB,MixedASDwithDelay_4_39,MX,0.6724
SocialBehavioralAutism_2_5,SB,MixedASDwithDelay_5_155,MX,0.8939
SocialBehavioralAutism_2_5,SB,MixedASDwithDelay_6_189,MX,0.983
SocialBehavioralAutism_2_5,SB,MixedASDwithDelay_6_195,MX,0.9733
SocialBehavioralAutism_2_6,SB,MixedASDwithDelay_4_42,MX,0.8483
SocialBehavioralAutism_2_6,SB,MixedASDwithDelay_6_198,MX,0.935
SocialBehavioralAutism_2_7,SB,MixedASDwithDelay_1_3,MX,0.9975
SocialBehavioralAutism_2_7,SB,MixedASDwithDelay_3_32,MX,0.9627
SocialBehavioralAutism_2_8,SB,MixedASDwithDelay_1_1,MX,0.9715
SocialBehavioralAutism_2_8,SB,MixedASDwithDelay_4_66,MX,0.9539
SocialBehavioralAutism_2_8,SB,MixedASDwithDelay_4_72,MX,0.9566
SocialBehavioralAutism_3_18,SB,MixedASDwithDelay_4_46,MX,0.6547
SocialBehavioralAutism_3_18,SB,MixedASDwithDelay_4_58,MX,0.9933
SocialBehavioralAutism_3_18,SB,MixedASDwithDelay_5_155,MX,0.6495
SocialBehavioralAutism_3_19,SB,MixedASDwithDelay_2_5,MX,0.99
SocialBehavioralAutism_3_19,SB,MixedASDwithDelay_4_39,MX,0.5799
SocialBehavioralAutism_3_20,SB,MixedASDwithDelay_5_153,MX,0.9825
SocialBehavioralAutism_3_20,SB,MixedASDwithDelay_5_155,MX,0.9252
SocialBehavioralAutism_3_22,SB,MixedASDwithDelay_2_14,MX,0.9223
SocialBehavioralAutism_3_22,SB,MixedASDwithDelay_4_60,MX,0.9918
SocialBehavioralAutism_3_22,SB,MixedASDwithDelay_4_75,MX,0.9294
SocialBehavioralAutism_3_22,SB,MixedASDwithDelay_5_157,MX,0.8985
SocialBehavioralAutism_3_25,SB,MixedASDwithDelay_1_3,MX,0.9622
SocialBehavioralAutism_3_25,SB,MixedASDwithDelay_3_32,MX,0.9982
SocialBehavioralAutism_3_25,SB,MixedASDwithDelay_4_39,MX,0.983
SocialBehavioralAutism_3_25,SB,MixedASDwithDelay_4_52,MX,0.6699
SocialBehavioralAutism_3_25,SB,MixedASDwithDelay_4_59,MX,0.5621
SocialBehavioralAutism_3_25,SB,MixedASDwithDelay_4_62,MX,0.7137
SocialBehavioralAutism_3_25,SB,MixedASDwithDelay_5_114,MX,0.9835
SocialBehavioralAutism_3_25,SB,MixedASDwithDelay_5_155,MX,0.9034
SocialBehavioralAutism_3_25,SB,MixedASDwithDelay_6_185,MX,0.991
SocialBehavioralAutism_3_30,SB,MixedASDwithDelay_2_14,MX,0.63
SocialBehavioralAutism_3_30,SB,MixedASDwithDelay_3_18,MX,0.9841
SocialBehavioralAutism_3_30,SB,MixedASDwithDelay_4_60,MX,0.9863
SocialBehavioralAutism_3_30,SB,MixedASDwithDelay_4_75,MX,0.9397
SocialBehavioralAutism_3_32,SB,MixedASDwithDelay_3_27,MX,0.9844
SocialBehavioralAutism_3_32,SB,MixedASDwithDelay_4_63,MX,0.6544
SocialBehavioralAutism_3_32,SB,MixedASDwithDelay_5_132,MX,0.9946
SocialBehavioralAutism_3_32,SB,MixedASDwithDelay_6_217,MX,0.9825
SocialBehavioralAutism_4_36,SB,MixedASDwithDelay_4_48,MX,0.996
SocialBehavioralAutism_4_38,SB,MixedASDwithDelay_3_17,MX,0.9518
SocialBehavioralAutism_4_38,SB,MixedASDwithDelay_4_60,MX,0.9902
SocialBehavioralAutism_4_38,SB,MixedASDwithDelay_5_145,MX,0.9703
SocialBehavioralAutism_4_39,SB,MixedASDwithDelay_2_6,MX,0.8315
SocialBehavioralAutism_4_39,SB,MixedASDwithDelay_2_13,MX,0.9977
SocialBehavioralAutism_4_39,SB,MixedASDwithDelay_3_27,MX,0.9698
SocialBehavioralAutism_4_39,SB,MixedASDwithDelay_4_63,MX,0.832
SocialBehavioralAutism_4_39,SB,MixedASDwithDelay_4_76,MX,0.6782
SocialBehavioralAutism_4_39,SB,MixedASDwithDelay_5_87,MX,0.6243
SocialBehavioralAutism_4_39,SB,MixedASDwithDelay_5_114,MX,0.979
SocialBehavioralAutism_4_39,SB,MixedASDwithDelay_6_181,MX,0.9728
SocialBehavioralAutism_4_41,SB,MixedASDwithDelay_2_11,MX,0.9892
SocialBehavioralAutism_4_42,SB,MixedASDwithDelay_1_3,MX,0.7907
SocialBehavioralAutism_4_42,SB,MixedASDwithDelay_3_32,MX,0.9895
SocialBehavioralAutism_4_45,SB,MixedASDwithDelay_2_13,MX,0.6715
SocialBehavioralAutism_4_45,SB,MixedASDwithDelay_5_87,MX,0.9897
SocialBehavioralAutism_4_45,SB,MixedASDwithDelay_5_102,MX,0.8324
SocialBehavioralAutism_4_45,SB,MixedASDwithDelay_5_144,MX,0.9631
SocialBehavioralAutism_4_45,SB,MixedASDwithDelay_6_229,MX,0.9613
SocialBehavioralAutism_4_47,SB,MixedASDwithDelay_3_32,MX,0.9867
SocialBehavioralAutism_4_47,SB,MixedASDwithDelay_4_59,MX,0.9769
SocialBehavioralAutism_4_47,SB,MixedASDwithDelay_4_62,MX,0.9383
SocialBehavioralAutism_4_47,SB,MixedASDwithDelay_5_114,MX,0.9892
SocialBehavioralAutism_4_47,SB,MixedASDwithDelay_5_116,MX,0.8604
SocialBehavioralAutism_4_47,SB,MixedASDwithDelay_5_153,MX,0.9926
SocialBehavioralAutism_4_47,SB,MixedASDwithDelay_6_179,MX,0.9922
SocialBehavioralAutism_4_48,SB,MixedASDwithDelay_5_148,MX,0.9935
SocialBehavioralAutism_4_48,SB,MixedASDwithDelay_5_161,MX,0.9936
SocialBehavioralAutism_4_49,SB,MixedASDwithDelay_6_209,MX,0.9338
SocialBehavioralAutism_4_50,SB,MixedASDwithDelay_1_1,MX,0.9963
SocialBehavioralAutism_4_50,SB,MixedASDwithDelay_4_66,MX,0.5559
SocialBehavioralAutism_4_50,SB,MixedASDwithDelay_4_72,MX,0.9414
SocialBehavioralAutism_4_50,SB,MixedASDwithDelay_5_134,MX,0.7265
SocialBehavioralAutism_4_52,SB,MixedASDwithDelay_3_16,MX,0.9728
SocialBehavioralAutism_4_52,SB,MixedASDwithDelay_6_198,MX,0.6037
SocialBehavioralAutism_4_53,SB,MixedASDwithDelay_5_102,MX,0.9785
SocialBehavioralAutism_4_53,SB,MixedASDwithDelay_5_144,MX,0.98
SocialBehavioralAutism_4_55,SB,MixedASDwithDelay_3_26,MX,0.9962
SocialBehavioralAutism_4_55,SB,MixedASDwithDelay_4_46,MX,0.9799
SocialBehavioralAutism_4_55,SB,MixedASDwithDelay_4_58,MX,0.9968
SocialBehavioralAutism_4_55,SB,MixedASDwithDelay_4_68,MX,0.9963
SocialBehavioralAutism_4_55,SB,MixedASDwithDelay_4_71,MX,0.9566
SocialBehavioralAutism_4_55,SB,MixedASDwithDelay_6_189,MX,0.8463
SocialBehavioralAutism_4_56,SB,MixedASDwithDelay_6_189,MX,0.9324
SocialBehavioralAutism_4_56,SB,MixedASDwithDelay_6_195,MX,0.7188
SocialBehavioralAutism_4_56,SB,MixedASDwithDelay_6_198,MX,0.9809
SocialBehavioralAutism_4_56,SB,MixedASDwithDelay_6_205,MX,0.5707
SocialBehavioralAutism_4_57,SB,MixedASDwithDelay_4_59,MX,0.9979
SocialBehavioralAutism_4_57,SB,MixedASDwithDelay_4_62,MX,0.9833
SocialBehavioralAutism_4_57,SB,MixedASDwithDelay_5_96,MX,0.9728
SocialBehavioralAutism_4_57,SB,MixedASDwithDelay_5_114,MX,0.6825
SocialBehavioralAutism_4_57,SB,MixedASDwithDelay_5_116,MX,0.9959
SocialBehavioralAutism_4_57,SB,MixedASDwithDelay_5_153,MX,0.9954
SocialBehavioralAutism_4_57,SB,MixedASDwithDelay_5_155,MX,0.5803
SocialBehavioralAutism_4_57,SB,MixedASDwithDelay_6_179,MX,0.9951
SocialBehavioralAutism_4_57,SB,MixedASDwithDelay_6_190,MX,0.9955
SocialBehavioralAutism_4_58,SB,MixedASDwithDelay_3_18,MX,0.9763
SocialBehavioralAutism_4_58,SB,MixedASDwithDelay_3_23,MX,0.9978
SocialBehavioralAutism_4_58,SB,MixedASDwithDelay_3_25,MX,0.9812
SocialBehavioralAutism_4_58,SB,MixedASDwithDelay_4_75,MX,0.9792
SocialBehavioralAutism_4_58,SB,MixedASDwithDelay_5_115,MX,0.9945
SocialBehavioralAutism_4_58,SB,MixedASDwithDelay_5_157,MX,0.9833
SocialBehavioralAutism_4_58,SB,MixedASDwithDelay_6_174,MX,0.9839
SocialBehavioralAutism_4_59,SB,MixedASDwithDelay_4_76,MX,0.9927
SocialBehavioralAutism_4_59,SB,MixedASDwithDelay_5_88,MX,0.9928
SocialBehavioralAutism_4_59,SB,MixedASDwithDelay_5_130,MX,0.9626
SocialBehavioralAutism_4_59,SB,MixedASDwithDelay_5_139,MX,0.9959
SocialBehavioralAutism_4_60,SB,MixedASDwithDelay_4_46,MX,0.9922
SocialBehavioralAutism_4_60,SB,MixedASDwithDelay_4_63,MX,0.5503
SocialBehavioralAutism_4_60,SB,MixedASDwithDelay_4_68,MX,0.7244
SocialBehavioralAutism_4_60,SB,MixedASDwithDelay_5_109,MX,0.996
SocialBehavioralAutism_4_62,SB,MixedASDwithDelay_4_76,MX,0.9811
SocialBehavioralAutism_4_62,SB,MixedASDwithDelay_5_88,MX,0.8261
SocialBehavioralAutism_4_62,SB,MixedASDwithDelay_5_113,MX,0.7544
SocialBehavioralAutism_4_62,SB,MixedASDwithDelay_5_130,MX,0.9559
SocialBehavioralAutism_4_63,SB,MixedASDwithDelay_3_27,MX,0.8287
SocialBehavioralAutism_4_63,SB,MixedASDwithDelay_5_87,MX,0.6959
SocialBehavioralAutism_4_63,SB,MixedASDwithDelay_5_155,MX,0.9829
SocialBehavioralAutism_4_65,SB,MixedASDwithDelay_2_5,MX,0.7381
SocialBehavioralAutism_4_65,SB,MixedASDwithDelay_4_39,MX,0.6804
SocialBehavioralAutism_4_65,SB,MixedASDwithDelay_6_198,MX,0.9829
SocialBehavioralAutism_4_67,SB,MixedASDwithDelay_3_27,MX,0.9946
SocialBehavioralAutism_4_67,SB,MixedASDwithDelay_3_32,MX,0.5514
SocialBehavioralAutism_4_67,SB,MixedASDwithDelay_4_63,MX,0.9727
SocialBehavioralAutism_4_67,SB,MixedASDwithDelay_5_132,MX,0.9836
SocialBehavioralAutism_4_67,SB,MixedASDwithDelay_5_134,MX,0.9905
SocialBehavioralAutism_4_67,SB,MixedASDwithDelay_6_217,MX,0.9922
SocialBehavioralAutism_4_68,SB,MixedASDwithDelay_3_32,MX,0.9846
SocialBehavioralAutism_4_68,SB,MixedASDwithDelay_4_52,MX,0.665
SocialBehavioralAutism_4_68,SB,MixedASDwithDelay_4_63,MX,0.9626
SocialBehavioralAutism_4_68,SB,MixedASDwithDelay_5_114,MX,0.9927
SocialBehavioralAutism_4_68,SB,MixedASDwithDelay_5_141,MX,0.9635
SocialBehavioralAutism_4_68,SB,MixedASDwithDelay_5_153,MX,0.9901
SocialBehavioralAutism_4_68,SB,MixedASDwithDelay_5_155,MX,0.9599
SocialBehavioralAutism_4_68,SB,MixedASDwithDelay_6_179,MX,0.8971
SocialBehavioralAutism_4_68,SB,MixedASDwithDelay_6_232,MX,0.5805
SocialBehavioralAutism_4_69,SB,MixedASDwithDelay_2_5,MX,0.947
SocialBehavioralAutism_4_69,SB,MixedASDwithDelay_3_32,MX,0.9891
SocialBehavioralAutism_4_69,SB,MixedASDwithDelay_4_39,MX,0.9799
SocialBehavioralAutism_4_69,SB,MixedASDwithDelay_4_59,MX,0.9689
SocialBehavioralAutism_4_69,SB,MixedASDwithDelay_4_62,MX,0.9821
SocialBehavioralAutism_4_69,SB,MixedASDwithDelay_4_63,MX,0.5852
SocialBehavioralAutism_4_69,SB,MixedASDwithDelay_5_96,MX,0.9404
SocialBehavioralAutism_4_69,SB,MixedASDwithDelay_5_114,MX,0.976
SocialBehavioralAutism_4_69,SB,MixedASDwithDelay_5_153,MX,0.9933
SocialBehavioralAutism_4_69,SB,MixedASDwithDelay_5_155,MX,0.9789
SocialBehavioralAutism_4_69,SB,MixedASDwithDelay_6_179,MX,0.9932
SocialBehavioralAutism_4_69,SB,MixedASDwithDelay_6_185,MX,0.9784
SocialBehavioralAutism_4_70,SB,MixedASDwithDelay_6_189,MX,0.9771
SocialBehavioralAutism_4_70,SB,MixedASDwithDelay_6_195,MX,0.971
SocialBehavioralAutism_5_74,SB,MixedASDwithDelay_4_51,MX,0.7145
SocialBehavioralAutism_5_75,SB,MixedASDwithDelay_4_73,MX,0.5732
SocialBehavioralAutism_5_75,SB,MixedASDwithDelay_5_135,MX,0.9863
SocialBehavioralAutism_5_76,SB,MixedASDwithDelay_1_1,MX,0.9899
SocialBehavioralAutism_5_76,SB,MixedASDwithDelay_4_66,MX,0.9281
SocialBehavioralAutism_5_76,SB,MixedASDwithDelay_4_72,MX,0.9415
SocialBehavioralAutism_5_76,SB,MixedASDwithDelay_5_96,MX,0.6149
SocialBehavioralAutism_5_76,SB,MixedASDwithDelay_5_143,MX,0.9958
SocialBehavioralAutism_5_77,SB,MixedASDwithDelay_1_1,MX,0.7874
SocialBehavioralAutism_5_77,SB,MixedASDwithDelay_4_66,MX,0.9973
SocialBehavioralAutism_5_77,SB,MixedASDwithDelay_4_72,MX,0.9893
SocialBehavioralAutism_5_77,SB,MixedASDwithDelay_5_143,MX,0.5833
SocialBehavioralAutism_5_80,SB,MixedASDwithDelay_4_68,MX,0.9641
SocialBehavioralAutism_5_80,SB,MixedASDwithDelay_4_71,MX,0.9202
SocialBehavioralAutism_5_80,SB,MixedASDwithDelay_5_117,MX,0.9764
SocialBehavioralAutism_5_80,SB,MixedASDwithDelay_5_137,MX,0.6228
SocialBehavioralAutism_5_80,SB,MixedASDwithDelay_6_202,MX,0.9145
SocialBehavioralAutism_5_82,SB,MixedASDwithDelay_4_64,MX,0.9971
SocialBehavioralAutism_5_82,SB,MixedASDwithDelay_5_136,MX,0.9413
SocialBehavioralAutism_5_86,SB,MixedASDwithDelay_4_59,MX,0.9933
SocialBehavioralAutism_5_86,SB,MixedASDwithDelay_4_62,MX,0.9782
SocialBehavioralAutism_5_86,SB,MixedASDwithDelay_5_96,MX,0.556
SocialBehavioralAutism_5_86,SB,MixedASDwithDelay_5_114,MX,0.6528
SocialBehavioralAutism_5_86,SB,MixedASDwithDelay_5_116,MX,0.9684
SocialBehavioralAutism_5_86,SB,MixedASDwithDelay_5_153,MX,0.9864
SocialBehavioralAutism_5_86,SB,MixedASDwithDelay_5_155,MX,0.9914
SocialBehavioralAutism_5_86,SB,MixedASDwithDelay_6_179,MX,0.997
SocialBehavioralAutism_5_86,SB,MixedASDwithDelay_6_189,MX,0.6666
SocialBehavioralAutism_5_86,SB,MixedASDwithDelay_6_190,MX,0.9966
SocialBehavioralAutism_5_89,SB,MixedASDwithDelay_4_64,MX,0.9259
SocialBehavioralAutism_5_89,SB,MixedASDwithDelay_4_73,MX,0.8419
SocialBehavioralAutism_5_89,SB,MixedASDwithDelay_5_88,MX,0.988
SocialBehavioralAutism_5_89,SB,MixedASDwithDelay_5_130,MX,0.9794
SocialBehavioralAutism_5_89,SB,MixedASDwithDelay_5_139,MX,0.9863
SocialBehavioralAutism_5_96,SB,MixedASDwithDelay_5_87,MX,0.9
SocialBehavioralAutism_5_96,SB,MixedASDwithDelay_5_102,MX,0.9931
SocialBehavioralAutism_5_96,SB,MixedASDwithDelay_5_144,MX,0.9779
SocialBehavioralAutism_5_96,SB,MixedASDwithDelay_6_229,MX,0.9779
SocialBehavioralAutism_5_97,SB,MixedASDwithDelay_5_108,MX,0.9862
SocialBehavioralAutism_5_97,SB,MixedASDwithDelay_5_143,MX,0.7069
SocialBehavioralAutism_5_97,SB,MixedASDwithDelay_6_189,MX,0.965
SocialBehavioralAutism_5_97,SB,MixedASDwithDelay_6_198,MX,0.989
SocialBehavioralAutism_5_98,SB,MixedASDwithDelay_6_209,MX,0.9977
SocialBehavioralAutism_5_100,SB,MixedASDwithDelay_5_129,MX,0.9914
SocialBehavioralAutism_5_100,SB,MixedASDwithDelay_5_139,MX,0.736
SocialBehavioralAutism_5_100,SB,MixedASDwithDelay_5_155,MX,0.9632
SocialBehavioralAutism_5_100,SB,MixedASDwithDelay_6_217,MX,0.9584
SocialBehavioralAutism_5_101,SB,MixedASDwithDelay_2_6,MX,0.9923
SocialBehavioralAutism_5_101,SB,MixedASDwithDelay_4_73,MX,0.9893
SocialBehavioralAutism_5_101,SB,MixedASDwithDelay_5_135,MX,0.9938
SocialBehavioralAutism_5_103,SB,MixedASDwithDelay_4_44,MX,0.9921
SocialBehavioralAutism_5_115,SB,MixedASDwithDelay_2_13,MX,0.9795
SocialBehavioralAutism_5_115,SB,MixedASDwithDelay_5_87,MX,0.9839
SocialBehavioralAutism_5_115,SB,MixedASDwithDelay_6_229,MX,0.9109
SocialBehavioralAutism_5_116,SB,MixedASDwithDelay_4_51,MX,0.9934
SocialBehavioralAutism_5_119,SB,MixedASDwithDelay_3_25,MX,0.9665
SocialBehavioralAutism_5_119,SB,MixedASDwithDelay_3_31,MX,0.9953
SocialBehavioralAutism_5_119,SB,MixedASDwithDelay_4_41,MX,0.9673
SocialBehavioralAutism_5_119,SB,MixedASDwithDelay_4_75,MX,0.8572
SocialBehavioralAutism_5_120,SB,MixedASDwithDelay_5_141,MX,0.9396
SocialBehavioralAutism_5_120,SB,MixedASDwithDelay_6_232,MX,0.9772
SocialBehavioralAutism_5_122,SB,MixedASDwithDelay_6_174,MX,0.5666
SocialBehavioralAutism_5_122,SB,MixedASDwithDelay_6_217,MX,0.9044
SocialBehavioralAutism_5_123,SB,MixedASDwithDelay_5_110,MX,0.9727
SocialBehavioralAutism_5_123,SB,MixedASDwithDelay_5_141,MX,0.9976
SocialBehavioralAutism_5_123,SB,MixedASDwithDelay_6_231,MX,0.5747
SocialBehavioralAutism_5_123,SB,MixedASDwithDelay_6_232,MX,0.6562
SocialBehavioralAutism_5_127,SB,MixedASDwithDelay_3_32,MX,0.5841
SocialBehavioralAutism_5_127,SB,MixedASDwithDelay_6_190,MX,0.8173
SocialBehavioralAutism_5_129,SB,MixedASDwithDelay_2_11,MX,0.9968
SocialBehavioralAutism_5_129,SB,MixedASDwithDelay_3_17,MX,0.8272
SocialBehavioralAutism_5_129,SB,MixedASDwithDelay_5_96,MX,0.9864
SocialBehavioralAutism_5_131,SB,MixedASDwithDelay_5_139,MX,0.9845
SocialBehavioralAutism_5_134,SB,MixedASDwithDelay_5_148,MX,0.9813
SocialBehavioralAutism_5_134,SB,MixedASDwithDelay_5_161,MX,0.9936
SocialBehavioralAutism_5_138,SB,MixedASDwithDelay_5_105,MX,0.9653
SocialBehavioralAutism_5_138,SB,MixedASDwithDelay_6_189,MX,0.9921
SocialBehavioralAutism_5_138,SB,MixedASDwithDelay_6_195,MX,0.9964
SocialBehavioralAutism_5_138,SB,MixedASDwithDelay_6_198,MX,0.9846
SocialBehavioralAutism_5_138,SB,MixedASDwithDelay_6_204,MX,0.7719
SocialBehavioralAutism_5_138,SB,MixedASDwithDelay_6_205,MX,0.9892
SocialBehavioralAutism_5_138,SB,MixedASDwithDelay_6_212,MX,0.994
SocialBehavioralAutism_5_139,SB,MixedASDwithDelay_5_107,MX,0.9902
SocialBehavioralAutism_5_139,SB,MixedASDwithDelay_6_200,MX,0.6906
SocialBehavioralAutism_5_140,SB,MixedASDwithDelay_5_117,MX,0.9874
SocialBehavioralAutism_5_140,SB,MixedASDwithDelay_5_137,MX,0.9799
SocialBehavioralAutism_5_140,SB,MixedASDwithDelay_6_180,MX,0.8288
SocialBehavioralAutism_5_142,SB,MixedASDwithDelay_5_153,MX,0.9767
SocialBehavioralAutism_5_142,SB,MixedASDwithDelay_6_190,MX,0.974
SocialBehavioralAutism_5_142,SB,MixedASDwithDelay_6_220,MX,0.8918
SocialBehavioralAutism_5_145,SB,MixedASDwithDelay_6_172,MX,0.9963
SocialBehavioralAutism_5_151,SB,MixedASDwithDelay_5_117,MX,0.9969
SocialBehavioralAutism_5_151,SB,MixedASDwithDelay_5_137,MX,0.9204
SocialBehavioralAutism_5_151,SB,MixedASDwithDelay_6_180,MX,0.9297
SocialBehavioralAutism_5_152,SB,MixedASDwithDelay_6_222,MX,0.874
SocialBehavioralAutism_5_155,SB,MixedASDwithDelay_5_134,MX,0.9935
SocialBehavioralAutism_5_156,SB,MixedASDwithDelay_3_32,MX,0.9393
SocialBehavioralAutism_5_156,SB,MixedASDwithDelay_4_39,MX,0.553
SocialBehavioralAutism_5_156,SB,MixedASDwithDelay_4_59,MX,0.9938
SocialBehavioralAutism_5_156,SB,MixedASDwithDelay_4_62,MX,0.995
SocialBehavioralAutism_5_156,SB,MixedASDwithDelay_5_96,MX,0.992
SocialBehavioralAutism_5_156,SB,MixedASDwithDelay_5_116,MX,0.9956
SocialBehavioralAutism_5_156,SB,MixedASDwithDelay_5_124,MX,0.6462
SocialBehavioralAutism_5_156,SB,MixedASDwithDelay_5_153,MX,0.9972
SocialBehavioralAutism_5_156,SB,MixedASDwithDelay_6_179,MX,0.9356
SocialBehavioralAutism_5_156,SB,MixedASDwithDelay_6_185,MX,0.5869
SocialBehavioralAutism_5_156,SB,MixedASDwithDelay_6_189,MX,0.9294
SocialBehavioralAutism_5_156,SB,MixedASDwithDelay_6_190,MX,0.9964
SocialBehavioralAutism_5_156,SB,MixedASDwithDelay_6_195,MX,0.8236
SocialBehavioralAutism_5_156,SB,MixedASDwithDelay_6_226,MX,0.8169
SocialBehavioralAutism_5_163,SB,MixedASDwithDelay_4_64,MX,0.812
SocialBehavioralAutism_5_163,SB,MixedASDwithDelay_5_161,MX,0.9948
SocialBehavioralAutism_5_163,SB,MixedASDwithDelay_6_237,MX,0.554
SocialBehavioralAutism_5_164,SB,MixedASDwithDelay_6_189,MX,0.6974
SocialBehavioralAutism_5_166,SB,MixedASDwithDelay_2_7,MX,0.99
SocialBehavioralAutism_5_166,SB,MixedASDwithDelay_2_14,MX,0.9859
SocialBehavioralAutism_5_166,SB,MixedASDwithDelay_3_25,MX,0.9936
SocialBehavioralAutism_5_166,SB,MixedASDwithDelay_4_41,MX,0.9861
SocialBehavioralAutism_5_166,SB,MixedASDwithDelay_6_174,MX,0.5558
SocialBehavioralAutism_5_166,SB,MixedASDwithDelay_6_217,MX,0.9455
SocialBehavioralAutism_5_167,SB,MixedASDwithDelay_4_47,MX,0.8228
SocialBehavioralAutism_5_167,SB,MixedASDwithDelay_5_135,MX,0.9079
SocialBehavioralAutism_5_174,SB,MixedASDwithDelay_1_3,MX,0.9589
SocialBehavioralAutism_5_177,SB,MixedASDwithDelay_5_107,MX,0.9972
SocialBehavioralAutism_5_177,SB,MixedASDwithDelay_6_200,MX,0.982
SocialBehavioralAutism_5_178,SB,MixedASDwithDelay_6_167,MX,0.9769
SocialBehavioralAutism_5_179,SB,MixedASDwithDelay_1_3,MX,0.9848
SocialBehavioralAutism_5_179,SB,MixedASDwithDelay_3_32,MX,0.996
SocialBehavioralAutism_5_179,SB,MixedASDwithDelay_4_63,MX,0.9569
SocialBehavioralAutism_5_179,SB,MixedASDwithDelay_4_73,MX,0.9617
SocialBehavioralAutism_5_179,SB,MixedASDwithDelay_5_139,MX,0.9268
SocialBehavioralAutism_5_179,SB,MixedASDwithDelay_5_155,MX,0.6233
SocialBehavioralAutism_6_183,SB,MixedASDwithDelay_2_14,MX,0.5617
SocialBehavioralAutism_6_183,SB,MixedASDwithDelay_3_25,MX,0.7999
SocialBehavioralAutism_6_183,SB,MixedASDwithDelay_3_31,MX,0.5748
SocialBehavioralAutism_6_183,SB,MixedASDwithDelay_4_41,MX,0.9888
SocialBehavioralAutism_6_183,SB,MixedASDwithDelay_4_75,MX,0.9861
SocialBehavioralAutism_6_183,SB,MixedASDwithDelay_5_157,MX,0.998
SocialBehavioralAutism_6_184,SB,MixedASDwithDelay_5_97,MX,0.9978
SocialBehavioralAutism_6_184,SB,MixedASDwithDelay_5_110,MX,0.8195
SocialBehavioralAutism_6_184,SB,MixedASDwithDelay_5_150,MX,0.9983
SocialBehavioralAutism_6_187,SB,MixedASDwithDelay_4_40,MX,0.5963
SocialBehavioralAutism_6_187,SB,MixedASDwithDelay_4_71,MX,0.9819
SocialBehavioralAutism_6_187,SB,MixedASDwithDelay_6_197,MX,0.9772
SocialBehavioralAutism_6_187,SB,MixedASDwithDelay_6_215,MX,0.9793
SocialBehavioralAutism_6_192,SB,MixedASDwithDelay_3_18,MX,0.6431
SocialBehavioralAutism_6_192,SB,MixedASDwithDelay_3_27,MX,0.5973
SocialBehavioralAutism_6_192,SB,MixedASDwithDelay_3_32,MX,0.8347
SocialBehavioralAutism_6_192,SB,MixedASDwithDelay_4_39,MX,0.6371
SocialBehavioralAutism_6_192,SB,MixedASDwithDelay_5_147,MX,0.5549
SocialBehavioralAutism_6_192,SB,MixedASDwithDelay_6_217,MX,0.9495
SocialBehavioralAutism_6_194,SB,MixedASDwithDelay_2_6,MX,0.9912
SocialBehavioralAutism_6_194,SB,MixedASDwithDelay_5_135,MX,0.9015
SocialBehavioralAutism_6_194,SB,MixedASDwithDelay_5_136,MX,0.976
SocialBehavioralAutism_6_195,SB,MixedASDwithDelay_4_40,MX,0.7923
SocialBehavioralAutism_6_195,SB,MixedASDwithDelay_4_71,MX,0.9632
SocialBehavioralAutism_6_195,SB,MixedASDwithDelay_5_149,MX,0.5556
SocialBehavioralAutism_6_195,SB,MixedASDwithDelay_6_197,MX,0.612
SocialBehavioralAutism_6_195,SB,MixedASDwithDelay_6_215,MX,0.998
SocialBehavioralAutism_6_196,SB,MixedASDwithDelay_6_200,MX,0.9759
SocialBehavioralAutism_6_197,SB,MixedASDwithDelay_6_222,MX,0.9456
SocialBehavioralAutism_6_197,SB,MixedASDwithDelay_6_237,MX,0.9964
SocialBehavioralAutism_6_199,SB,MixedASDwithDelay_2_14,MX,0.9467
SocialBehavioralAutism_6_199,SB,MixedASDwithDelay_3_23,MX,0.7808
SocialBehavioralAutism_6_199,SB,MixedASDwithDelay_3_25,MX,0.9959
SocialBehavioralAutism_6_199,SB,MixedASDwithDelay_3_35,MX,0.8865
SocialBehavioralAutism_6_199,SB,MixedASDwithDelay_4_41,MX,0.9941
SocialBehavioralAutism_6_199,SB,MixedASDwithDelay_4_65,MX,0.9212
SocialBehavioralAutism_6_199,SB,MixedASDwithDelay_4_75,MX,0.6481
SocialBehavioralAutism_6_199,SB,MixedASDwithDelay_6_174,MX,0.6994
SocialBehavioralAutism_6_200,SB,MixedASDwithDelay_4_53,MX,0.5565
SocialBehavioralAutism_6_201,SB,MixedASDwithDelay_1_2,MX,0.7881
SocialBehavioralAutism_6_207,SB,MixedASDwithDelay_4_68,MX,0.9102
SocialBehavioralAutism_6_211,SB,MixedASDwithDelay_3_26,MX,0.9793
SocialBehavioralAutism_6_211,SB,MixedASDwithDelay_4_58,MX,0.929
SocialBehavioralAutism_6_211,SB,MixedASDwithDelay_5_135,MX,0.9846
SocialBehavioralAutism_6_213,SB,MixedASDwithDelay_4_73,MX,0.6388
SocialBehavioralAutism_6_213,SB,MixedASDwithDelay_5_135,MX,0.605
SocialBehavioralAutism_6_213,SB,MixedASDwithDelay_5_139,MX,0.9576
SocialBehavioralAutism_6_213,SB,MixedASDwithDelay_6_193,MX,0.9927
SocialBehavioralAutism_6_215,SB,MixedASDwithDelay_4_76,MX,0.9815
SocialBehavioralAutism_6_215,SB,MixedASDwithDelay_5_87,MX,0.9867
SocialBehavioralAutism_6_216,SB,MixedASDwithDelay_5_102,MX,0.9923
SocialBehavioralAutism_6_216,SB,MixedASDwithDelay_5_144,MX,0.9922
SocialBehavioralAutism_6_219,SB,MixedASDwithDelay_2_6,MX,0.923
SocialBehavioralAutism_6_219,SB,MixedASDwithDelay_3_25,MX,0.5904
SocialBehavioralAutism_6_219,SB,MixedASDwithDelay_3_35,MX,0.9737
SocialBehavioralAutism_6_219,SB,MixedASDwithDelay_5_128,MX,0.9379
SocialBehavioralAutism_6_223,SB,MixedASDwithDelay_3_25,MX,0.6452
SocialBehavioralAutism_6_223,SB,MixedASDwithDelay_5_98,MX,0.9853
SocialBehavioralAutism_6_223,SB,MixedASDwithDelay_5_145,MX,0.9884
SocialBehavioralAutism_6_223,SB,MixedASDwithDelay_5_147,MX,0.9937
SocialBehavioralAutism_6_223,SB,MixedASDwithDelay_6_165,MX,0.7808
SocialBehavioralAutism_6_223,SB,MixedASDwithDelay_6_185,MX,0.6729
SocialBehavioralAutism_6_223,SB,MixedASDwithDelay_6_193,MX,0.9665
SocialBehavioralAutism_6_223,SB,MixedASDwithDelay_6_232,MX,0.5873
SocialBehavioralAutism_6_224,SB,MixedASDwithDelay_6_178,MX,0.9975
SocialBehavioralAutism_6_225,SB,MixedASDwithDelay_2_5,MX,0.6525
SocialBehavioralAutism_6_225,SB,MixedASDwithDelay_4_59,MX,0.9846
SocialBehavioralAutism_6_225,SB,MixedASDwithDelay_4_62,MX,0.973
SocialBehavioralAutism_6_225,SB,MixedASDwithDelay_5_96,MX,0.5628
SocialBehavioralAutism_6_225,SB,MixedASDwithDelay_5_114,MX,0.9616
SocialBehavioralAutism_6_225,SB,MixedASDwithDelay_5_116,MX,0.9654
SocialBehavioralAutism_6_225,SB,MixedASDwithDelay_5_149,MX,0.648
SocialBehavioralAutism_6_225,SB,MixedASDwithDelay_5_153,MX,0.9719
SocialBehavioralAutism_6_225,SB,MixedASDwithDelay_5_155,MX,0.9973
SocialBehavioralAutism_6_225,SB,MixedASDwithDelay_6_179,MX,0.9815
SocialBehavioralAutism_6_225,SB,MixedASDwithDelay_6_189,MX,0.6369
SocialBehavioralAutism_6_225,SB,MixedASDwithDelay_6_190,MX,0.9958
SocialBehavioralAutism_6_226,SB,MixedASDwithDelay_3_19,MX,0.9616
SocialBehavioralAutism_1_1,SB,ModerateAutism_1_1,MO,0.9975
SocialBehavioralAutism_1_2,SB,ModerateAutism_1_2,MO,0.9971
SocialBehavioralAutism_1_2,SB,ModerateAutism_2_13,MO,0.6082
SocialBehavioralAutism_1_2,SB,ModerateAutism_4_51,MO,0.8892
SocialBehavioralAutism_1_2,SB,ModerateAutism_4_61,MO,0.866
SocialBehavioralAutism_1_2,SB,ModerateAutism_4_67,MO,0.9864
SocialBehavioralAutism_1_2,SB,ModerateAutism_5_93,MO,0.9872
SocialBehavioralAutism_1_2,SB,ModerateAutism_5_114,MO,0.9665
SocialBehavioralAutism_1_2,SB,ModerateAutism_5_115,MO,0.9905
SocialBehavioralAutism_1_2,SB,ModerateAutism_5_136,MO,0.9814
SocialBehavioralAutism_1_2,SB,ModerateAutism_5_137,MO,0.8152
SocialBehavioralAutism_1_2,SB,ModerateAutism_6_227,MO,0.6516
SocialBehavioralAutism_1_2,SB,ModerateAutism_6_235,MO,0.9825
SocialBehavioralAutism_2_5,SB,ModerateAutism_5_114,MO,0.9697
SocialBehavioralAutism_2_6,SB,ModerateAutism_2_5,MO,0.7353
SocialBehavioralAutism_2_6,SB,ModerateAutism_4_86,MO,0.5941
SocialBehavioralAutism_2_7,SB,ModerateAutism_1_3,MO,0.9973
SocialBehavioralAutism_2_7,SB,ModerateAutism_2_13,MO,0.9874
SocialBehavioralAutism_2_7,SB,ModerateAutism_3_16,MO,0.6004
SocialBehavioralAutism_2_7,SB,ModerateAutism_4_45,MO,0.8716
SocialBehavioralAutism_2_7,SB,ModerateAutism_4_56,MO,0.9497
SocialBehavioralAutism_2_7,SB,ModerateAutism_5_110,MO,0.9975
SocialBehavioralAutism_2_7,SB,ModerateAutism_5_203,MO,0.9725
SocialBehavioralAutism_2_8,SB,ModerateAutism_2_7,MO,0.9416
SocialBehavioralAutism_2_8,SB,ModerateAutism_5_164,MO,0.6427
SocialBehavioralAutism_2_10,SB,ModerateAutism_5_142,MO,0.5548
SocialBehavioralAutism_2_12,SB,ModerateAutism_5_142,MO,0.9256
SocialBehavioralAutism_3_18,SB,ModerateAutism_4_47,MO,0.6196
SocialBehavioralAutism_3_18,SB,ModerateAutism_4_79,MO,0.5653
SocialBehavioralAutism_3_18,SB,ModerateAutism_5_92,MO,0.6417
SocialBehavioralAutism_3_20,SB,ModerateAutism_1_3,MO,0.6259
SocialBehavioralAutism_3_20,SB,ModerateAutism_3_20,MO,0.5647
SocialBehavioralAutism_3_20,SB,ModerateAutism_5_94,MO,0.6801
SocialBehavioralAutism_3_20,SB,ModerateAutism_5_149,MO,0.9419
SocialBehavioralAutism_3_20,SB,ModerateAutism_6_220,MO,0.7536
SocialBehavioralAutism_3_20,SB,ModerateAutism_6_233,MO,0.9236
SocialBehavioralAutism_3_22,SB,ModerateAutism_3_29,MO,0.9849
SocialBehavioralAutism_3_22,SB,ModerateAutism_4_58,MO,0.9959
SocialBehavioralAutism_3_22,SB,ModerateAutism_5_145,MO,0.9818
SocialBehavioralAutism_3_22,SB,ModerateAutism_5_158,MO,0.9758
SocialBehavioralAutism_3_22,SB,ModerateAutism_5_172,MO,0.9957
SocialBehavioralAutism_3_22,SB,ModerateAutism_6_221,MO,0.9865
SocialBehavioralAutism_3_25,SB,ModerateAutism_1_3,MO,0.9776
SocialBehavioralAutism_3_25,SB,ModerateAutism_2_13,MO,0.9936
SocialBehavioralAutism_3_25,SB,ModerateAutism_3_20,MO,0.9827
SocialBehavioralAutism_3_25,SB,ModerateAutism_3_31,MO,0.9855
SocialBehavioralAutism_3_25,SB,ModerateAutism_4_45,MO,0.9856
SocialBehavioralAutism_3_25,SB,ModerateAutism_4_56,MO,0.9157
SocialBehavioralAutism_3_25,SB,ModerateAutism_5_110,MO,0.9531
SocialBehavioralAutism_3_25,SB,ModerateAutism_5_133,MO,0.9637
SocialBehavioralAutism_3_25,SB,ModerateAutism_6_220,MO,0.6566
SocialBehavioralAutism_3_25,SB,ModerateAutism_6_222,MO,0.982
SocialBehavioralAutism_3_25,SB,ModerateAutism_6_233,MO,0.9912
SocialBehavioralAutism_3_30,SB,ModerateAutism_3_29,MO,0.9913
SocialBehavioralAutism_3_30,SB,ModerateAutism_4_58,MO,0.9798
SocialBehavioralAutism_3_30,SB,ModerateAutism_5_145,MO,0.9697
SocialBehavioralAutism_3_30,SB,ModerateAutism_5_158,MO,0.9648
SocialBehavioralAutism_3_30,SB,ModerateAutism_5_172,MO,0.9952
SocialBehavioralAutism_3_32,SB,ModerateAutism_3_15,MO,0.9866
SocialBehavioralAutism_3_32,SB,ModerateAutism_3_17,MO,0.9898
SocialBehavioralAutism_3_32,SB,ModerateAutism_3_30,MO,0.854
SocialBehavioralAutism_3_33,SB,ModerateAutism_4_83,MO,0.7913
SocialBehavioralAutism_4_38,SB,ModerateAutism_3_29,MO,0.8926
SocialBehavioralAutism_4_38,SB,ModerateAutism_4_58,MO,0.9553
SocialBehavioralAutism_4_38,SB,ModerateAutism_5_145,MO,0.9482
SocialBehavioralAutism_4_38,SB,ModerateAutism_5_158,MO,0.9797
SocialBehavioralAutism_4_38,SB,ModerateAutism_5_172,MO,0.5676
SocialBehavioralAutism_4_38,SB,ModerateAutism_6_221,MO,0.9398
SocialBehavioralAutism_4_39,SB,ModerateAutism_3_22,MO,0.8757
SocialBehavioralAutism_4_39,SB,ModerateAutism_3_38,MO,0.903
SocialBehavioralAutism_4_39,SB,ModerateAutism_4_45,MO,0.8812
SocialBehavioralAutism_4_39,SB,ModerateAutism_4_88,MO,0.9441
SocialBehavioralAutism_4_39,SB,ModerateAutism_5_97,MO,0.9826
SocialBehavioralAutism_4_39,SB,ModerateAutism_5_198,MO,0.8738
SocialBehavioralAutism_4_42,SB,ModerateAutism_1_3,MO,0.8972
SocialBehavioralAutism_4_42,SB,ModerateAutism_4_45,MO,0.9901
SocialBehavioralAutism_4_42,SB,ModerateAutism_5_110,MO,0.8512
SocialBehavioralAutism_4_42,SB,ModerateAutism_5_192,MO,0.966
SocialBehavioralAutism_4_42,SB,ModerateAutism_6_222,MO,0.9477
SocialBehavioralAutism_4_45,SB,ModerateAutism_2_12,MO,0.6846
SocialBehavioralAutism_4_45,SB,ModerateAutism_5_130,MO,0.9438
SocialBehavioralAutism_4_47,SB,ModerateAutism_3_20,MO,0.9806
SocialBehavioralAutism_4_47,SB,ModerateAutism_4_45,MO,0.988
SocialBehavioralAutism_4_47,SB,ModerateAutism_4_76,MO,0.9674
SocialBehavioralAutism_4_47,SB,ModerateAutism_5_94,MO,0.9847
SocialBehavioralAutism_4_47,SB,ModerateAutism_5_120,MO,0.5805
SocialBehavioralAutism_4_47,SB,ModerateAutism_5_133,MO,0.5687
SocialBehavioralAutism_4_47,SB,ModerateAutism_5_149,MO,0.9873
SocialBehavioralAutism_4_47,SB,ModerateAutism_6_220,MO,0.7162
SocialBehavioralAutism_4_47,SB,ModerateAutism_6_222,MO,0.9842
SocialBehavioralAutism_4_47,SB,ModerateAutism_6_233,MO,0.9701
SocialBehavioralAutism_4_48,SB,ModerateAutism_5_107,MO,0.9956
SocialBehavioralAutism_4_50,SB,ModerateAutism_2_4,MO,0.9947
SocialBehavioralAutism_4_50,SB,ModerateAutism_2_7,MO,0.988
SocialBehavioralAutism_4_50,SB,ModerateAutism_5_103,MO,0.7341
SocialBehavioralAutism_4_53,SB,ModerateAutism_4_88,MO,0.895
SocialBehavioralAutism_4_53,SB,ModerateAutism_5_130,MO,0.9773
SocialBehavioralAutism_4_55,SB,ModerateAutism_4_59,MO,0.8354
SocialBehavioralAutism_4_55,SB,ModerateAutism_4_70,MO,0.9849
SocialBehavioralAutism_4_55,SB,ModerateAutism_5_146,MO,0.9961
SocialBehavioralAutism_4_56,SB,ModerateAutism_1_2,MO,0.9799
SocialBehavioralAutism_4_56,SB,ModerateAutism_4_51,MO,0.889
SocialBehavioralAutism_4_56,SB,ModerateAutism_4_67,MO,0.9874
SocialBehavioralAutism_4_56,SB,ModerateAutism_5_115,MO,0.9554
SocialBehavioralAutism_4_56,SB,ModerateAutism_5_136,MO,0.9595
SocialBehavioralAutism_4_57,SB,ModerateAutism_4_45,MO,0.5704
SocialBehavioralAutism_4_57,SB,ModerateAutism_4_56,MO,0.7303
SocialBehavioralAutism_4_57,SB,ModerateAutism_4_76,MO,0.9975
SocialBehavioralAutism_4_57,SB,ModerateAutism_5_94,MO,0.9892
SocialBehavioralAutism_4_57,SB,ModerateAutism_5_120,MO,0.989
SocialBehavioralAutism_4_57,SB,ModerateAutism_5_133,MO,0.8643
SocialBehavioralAutism_4_57,SB,ModerateAutism_5_149,MO,0.9806
SocialBehavioralAutism_4_57,SB,ModerateAutism_5_175,MO,0.5523
SocialBehavioralAutism_4_57,SB,ModerateAutism_6_220,MO,0.973
SocialBehavioralAutism_4_57,SB,ModerateAutism_6_229,MO,0.996
SocialBehavioralAutism_4_58,SB,ModerateAutism_2_9,MO,0.9846
SocialBehavioralAutism_4_58,SB,ModerateAutism_3_16,MO,0.7658
SocialBehavioralAutism_4_58,SB,ModerateAutism_3_37,MO,0.9222
SocialBehavioralAutism_4_58,SB,ModerateAutism_4_55,MO,0.9981
SocialBehavioralAutism_4_58,SB,ModerateAutism_4_56,MO,0.9732
SocialBehavioralAutism_4_58,SB,ModerateAutism_4_77,MO,0.9929
SocialBehavioralAutism_4_58,SB,ModerateAutism_5_126,MO,0.9623
SocialBehavioralAutism_4_58,SB,ModerateAutism_5_142,MO,0.891
SocialBehavioralAutism_4_58,SB,ModerateAutism_5_158,MO,0.9794
SocialBehavioralAutism_4_58,SB,ModerateAutism_5_172,MO,0.9911
SocialBehavioralAutism_4_59,SB,ModerateAutism_3_34,MO,0.9952
SocialBehavioralAutism_4_59,SB,ModerateAutism_4_57,MO,0.977
SocialBehavioralAutism_4_59,SB,ModerateAutism_4_79,MO,0.9759
SocialBehavioralAutism_4_59,SB,ModerateAutism_5_98,MO,0.8346
SocialBehavioralAutism_4_59,SB,ModerateAutism_5_148,MO,0.5507
SocialBehavioralAutism_4_59,SB,ModerateAutism_5_157,MO,0.9837
SocialBehavioralAutism_4_60,SB,ModerateAutism_3_17,MO,0.5564
SocialBehavioralAutism_4_60,SB,ModerateAutism_4_56,MO,0.6701
SocialBehavioralAutism_4_60,SB,ModerateAutism_5_97,MO,0.5949
SocialBehavioralAutism_4_60,SB,ModerateAutism_5_131,MO,0.9903
SocialBehavioralAutism_4_60,SB,ModerateAutism_5_142,MO,0.8839
SocialBehavioralAutism_4_60,SB,ModerateAutism_5_146,MO,0.9842
SocialBehavioralAutism_4_60,SB,ModerateAutism_5_164,MO,0.8334
SocialBehavioralAutism_4_60,SB,ModerateAutism_5_203,MO,0.9644
SocialBehavioralAutism_4_61,SB,ModerateAutism_4_88,MO,0.7721
SocialBehavioralAutism_4_61,SB,ModerateAutism_5_97,MO,0.9107
SocialBehavioralAutism_4_61,SB,ModerateAutism_5_143,MO,0.7159
SocialBehavioralAutism_4_63,SB,ModerateAutism_3_17,MO,0.8821
SocialBehavioralAutism_4_65,SB,ModerateAutism_4_70,MO,0.6854
SocialBehavioralAutism_4_65,SB,ModerateAutism_5_136,MO,0.9768
SocialBehavioralAutism_4_67,SB,ModerateAutism_3_15,MO,0.9977
SocialBehavioralAutism_4_67,SB,ModerateAutism_3_17,MO,0.9948
SocialBehavioralAutism_4_67,SB,ModerateAutism_5_97,MO,0.6451
SocialBehavioralAutism_4_67,SB,ModerateAutism_5_111,MO,0.9755
SocialBehavioralAutism_4_67,SB,ModerateAutism_5_131,MO,0.9447
SocialBehavioralAutism_4_67,SB,ModerateAutism_5_142,MO,0.6367
SocialBehavioralAutism_4_67,SB,ModerateAutism_5_204,MO,0.9443
SocialBehavioralAutism_4_68,SB,ModerateAutism_3_20,MO,0.9704
SocialBehavioralAutism_4_68,SB,ModerateAutism_3_31,MO,0.9834
SocialBehavioralAutism_4_68,SB,ModerateAutism_3_36,MO,0.9575
SocialBehavioralAutism_4_68,SB,ModerateAutism_4_45,MO,0.9843
SocialBehavioralAutism_4_68,SB,ModerateAutism_5_97,MO,0.9058
SocialBehavioralAutism_4_68,SB,ModerateAutism_5_112,MO,0.6881
SocialBehavioralAutism_4_68,SB,ModerateAutism_5_175,MO,0.9366
SocialBehavioralAutism_4_68,SB,ModerateAutism_6_220,MO,0.7455
SocialBehavioralAutism_4_68,SB,ModerateAutism_6_222,MO,0.9063
SocialBehavioralAutism_4_69,SB,ModerateAutism_1_3,MO,0.9583
SocialBehavioralAutism_4_69,SB,ModerateAutism_3_16,MO,0.9747
SocialBehavioralAutism_4_69,SB,ModerateAutism_3_20,MO,0.9948
SocialBehavioralAutism_4_69,SB,ModerateAutism_4_45,MO,0.9883
SocialBehavioralAutism_4_69,SB,ModerateAutism_4_56,MO,0.9843
SocialBehavioralAutism_4_69,SB,ModerateAutism_4_74,MO,0.96
SocialBehavioralAutism_4_69,SB,ModerateAutism_4_76,MO,0.9515
SocialBehavioralAutism_4_69,SB,ModerateAutism_5_94,MO,0.9851
SocialBehavioralAutism_4_69,SB,ModerateAutism_5_110,MO,0.973
SocialBehavioralAutism_4_69,SB,ModerateAutism_5_120,MO,0.5761
SocialBehavioralAutism_4_69,SB,ModerateAutism_5_133,MO,0.9774
SocialBehavioralAutism_4_69,SB,ModerateAutism_5_142,MO,0.6226
SocialBehavioralAutism_4_69,SB,ModerateAutism_5_143,MO,0.7214
SocialBehavioralAutism_4_69,SB,ModerateAutism_5_149,MO,0.9893
SocialBehavioralAutism_4_69,SB,ModerateAutism_5_203,MO,0.9303
SocialBehavioralAutism_4_69,SB,ModerateAutism_6_220,MO,0.9654
SocialBehavioralAutism_4_69,SB,ModerateAutism_6_222,MO,0.9786
SocialBehavioralAutism_4_69,SB,ModerateAutism_6_229,MO,0.764
SocialBehavioralAutism_4_69,SB,ModerateAutism_6_233,MO,0.9845
SocialBehavioralAutism_4_70,SB,ModerateAutism_2_13,MO,0.9827
SocialBehavioralAutism_4_70,SB,ModerateAutism_4_51,MO,0.9744
SocialBehavioralAutism_4_70,SB,ModerateAutism_4_61,MO,0.8003
SocialBehavioralAutism_4_70,SB,ModerateAutism_5_114,MO,0.9164
SocialBehavioralAutism_4_70,SB,ModerateAutism_5_136,MO,0.8222
SocialBehavioralAutism_4_72,SB,ModerateAutism_4_70,MO,0.9641
SocialBehavioralAutism_4_72,SB,ModerateAutism_4_86,MO,0.6347
SocialBehavioralAutism_5_75,SB,ModerateAutism_4_57,MO,0.7404
SocialBehavioralAutism_5_75,SB,ModerateAutism_4_69,MO,0.7652
SocialBehavioralAutism_5_75,SB,ModerateAutism_4_74,MO,0.9573
SocialBehavioralAutism_5_75,SB,ModerateAutism_4_79,MO,0.9839
SocialBehavioralAutism_5_75,SB,ModerateAutism_5_104,MO,0.9905
SocialBehavioralAutism_5_75,SB,ModerateAutism_5_157,MO,0.9318
SocialBehavioralAutism_5_76,SB,ModerateAutism_2_7,MO,0.9649
SocialBehavioralAutism_5_76,SB,ModerateAutism_5_164,MO,0.9893
SocialBehavioralAutism_5_77,SB,ModerateAutism_2_7,MO,0.9967
SocialBehavioralAutism_5_79,SB,ModerateAutism_4_81,MO,0.995
SocialBehavioralAutism_5_80,SB,ModerateAutism_4_47,MO,0.5723
SocialBehavioralAutism_5_80,SB,ModerateAutism_4_48,MO,0.978
SocialBehavioralAutism_5_80,SB,ModerateAutism_4_70,MO,0.9959
SocialBehavioralAutism_5_80,SB,ModerateAutism_4_86,MO,0.9715
SocialBehavioralAutism_5_80,SB,ModerateAutism_5_159,MO,0.974
SocialBehavioralAutism_5_80,SB,ModerateAutism_5_209,MO,0.9401
SocialBehavioralAutism_5_82,SB,ModerateAutism_5_118,MO,0.993
SocialBehavioralAutism_5_86,SB,ModerateAutism_3_20,MO,0.9816
SocialBehavioralAutism_5_86,SB,ModerateAutism_4_74,MO,0.8749
SocialBehavioralAutism_5_86,SB,ModerateAutism_4_76,MO,0.9878
SocialBehavioralAutism_5_86,SB,ModerateAutism_5_94,MO,0.9954
SocialBehavioralAutism_5_86,SB,ModerateAutism_5_120,MO,0.9942
SocialBehavioralAutism_5_86,SB,ModerateAutism_5_133,MO,0.9756
SocialBehavioralAutism_5_86,SB,ModerateAutism_5_149,MO,0.9915
SocialBehavioralAutism_5_86,SB,ModerateAutism_6_220,MO,0.9928
SocialBehavioralAutism_5_86,SB,ModerateAutism_6_229,MO,0.985
SocialBehavioralAutism_5_89,SB,ModerateAutism_3_34,MO,0.9855
SocialBehavioralAutism_5_89,SB,ModerateAutism_4_57,MO,0.9725
SocialBehavioralAutism_5_89,SB,ModerateAutism_5_157,MO,0.9712
SocialBehavioralAutism_5_90,SB,ModerateAutism_3_19,MO,0.9925
SocialBehavioralAutism_5_90,SB,ModerateAutism_4_47,MO,0.9907
SocialBehavioralAutism_5_96,SB,ModerateAutism_4_60,MO,0.5544
SocialBehavioralAutism_5_96,SB,ModerateAutism_5_97,MO,0.7372
SocialBehavioralAutism_5_96,SB,ModerateAutism_5_130,MO,0.9615
SocialBehavioralAutism_5_97,SB,ModerateAutism_4_51,MO,0.6574
SocialBehavioralAutism_5_97,SB,ModerateAutism_5_115,MO,0.6137
SocialBehavioralAutism_5_97,SB,ModerateAutism_5_136,MO,0.9864
SocialBehavioralAutism_5_97,SB,ModerateAutism_6_235,MO,0.9818
SocialBehavioralAutism_5_100,SB,ModerateAutism_3_17,MO,0.994
SocialBehavioralAutism_5_100,SB,ModerateAutism_4_56,MO,0.6066
SocialBehavioralAutism_5_100,SB,ModerateAutism_4_57,MO,0.9918
SocialBehavioralAutism_5_100,SB,ModerateAutism_4_75,MO,0.9859
SocialBehavioralAutism_5_100,SB,ModerateAutism_4_79,MO,0.9954
SocialBehavioralAutism_5_100,SB,ModerateAutism_5_97,MO,0.7769
SocialBehavioralAutism_5_100,SB,ModerateAutism_5_99,MO,0.9715
SocialBehavioralAutism_5_100,SB,ModerateAutism_5_132,MO,0.9682
SocialBehavioralAutism_5_100,SB,ModerateAutism_5_148,MO,0.9792
SocialBehavioralAutism_5_100,SB,ModerateAutism_5_157,MO,0.9939
SocialBehavioralAutism_5_100,SB,ModerateAutism_6_233,MO,0.5755
SocialBehavioralAutism_5_101,SB,ModerateAutism_3_24,MO,0.966
SocialBehavioralAutism_5_101,SB,ModerateAutism_3_38,MO,0.9838
SocialBehavioralAutism_5_101,SB,ModerateAutism_4_50,MO,0.9416
SocialBehavioralAutism_5_101,SB,ModerateAutism_4_69,MO,0.9786
SocialBehavioralAutism_5_101,SB,ModerateAutism_4_88,MO,0.7646
SocialBehavioralAutism_5_101,SB,ModerateAutism_5_209,MO,0.6913
SocialBehavioralAutism_5_111,SB,ModerateAutism_3_22,MO,0.9913
SocialBehavioralAutism_5_111,SB,ModerateAutism_3_38,MO,0.9933
SocialBehavioralAutism_5_111,SB,ModerateAutism_4_52,MO,0.9708
SocialBehavioralAutism_5_111,SB,ModerateAutism_4_56,MO,0.7169
SocialBehavioralAutism_5_111,SB,ModerateAutism_5_97,MO,0.7193
SocialBehavioralAutism_5_115,SB,ModerateAutism_4_79,MO,0.9771
SocialBehavioralAutism_5_115,SB,ModerateAutism_5_97,MO,0.9747
SocialBehavioralAutism_5_115,SB,ModerateAutism_5_176,MO,0.6059
SocialBehavioralAutism_5_119,SB,ModerateAutism_2_9,MO,0.582
SocialBehavioralAutism_5_119,SB,ModerateAutism_3_37,MO,0.9952
SocialBehavioralAutism_5_119,SB,ModerateAutism_4_55,MO,0.8618
SocialBehavioralAutism_5_119,SB,ModerateAutism_5_158,MO,0.9653
SocialBehavioralAutism_5_119,SB,ModerateAutism_5_172,MO,0.6999
SocialBehavioralAutism_5_120,SB,ModerateAutism_3_31,MO,0.6861
SocialBehavioralAutism_5_120,SB,ModerateAutism_4_41,MO,0.9924
SocialBehavioralAutism_5_122,SB,ModerateAutism_3_17,MO,0.9514
SocialBehavioralAutism_5_122,SB,ModerateAutism_3_37,MO,0.6024
SocialBehavioralAutism_5_122,SB,ModerateAutism_4_42,MO,0.8235
SocialBehavioralAutism_5_122,SB,ModerateAutism_4_88,MO,0.9642
SocialBehavioralAutism_5_123,SB,ModerateAutism_3_16,MO,0.9631
SocialBehavioralAutism_5_123,SB,ModerateAutism_3_36,MO,0.8509
SocialBehavioralAutism_5_123,SB,ModerateAutism_4_56,MO,0.9069
SocialBehavioralAutism_5_123,SB,ModerateAutism_4_76,MO,0.7075
SocialBehavioralAutism_5_123,SB,ModerateAutism_5_158,MO,0.7707
SocialBehavioralAutism_5_127,SB,ModerateAutism_2_13,MO,0.9108
SocialBehavioralAutism_5_127,SB,ModerateAutism_4_45,MO,0.7122
SocialBehavioralAutism_5_127,SB,ModerateAutism_5_133,MO,0.8048
SocialBehavioralAutism_5_127,SB,ModerateAutism_5_203,MO,0.9616
SocialBehavioralAutism_5_131,SB,ModerateAutism_3_34,MO,0.9844
SocialBehavioralAutism_5_131,SB,ModerateAutism_5_98,MO,0.8611
SocialBehavioralAutism_5_131,SB,ModerateAutism_5_121,MO,0.8653
SocialBehavioralAutism_5_131,SB,ModerateAutism_5_157,MO,0.992
SocialBehavioralAutism_5_132,SB,ModerateAutism_4_46,MO,0.5922
SocialBehavioralAutism_5_132,SB,ModerateAutism_5_139,MO,0.8959
SocialBehavioralAutism_5_133,SB,ModerateAutism_4_73,MO,0.9778
SocialBehavioralAutism_5_134,SB,ModerateAutism_5_107,MO,0.9433
SocialBehavioralAutism_5_138,SB,ModerateAutism_1_2,MO,0.9946
SocialBehavioralAutism_5_138,SB,ModerateAutism_4_51,MO,0.9965
SocialBehavioralAutism_5_138,SB,ModerateAutism_4_61,MO,0.9908
SocialBehavioralAutism_5_138,SB,ModerateAutism_4_67,MO,0.8049
SocialBehavioralAutism_5_138,SB,ModerateAutism_5_93,MO,0.9498
SocialBehavioralAutism_5_138,SB,ModerateAutism_5_115,MO,0.9903
SocialBehavioralAutism_5_138,SB,ModerateAutism_5_136,MO,0.5688
SocialBehavioralAutism_5_138,SB,ModerateAutism_5_137,MO,0.9734
SocialBehavioralAutism_5_139,SB,ModerateAutism_4_41,MO,0.988
SocialBehavioralAutism_5_140,SB,ModerateAutism_3_27,MO,0.9427
SocialBehavioralAutism_5_140,SB,ModerateAutism_4_48,MO,0.5697
SocialBehavioralAutism_5_140,SB,ModerateAutism_4_70,MO,0.6579
SocialBehavioralAutism_5_140,SB,ModerateAutism_5_150,MO,0.987
SocialBehavioralAutism_5_140,SB,ModerateAutism_5_162,MO,0.9836
SocialBehavioralAutism_5_140,SB,ModerateAutism_5_167,MO,0.9781
SocialBehavioralAutism_5_142,SB,ModerateAutism_4_56,MO,0.9756
SocialBehavioralAutism_5_142,SB,ModerateAutism_5_97,MO,0.9245
SocialBehavioralAutism_5_142,SB,ModerateAutism_5_175,MO,0.6366
SocialBehavioralAutism_5_142,SB,ModerateAutism_6_233,MO,0.9427
SocialBehavioralAutism_5_144,SB,ModerateAutism_5_107,MO,0.9814
SocialBehavioralAutism_5_151,SB,ModerateAutism_3_27,MO,0.9381
SocialBehavioralAutism_5_151,SB,ModerateAutism_4_47,MO,0.6934
SocialBehavioralAutism_5_151,SB,ModerateAutism_4_48,MO,0.845
SocialBehavioralAutism_5_151,SB,ModerateAutism_5_95,MO,0.604
SocialBehavioralAutism_5_151,SB,ModerateAutism_5_150,MO,0.9924
SocialBehavioralAutism_5_151,SB,ModerateAutism_5_162,MO,0.7747
SocialBehavioralAutism_5_151,SB,ModerateAutism_5_167,MO,0.9967
SocialBehavioralAutism_5_156,SB,ModerateAutism_4_45,MO,0.9125
SocialBehavioralAutism_5_156,SB,ModerateAutism_4_56,MO,0.9526
SocialBehavioralAutism_5_156,SB,ModerateAutism_4_76,MO,0.994
SocialBehavioralAutism_5_156,SB,ModerateAutism_5_94,MO,0.9981
SocialBehavioralAutism_5_156,SB,ModerateAutism_5_120,MO,0.9945
SocialBehavioralAutism_5_156,SB,ModerateAutism_5_133,MO,0.9948
SocialBehavioralAutism_5_156,SB,ModerateAutism_5_149,MO,0.9957
SocialBehavioralAutism_5_156,SB,ModerateAutism_5_175,MO,0.98
SocialBehavioralAutism_5_156,SB,ModerateAutism_6_220,MO,0.9728
SocialBehavioralAutism_5_156,SB,ModerateAutism_6_229,MO,0.9372
SocialBehavioralAutism_5_162,SB,ModerateAutism_4_47,MO,0.8673
SocialBehavioralAutism_5_162,SB,ModerateAutism_5_162,MO,0.97
SocialBehavioralAutism_5_163,SB,ModerateAutism_5_107,MO,0.9893
SocialBehavioralAutism_5_163,SB,ModerateAutism_5_134,MO,0.6963
SocialBehavioralAutism_5_165,SB,ModerateAutism_4_57,MO,0.9544
SocialBehavioralAutism_5_165,SB,ModerateAutism_5_194,MO,0.8642
SocialBehavioralAutism_5_166,SB,ModerateAutism_2_9,MO,0.9918
SocialBehavioralAutism_5_166,SB,ModerateAutism_3_29,MO,0.8287
SocialBehavioralAutism_5_166,SB,ModerateAutism_4_55,MO,0.9945
SocialBehavioralAutism_5_166,SB,ModerateAutism_5_144,MO,0.9642
SocialBehavioralAutism_5_166,SB,ModerateAutism_5_158,MO,0.9688
SocialBehavioralAutism_5_167,SB,ModerateAutism_3_34,MO,0.9865
SocialBehavioralAutism_5_167,SB,ModerateAutism_4_50,MO,0.874
SocialBehavioralAutism_5_167,SB,ModerateAutism_4_57,MO,0.7677
SocialBehavioralAutism_5_174,SB,ModerateAutism_1_3,MO,0.9757
SocialBehavioralAutism_5_174,SB,ModerateAutism_5_110,MO,0.8154
SocialBehavioralAutism_5_179,SB,ModerateAutism_1_3,MO,0.9899
SocialBehavioralAutism_5_179,SB,ModerateAutism_2_8,MO,0.9536
SocialBehavioralAutism_5_179,SB,ModerateAutism_3_16,MO,0.8847
SocialBehavioralAutism_5_179,SB,ModerateAutism_3_24,MO,0.9713
SocialBehavioralAutism_5_179,SB,ModerateAutism_3_38,MO,0.576
SocialBehavioralAutism_5_179,SB,ModerateAutism_4_45,MO,0.9928
SocialBehavioralAutism_5_179,SB,ModerateAutism_4_50,MO,0.7743
SocialBehavioralAutism_5_179,SB,ModerateAutism_4_56,MO,0.8306
SocialBehavioralAutism_5_179,SB,ModerateAutism_4_69,MO,0.7499
SocialBehavioralAutism_5_179,SB,ModerateAutism_4_85,MO,0.6991
SocialBehavioralAutism_5_179,SB,ModerateAutism_5_97,MO,0.9703
SocialBehavioralAutism_5_179,SB,ModerateAutism_5_110,MO,0.9839
SocialBehavioralAutism_5_179,SB,ModerateAutism_6_233,MO,0.9966
SocialBehavioralAutism_5_182,SB,ModerateAutism_5_142,MO,0.9644
SocialBehavioralAutism_6_183,SB,ModerateAutism_3_16,MO,0.8915
SocialBehavioralAutism_6_183,SB,ModerateAutism_3_36,MO,0.9537
SocialBehavioralAutism_6_183,SB,ModerateAutism_4_55,MO,0.9921
SocialBehavioralAutism_6_183,SB,ModerateAutism_4_58,MO,0.983
SocialBehavioralAutism_6_183,SB,ModerateAutism_4_77,MO,0.688
SocialBehavioralAutism_6_183,SB,ModerateAutism_5_100,MO,0.9661
SocialBehavioralAutism_6_183,SB,ModerateAutism_5_126,MO,0.7002
SocialBehavioralAutism_6_183,SB,ModerateAutism_5_172,MO,0.993
SocialBehavioralAutism_6_187,SB,ModerateAutism_2_5,MO,0.7324
SocialBehavioralAutism_6_187,SB,ModerateAutism_4_48,MO,0.9511
SocialBehavioralAutism_6_187,SB,ModerateAutism_4_86,MO,0.6375
SocialBehavioralAutism_6_187,SB,ModerateAutism_5_166,MO,0.946
SocialBehavioralAutism_6_192,SB,ModerateAutism_1_3,MO,0.995
SocialBehavioralAutism_6_192,SB,ModerateAutism_3_15,MO,0.9564
SocialBehavioralAutism_6_192,SB,ModerateAutism_3_17,MO,0.8765
SocialBehavioralAutism_6_192,SB,ModerateAutism_5_97,MO,0.7706
SocialBehavioralAutism_6_192,SB,ModerateAutism_5_203,MO,0.5896
SocialBehavioralAutism_6_192,SB,ModerateAutism_5_204,MO,0.5562
SocialBehavioralAutism_6_194,SB,ModerateAutism_3_22,MO,0.9928
SocialBehavioralAutism_6_194,SB,ModerateAutism_3_24,MO,0.9954
SocialBehavioralAutism_6_194,SB,ModerateAutism_4_50,MO,0.9968
SocialBehavioralAutism_6_194,SB,ModerateAutism_4_56,MO,0.9875
SocialBehavioralAutism_6_194,SB,ModerateAutism_4_57,MO,0.9927
SocialBehavioralAutism_6_194,SB,ModerateAutism_5_157,MO,0.6241
SocialBehavioralAutism_6_195,SB,ModerateAutism_4_70,MO,0.6569
SocialBehavioralAutism_6_199,SB,ModerateAutism_2_9,MO,0.8824
SocialBehavioralAutism_6_199,SB,ModerateAutism_4_55,MO,0.9844
SocialBehavioralAutism_6_199,SB,ModerateAutism_4_77,MO,0.9963
SocialBehavioralAutism_6_199,SB,ModerateAutism_5_100,MO,0.9878
SocialBehavioralAutism_6_199,SB,ModerateAutism_5_158,MO,0.9845
SocialBehavioralAutism_6_206,SB,ModerateAutism_5_135,MO,0.9824
SocialBehavioralAutism_6_208,SB,ModerateAutism_4_79,MO,0.9438
SocialBehavioralAutism_6_208,SB,ModerateAutism_5_179,MO,0.9966
SocialBehavioralAutism_6_211,SB,ModerateAutism_3_38,MO,0.9109
SocialBehavioralAutism_6_213,SB,ModerateAutism_4_57,MO,0.9598
SocialBehavioralAutism_6_213,SB,ModerateAutism_5_98,MO,0.9378
SocialBehavioralAutism_6_213,SB,ModerateAutism_5_157,MO,0.5673
SocialBehavioralAutism_6_213,SB,ModerateAutism_5_171,MO,0.9928
SocialBehavioralAutism_6_213,SB,ModerateAutism_5_193,MO,0.9263
SocialBehavioralAutism_6_215,SB,ModerateAutism_4_79,MO,0.9941
SocialBehavioralAutism_6_215,SB,ModerateAutism_5_104,MO,0.9922
SocialBehavioralAutism_6_216,SB,ModerateAutism_4_74,MO,0.5541
SocialBehavioralAutism_6_216,SB,ModerateAutism_4_79,MO,0.9715
SocialBehavioralAutism_6_216,SB,ModerateAutism_5_130,MO,0.9888
SocialBehavioralAutism_6_218,SB,ModerateAutism_5_183,MO,0.9933
SocialBehavioralAutism_6_219,SB,ModerateAutism_4_55,MO,0.9595
SocialBehavioralAutism_6_219,SB,ModerateAutism_4_57,MO,0.6376
SocialBehavioralAutism_6_219,SB,ModerateAutism_5_158,MO,0.9836
SocialBehavioralAutism_6_219,SB,ModerateAutism_5_193,MO,0.9777
SocialBehavioralAutism_6_221,SB,ModerateAutism_4_40,MO,0.6523
SocialBehavioralAutism_6_221,SB,ModerateAutism_5_142,MO,0.6439
SocialBehavioralAutism_6_223,SB,ModerateAutism_3_16,MO,0.7844
SocialBehavioralAutism_6_223,SB,ModerateAutism_3_36,MO,0.7381
SocialBehavioralAutism_6_223,SB,ModerateAutism_3_37,MO,0.8959
SocialBehavioralAutism_6_223,SB,ModerateAutism_4_56,MO,0.7079
SocialBehavioralAutism_6_223,SB,ModerateAutism_5_92,MO,0.9957
SocialBehavioralAutism_6_223,SB,ModerateAutism_5_97,MO,0.9679
SocialBehavioralAutism_6_223,SB,ModerateAutism_5_111,MO,0.7981
SocialBehavioralAutism_6_223,SB,ModerateAutism_5_116,MO,0.9964
SocialBehavioralAutism_6_223,SB,ModerateAutism_5_142,MO,0.7561
SocialBehavioralAutism_6_223,SB,ModerateAutism_5_171,MO,0.909
SocialBehavioralAutism_6_223,SB,ModerateAutism_5_194,MO,0.9803
SocialBehavioralAutism_6_225,SB,ModerateAutism_3_20,MO,0.9579
SocialBehavioralAutism_6_225,SB,ModerateAutism_4_76,MO,0.9735
SocialBehavioralAutism_6_225,SB,ModerateAutism_5_94,MO,0.9955
SocialBehavioralAutism_6_225,SB,ModerateAutism_5_120,MO,0.9969
SocialBehavioralAutism_6_225,SB,ModerateAutism_5_133,MO,0.7865
SocialBehavioralAutism_6_225,SB,ModerateAutism_5_149,MO,0.9951
SocialBehavioralAutism_6_225,SB,ModerateAutism_6_220,MO,0.9966
SocialBehavioralAutism_6_225,SB,ModerateAutism_6_229,MO,0.9827
SocialBehavioralAutism_0_0,SB,BroadlyAffectedAutism_3_33,BR,0.6991
SocialBehavioralAutism_0_0,SB,BroadlyAffectedAutism_3_41,BR,0.6496
SocialBehavioralAutism_0_0,SB,BroadlyAffectedAutism_4_63,BR,0.6815
SocialBehavioralAutism_0_0,SB,BroadlyAffectedAutism_4_73,BR,0.8196
SocialBehavioralAutism_0_0,SB,BroadlyAffectedAutism_5_182,BR,0.6986
SocialBehavioralAutism_1_2,SB,BroadlyAffectedAutism_4_97,BR,0.623
SocialBehavioralAutism_1_2,SB,BroadlyAffectedAutism_5_118,BR,0.9898
SocialBehavioralAutism_1_2,SB,BroadlyAffectedAutism_5_159,BR,0.7341
SocialBehavioralAutism_1_2,SB,BroadlyAffectedAutism_5_164,BR,0.9371
SocialBehavioralAutism_1_4,SB,BroadlyAffectedAutism_4_69,BR,0.5747
SocialBehavioralAutism_1_4,SB,BroadlyAffectedAutism_5_204,BR,0.9784
SocialBehavioralAutism_2_5,SB,BroadlyAffectedAutism_2_16,BR,0.959
SocialBehavioralAutism_2_5,SB,BroadlyAffectedAutism_4_86,BR,0.8266
SocialBehavioralAutism_2_5,SB,BroadlyAffectedAutism_5_128,BR,0.5757
SocialBehavioralAutism_2_6,SB,BroadlyAffectedAutism_2_7,BR,0.9931
SocialBehavioralAutism_2_6,SB,BroadlyAffectedAutism_4_88,BR,0.9684
SocialBehavioralAutism_2_6,SB,BroadlyAffectedAutism_5_154,BR,0.8604
SocialBehavioralAutism_2_6,SB,BroadlyAffectedAutism_5_159,BR,0.6284
SocialBehavioralAutism_2_7,SB,BroadlyAffectedAutism_2_11,BR,0.9972
SocialBehavioralAutism_2_7,SB,BroadlyAffectedAutism_4_61,BR,0.9751
SocialBehavioralAutism_2_7,SB,BroadlyAffectedAutism_5_119,BR,0.9389
SocialBehavioralAutism_2_7,SB,BroadlyAffectedAutism_5_128,BR,0.974
SocialBehavioralAutism_2_7,SB,BroadlyAffectedAutism_5_198,BR,0.9644
SocialBehavioralAutism_2_8,SB,BroadlyAffectedAutism_1_1,BR,0.9743
SocialBehavioralAutism_2_8,SB,BroadlyAffectedAutism_3_46,BR,0.9978
SocialBehavioralAutism_2_8,SB,BroadlyAffectedAutism_4_90,BR,0.9835
SocialBehavioralAutism_2_8,SB,BroadlyAffectedAutism_5_192,BR,0.9751
SocialBehavioralAutism_2_12,SB,BroadlyAffectedAutism_2_18,BR,0.7723
SocialBehavioralAutism_2_12,SB,BroadlyAffectedAutism_3_41,BR,0.9916
SocialBehavioralAutism_2_12,SB,BroadlyAffectedAutism_4_57,BR,0.7841
SocialBehavioralAutism_2_12,SB,BroadlyAffectedAutism_4_62,BR,0.9479
SocialBehavioralAutism_2_12,SB,BroadlyAffectedAutism_5_182,BR,0.9931
SocialBehavioralAutism_3_17,SB,BroadlyAffectedAutism_1_3,BR,0.664
SocialBehavioralAutism_3_17,SB,BroadlyAffectedAutism_3_41,BR,0.9975
SocialBehavioralAutism_3_17,SB,BroadlyAffectedAutism_3_49,BR,0.9924
SocialBehavioralAutism_3_17,SB,BroadlyAffectedAutism_4_58,BR,0.9612
SocialBehavioralAutism_3_17,SB,BroadlyAffectedAutism_4_63,BR,0.9975
SocialBehavioralAutism_3_17,SB,BroadlyAffectedAutism_4_64,BR,0.8646
SocialBehavioralAutism_3_17,SB,BroadlyAffectedAutism_4_89,BR,0.9963
SocialBehavioralAutism_3_17,SB,BroadlyAffectedAutism_5_182,BR,0.9896
SocialBehavioralAutism_3_18,SB,BroadlyAffectedAutism_4_56,BR,0.9315
SocialBehavioralAutism_3_18,SB,BroadlyAffectedAutism_5_109,BR,0.722
SocialBehavioralAutism_3_18,SB,BroadlyAffectedAutism_5_115,BR,0.9856
SocialBehavioralAutism_3_18,SB,BroadlyAffectedAutism_5_154,BR,0.8311
SocialBehavioralAutism_3_19,SB,BroadlyAffectedAutism_2_9,BR,0.6567
SocialBehavioralAutism_3_19,SB,BroadlyAffectedAutism_2_16,BR,0.9831
SocialBehavioralAutism_3_19,SB,BroadlyAffectedAutism_4_86,BR,0.5512
SocialBehavioralAutism_3_20,SB,BroadlyAffectedAutism_5_142,BR,0.9425
SocialBehavioralAutism_3_22,SB,BroadlyAffectedAutism_4_93,BR,0.9919
SocialBehavioralAutism_3_22,SB,BroadlyAffectedAutism_5_146,BR,0.8634
SocialBehavioralAutism_3_25,SB,BroadlyAffectedAutism_2_10,BR,0.9028
SocialBehavioralAutism_3_25,SB,BroadlyAffectedAutism_3_33,BR,0.56
SocialBehavioralAutism_3_25,SB,BroadlyAffectedAutism_4_61,BR,0.997
SocialBehavioralAutism_3_25,SB,BroadlyAffectedAutism_4_99,BR,0.6309
SocialBehavioralAutism_3_25,SB,BroadlyAffectedAutism_5_119,BR,0.998
SocialBehavioralAutism_3_25,SB,BroadlyAffectedAutism_5_128,BR,0.9812
SocialBehavioralAutism_3_25,SB,BroadlyAffectedAutism_5_198,BR,0.9826
SocialBehavioralAutism_3_25,SB,BroadlyAffectedAutism_5_201,BR,0.966
SocialBehavioralAutism_3_26,SB,BroadlyAffectedAutism_3_41,BR,0.9973
SocialBehavioralAutism_3_26,SB,BroadlyAffectedAutism_4_58,BR,0.7173
SocialBehavioralAutism_3_26,SB,BroadlyAffectedAutism_4_63,BR,0.9959
SocialBehavioralAutism_3_26,SB,BroadlyAffectedAutism_4_89,BR,0.9951
SocialBehavioralAutism_3_26,SB,BroadlyAffectedAutism_5_122,BR,0.7566
SocialBehavioralAutism_3_26,SB,BroadlyAffectedAutism_5_182,BR,0.7737
SocialBehavioralAutism_3_27,SB,BroadlyAffectedAutism_4_82,BR,0.9982
SocialBehavioralAutism_3_30,SB,BroadlyAffectedAutism_4_93,BR,0.9814
SocialBehavioralAutism_3_32,SB,BroadlyAffectedAutism_4_60,BR,0.9834
SocialBehavioralAutism_3_32,SB,BroadlyAffectedAutism_4_65,BR,0.9298
SocialBehavioralAutism_3_32,SB,BroadlyAffectedAutism_4_99,BR,0.9372
SocialBehavioralAutism_4_36,SB,BroadlyAffectedAutism_5_121,BR,0.9973
SocialBehavioralAutism_4_39,SB,BroadlyAffectedAutism_2_10,BR,0.9962
SocialBehavioralAutism_4_39,SB,BroadlyAffectedAutism_4_61,BR,0.5937
SocialBehavioralAutism_4_39,SB,BroadlyAffectedAutism_4_65,BR,0.9771
SocialBehavioralAutism_4_39,SB,BroadlyAffectedAutism_4_67,BR,0.9962
SocialBehavioralAutism_4_39,SB,BroadlyAffectedAutism_4_78,BR,0.9977
SocialBehavioralAutism_4_39,SB,BroadlyAffectedAutism_4_94,BR,0.6534
SocialBehavioralAutism_4_39,SB,BroadlyAffectedAutism_4_99,BR,0.6418
SocialBehavioralAutism_4_39,SB,BroadlyAffectedAutism_4_100,BR,0.8419
SocialBehavioralAutism_4_39,SB,BroadlyAffectedAutism_4_102,BR,0.9831
SocialBehavioralAutism_4_39,SB,BroadlyAffectedAutism_4_103,BR,0.9678
SocialBehavioralAutism_4_39,SB,BroadlyAffectedAutism_5_119,BR,0.7149
SocialBehavioralAutism_4_39,SB,BroadlyAffectedAutism_5_168,BR,0.971
SocialBehavioralAutism_4_39,SB,BroadlyAffectedAutism_5_201,BR,0.584
SocialBehavioralAutism_4_39,SB,BroadlyAffectedAutism_5_212,BR,0.909
SocialBehavioralAutism_4_41,SB,BroadlyAffectedAutism_2_8,BR,0.9956
SocialBehavioralAutism_4_41,SB,BroadlyAffectedAutism_3_27,BR,0.9904
SocialBehavioralAutism_4_42,SB,BroadlyAffectedAutism_2_11,BR,0.5786
SocialBehavioralAutism_4_42,SB,BroadlyAffectedAutism_4_61,BR,0.9789
SocialBehavioralAutism_4_42,SB,BroadlyAffectedAutism_4_97,BR,0.7966
SocialBehavioralAutism_4_42,SB,BroadlyAffectedAutism_5_119,BR,0.9899
SocialBehavioralAutism_4_42,SB,BroadlyAffectedAutism_5_128,BR,0.5571
SocialBehavioralAutism_4_42,SB,BroadlyAffectedAutism_5_142,BR,0.813
SocialBehavioralAutism_4_44,SB,BroadlyAffectedAutism_3_28,BR,0.9974
SocialBehavioralAutism_4_44,SB,BroadlyAffectedAutism_5_157,BR,0.9854
SocialBehavioralAutism_4_45,SB,BroadlyAffectedAutism_4_78,BR,0.6715
SocialBehavioralAutism_4_45,SB,BroadlyAffectedAutism_5_168,BR,0.9973
SocialBehavioralAutism_4_47,SB,BroadlyAffectedAutism_4_61,BR,0.9259
SocialBehavioralAutism_4_47,SB,BroadlyAffectedAutism_4_69,BR,0.9699
SocialBehavioralAutism_4_47,SB,BroadlyAffectedAutism_5_119,BR,0.9905
SocialBehavioralAutism_4_47,SB,BroadlyAffectedAutism_5_175,BR,0.9976
SocialBehavioralAutism_4_47,SB,BroadlyAffectedAutism_5_185,BR,0.6621
SocialBehavioralAutism_4_47,SB,BroadlyAffectedAutism_5_201,BR,0.9962
SocialBehavioralAutism_4_47,SB,BroadlyAffectedAutism_5_204,BR,0.6948
SocialBehavioralAutism_4_48,SB,BroadlyAffectedAutism_5_130,BR,0.9976
SocialBehavioralAutism_4_50,SB,BroadlyAffectedAutism_1_1,BR,0.9945
SocialBehavioralAutism_4_50,SB,BroadlyAffectedAutism_3_23,BR,0.9975
SocialBehavioralAutism_4_50,SB,BroadlyAffectedAutism_3_46,BR,0.8833
SocialBehavioralAutism_4_50,SB,BroadlyAffectedAutism_4_90,BR,0.9736
SocialBehavioralAutism_4_50,SB,BroadlyAffectedAutism_5_192,BR,0.9745
SocialBehavioralAutism_4_52,SB,BroadlyAffectedAutism_5_118,BR,0.9961
SocialBehavioralAutism_4_52,SB,BroadlyAffectedAutism_5_144,BR,0.834
SocialBehavioralAutism_4_52,SB,BroadlyAffectedAutism_5_164,BR,0.9622
SocialBehavioralAutism_4_53,SB,BroadlyAffectedAutism_4_81,BR,0.7636
SocialBehavioralAutism_4_55,SB,BroadlyAffectedAutism_4_70,BR,0.989
SocialBehavioralAutism_4_55,SB,BroadlyAffectedAutism_5_133,BR,0.965
SocialBehavioralAutism_4_55,SB,BroadlyAffectedAutism_5_173,BR,0.9973
SocialBehavioralAutism_4_56,SB,BroadlyAffectedAutism_5_164,BR,0.9736
SocialBehavioralAutism_4_57,SB,BroadlyAffectedAutism_4_69,BR,0.9811
SocialBehavioralAutism_4_57,SB,BroadlyAffectedAutism_5_201,BR,0.9931
SocialBehavioralAutism_4_57,SB,BroadlyAffectedAutism_5_204,BR,0.9965
SocialBehavioralAutism_4_58,SB,BroadlyAffectedAutism_0_0,BR,0.6518
SocialBehavioralAutism_4_58,SB,BroadlyAffectedAutism_2_12,BR,0.6057
SocialBehavioralAutism_4_58,SB,BroadlyAffectedAutism_2_13,BR,0.8412
SocialBehavioralAutism_4_58,SB,BroadlyAffectedAutism_3_33,BR,0.9911
SocialBehavioralAutism_4_58,SB,BroadlyAffectedAutism_3_52,BR,0.9824
SocialBehavioralAutism_4_58,SB,BroadlyAffectedAutism_4_61,BR,0.8228
SocialBehavioralAutism_4_58,SB,BroadlyAffectedAutism_4_69,BR,0.9118
SocialBehavioralAutism_4_58,SB,BroadlyAffectedAutism_4_93,BR,0.994
SocialBehavioralAutism_4_59,SB,BroadlyAffectedAutism_3_35,BR,0.8543
SocialBehavioralAutism_4_59,SB,BroadlyAffectedAutism_3_51,BR,0.9839
SocialBehavioralAutism_4_59,SB,BroadlyAffectedAutism_4_59,BR,0.9957
SocialBehavioralAutism_4_59,SB,BroadlyAffectedAutism_4_78,BR,0.6365
SocialBehavioralAutism_4_59,SB,BroadlyAffectedAutism_5_137,BR,0.9457
SocialBehavioralAutism_4_59,SB,BroadlyAffectedAutism_5_219,BR,0.91
SocialBehavioralAutism_4_60,SB,BroadlyAffectedAutism_4_62,BR,0.9822
SocialBehavioralAutism_4_60,SB,BroadlyAffectedAutism_4_99,BR,0.853
SocialBehavioralAutism_4_60,SB,BroadlyAffectedAutism_5_173,BR,0.5563
SocialBehavioralAutism_4_60,SB,BroadlyAffectedAutism_5_193,BR,0.976
SocialBehavioralAutism_4_61,SB,BroadlyAffectedAutism_2_10,BR,0.7244
SocialBehavioralAutism_4_61,SB,BroadlyAffectedAutism_5_174,BR,0.6256
SocialBehavioralAutism_4_63,SB,BroadlyAffectedAutism_4_60,BR,0.9913
SocialBehavioralAutism_4_63,SB,BroadlyAffectedAutism_5_123,BR,0.9958
SocialBehavioralAutism_4_65,SB,BroadlyAffectedAutism_2_16,BR,0.9073
SocialBehavioralAutism_4_65,SB,BroadlyAffectedAutism_4_86,BR,0.9948
SocialBehavioralAutism_4_67,SB,BroadlyAffectedAutism_4_60,BR,0.9855
SocialBehavioralAutism_4_67,SB,BroadlyAffectedAutism_4_65,BR,0.7393
SocialBehavioralAutism_4_67,SB,BroadlyAffectedAutism_4_99,BR,0.9906
SocialBehavioralAutism_4_67,SB,BroadlyAffectedAutism_5_119,BR,0.629
SocialBehavioralAutism_4_68,SB,BroadlyAffectedAutism_2_10,BR,0.9857
SocialBehavioralAutism_4_68,SB,BroadlyAffectedAutism_4_61,BR,0.5857
SocialBehavioralAutism_4_68,SB,BroadlyAffectedAutism_4_67,BR,0.9851
SocialBehavioralAutism_4_68,SB,BroadlyAffectedAutism_4_99,BR,0.9732
SocialBehavioralAutism_4_68,SB,BroadlyAffectedAutism_4_103,BR,0.9517
SocialBehavioralAutism_4_68,SB,BroadlyAffectedAutism_4_105,BR,0.9894
SocialBehavioralAutism_4_68,SB,BroadlyAffectedAutism_5_119,BR,0.9896
SocialBehavioralAutism_4_68,SB,BroadlyAffectedAutism_5_126,BR,0.9563
SocialBehavioralAutism_4_68,SB,BroadlyAffectedAutism_5_128,BR,0.9668
SocialBehavioralAutism_4_68,SB,BroadlyAffectedAutism_5_201,BR,0.8071
SocialBehavioralAutism_4_69,SB,BroadlyAffectedAutism_2_10,BR,0.67
SocialBehavioralAutism_4_69,SB,BroadlyAffectedAutism_2_11,BR,0.723
SocialBehavioralAutism_4_69,SB,BroadlyAffectedAutism_4_61,BR,0.9789
SocialBehavioralAutism_4_69,SB,BroadlyAffectedAutism_4_69,BR,0.7344
SocialBehavioralAutism_4_69,SB,BroadlyAffectedAutism_4_99,BR,0.9192
SocialBehavioralAutism_4_69,SB,BroadlyAffectedAutism_4_105,BR,0.6805
SocialBehavioralAutism_4_69,SB,BroadlyAffectedAutism_5_119,BR,0.9901
SocialBehavioralAutism_4_69,SB,BroadlyAffectedAutism_5_128,BR,0.9713
SocialBehavioralAutism_4_69,SB,BroadlyAffectedAutism_5_198,BR,0.9771
SocialBehavioralAutism_4_69,SB,BroadlyAffectedAutism_5_201,BR,0.9843
SocialBehavioralAutism_4_69,SB,BroadlyAffectedAutism_5_204,BR,0.8898
SocialBehavioralAutism_4_70,SB,BroadlyAffectedAutism_4_61,BR,0.5566
SocialBehavioralAutism_4_70,SB,BroadlyAffectedAutism_4_97,BR,0.9429
SocialBehavioralAutism_4_70,SB,BroadlyAffectedAutism_5_144,BR,0.5505
SocialBehavioralAutism_4_70,SB,BroadlyAffectedAutism_5_159,BR,0.6923
SocialBehavioralAutism_4_71,SB,BroadlyAffectedAutism_3_48,BR,0.9191
SocialBehavioralAutism_4_72,SB,BroadlyAffectedAutism_1_2,BR,0.998
SocialBehavioralAutism_5_74,SB,BroadlyAffectedAutism_5_157,BR,0.8521
SocialBehavioralAutism_5_75,SB,BroadlyAffectedAutism_3_35,BR,0.6084
SocialBehavioralAutism_5_75,SB,BroadlyAffectedAutism_5_123,BR,0.9721
SocialBehavioralAutism_5_75,SB,BroadlyAffectedAutism_5_140,BR,0.7475
SocialBehavioralAutism_5_76,SB,BroadlyAffectedAutism_1_1,BR,0.962
SocialBehavioralAutism_5_76,SB,BroadlyAffectedAutism_4_90,BR,0.9749
SocialBehavioralAutism_5_76,SB,BroadlyAffectedAutism_5_192,BR,0.5541
SocialBehavioralAutism_5_77,SB,BroadlyAffectedAutism_1_1,BR,0.9953
SocialBehavioralAutism_5_77,SB,BroadlyAffectedAutism_3_23,BR,0.9564
SocialBehavioralAutism_5_77,SB,BroadlyAffectedAutism_3_46,BR,0.949
SocialBehavioralAutism_5_77,SB,BroadlyAffectedAutism_4_90,BR,0.9975
SocialBehavioralAutism_5_77,SB,BroadlyAffectedAutism_5_192,BR,0.9853
SocialBehavioralAutism_5_79,SB,BroadlyAffectedAutism_5_222,BR,0.9862
SocialBehavioralAutism_5_80,SB,BroadlyAffectedAutism_5_173,BR,0.6063
SocialBehavioralAutism_5_80,SB,BroadlyAffectedAutism_5_179,BR,0.9361
SocialBehavioralAutism_5_80,SB,BroadlyAffectedAutism_5_193,BR,0.5618
SocialBehavioralAutism_5_81,SB,BroadlyAffectedAutism_4_102,BR,0.5724
SocialBehavioralAutism_5_82,SB,BroadlyAffectedAutism_4_75,BR,0.5747
SocialBehavioralAutism_5_85,SB,BroadlyAffectedAutism_3_41,BR,0.9978
SocialBehavioralAutism_5_85,SB,BroadlyAffectedAutism_3_49,BR,0.9965
SocialBehavioralAutism_5_85,SB,BroadlyAffectedAutism_4_63,BR,0.9934
SocialBehavioralAutism_5_85,SB,BroadlyAffectedAutism_4_89,BR,0.9949
SocialBehavioralAutism_5_85,SB,BroadlyAffectedAutism_5_182,BR,0.9268
SocialBehavioralAutism_5_86,SB,BroadlyAffectedAutism_4_69,BR,0.9926
SocialBehavioralAutism_5_86,SB,BroadlyAffectedAutism_5_128,BR,0.5738
SocialBehavioralAutism_5_86,SB,BroadlyAffectedAutism_5_175,BR,0.9829
SocialBehavioralAutism_5_86,SB,BroadlyAffectedAutism_5_201,BR,0.996
SocialBehavioralAutism_5_86,SB,BroadlyAffectedAutism_5_204,BR,0.9947
SocialBehavioralAutism_5_89,SB,BroadlyAffectedAutism_3_35,BR,0.6763
SocialBehavioralAutism_5_89,SB,BroadlyAffectedAutism_3_51,BR,0.9348
SocialBehavioralAutism_5_89,SB,BroadlyAffectedAutism_4_59,BR,0.9829
SocialBehavioralAutism_5_90,SB,BroadlyAffectedAutism_5_134,BR,0.9868
SocialBehavioralAutism_5_91,SB,BroadlyAffectedAutism_3_49,BR,0.9807
SocialBehavioralAutism_5_91,SB,BroadlyAffectedAutism_4_57,BR,0.992
SocialBehavioralAutism_5_91,SB,BroadlyAffectedAutism_4_104,BR,0.6821
SocialBehavioralAutism_5_96,SB,BroadlyAffectedAutism_5_168,BR,0.9863
SocialBehavioralAutism_5_97,SB,BroadlyAffectedAutism_5_144,BR,0.9828
SocialBehavioralAutism_5_97,SB,BroadlyAffectedAutism_5_164,BR,0.9774
SocialBehavioralAutism_5_100,SB,BroadlyAffectedAutism_3_51,BR,0.9837
SocialBehavioralAutism_5_100,SB,BroadlyAffectedAutism_4_60,BR,0.9937
SocialBehavioralAutism_5_100,SB,BroadlyAffectedAutism_4_62,BR,0.595
SocialBehavioralAutism_5_100,SB,BroadlyAffectedAutism_4_65,BR,0.7997
SocialBehavioralAutism_5_100,SB,BroadlyAffectedAutism_4_67,BR,0.8085
SocialBehavioralAutism_5_100,SB,BroadlyAffectedAutism_4_78,BR,0.9811
SocialBehavioralAutism_5_100,SB,BroadlyAffectedAutism_4_94,BR,0.7471
SocialBehavioralAutism_5_100,SB,BroadlyAffectedAutism_5_132,BR,0.9441
SocialBehavioralAutism_5_100,SB,BroadlyAffectedAutism_5_137,BR,0.9812
SocialBehavioralAutism_5_100,SB,BroadlyAffectedAutism_5_219,BR,0.9766
SocialBehavioralAutism_5_101,SB,BroadlyAffectedAutism_3_51,BR,0.8545
SocialBehavioralAutism_5_101,SB,BroadlyAffectedAutism_4_75,BR,0.9698
SocialBehavioralAutism_5_101,SB,BroadlyAffectedAutism_4_94,BR,0.9671
SocialBehavioralAutism_5_101,SB,BroadlyAffectedAutism_4_100,BR,0.9387
SocialBehavioralAutism_5_101,SB,BroadlyAffectedAutism_5_174,BR,0.8084
SocialBehavioralAutism_5_103,SB,BroadlyAffectedAutism_4_73,BR,0.9966
SocialBehavioralAutism_5_111,SB,BroadlyAffectedAutism_2_10,BR,0.9486
SocialBehavioralAutism_5_111,SB,BroadlyAffectedAutism_4_62,BR,0.893
SocialBehavioralAutism_5_111,SB,BroadlyAffectedAutism_4_107,BR,0.9556
SocialBehavioralAutism_5_111,SB,BroadlyAffectedAutism_5_126,BR,0.7574
SocialBehavioralAutism_5_113,SB,BroadlyAffectedAutism_4_103,BR,0.6507
SocialBehavioralAutism_5_113,SB,BroadlyAffectedAutism_5_137,BR,0.8983
SocialBehavioralAutism_5_114,SB,BroadlyAffectedAutism_5_207,BR,0.9312
SocialBehavioralAutism_5_115,SB,BroadlyAffectedAutism_2_10,BR,0.829
SocialBehavioralAutism_5_115,SB,BroadlyAffectedAutism_4_65,BR,0.9662
SocialBehavioralAutism_5_115,SB,BroadlyAffectedAutism_4_78,BR,0.9795
SocialBehavioralAutism_5_115,SB,BroadlyAffectedAutism_5_168,BR,0.9693
SocialBehavioralAutism_5_118,SB,BroadlyAffectedAutism_4_62,BR,0.9818
SocialBehavioralAutism_5_118,SB,BroadlyAffectedAutism_5_146,BR,0.9693
SocialBehavioralAutism_5_119,SB,BroadlyAffectedAutism_3_33,BR,0.5601
SocialBehavioralAutism_5_119,SB,BroadlyAffectedAutism_3_52,BR,0.5531
SocialBehavioralAutism_5_119,SB,BroadlyAffectedAutism_4_93,BR,0.9772
SocialBehavioralAutism_5_119,SB,BroadlyAffectedAutism_4_96,BR,0.997
SocialBehavioralAutism_5_122,SB,BroadlyAffectedAutism_5_123,BR,0.8274
SocialBehavioralAutism_5_122,SB,BroadlyAffectedAutism_5_137,BR,0.8206
SocialBehavioralAutism_5_123,SB,BroadlyAffectedAutism_4_71,BR,0.9715
SocialBehavioralAutism_5_127,SB,BroadlyAffectedAutism_5_119,BR,0.6602
SocialBehavioralAutism_5_129,SB,BroadlyAffectedAutism_2_8,BR,0.9977
SocialBehavioralAutism_5_129,SB,BroadlyAffectedAutism_3_21,BR,0.99
SocialBehavioralAutism_5_129,SB,BroadlyAffectedAutism_3_27,BR,0.9951
SocialBehavioralAutism_5_131,SB,BroadlyAffectedAutism_3_35,BR,0.9771
SocialBehavioralAutism_5_131,SB,BroadlyAffectedAutism_3_51,BR,0.9813
SocialBehavioralAutism_5_131,SB,BroadlyAffectedAutism_4_59,BR,0.7269
SocialBehavioralAutism_5_131,SB,BroadlyAffectedAutism_5_132,BR,0.9648
SocialBehavioralAutism_5_131,SB,BroadlyAffectedAutism_5_137,BR,0.5567
SocialBehavioralAutism_5_131,SB,BroadlyAffectedAutism_5_219,BR,0.9625
SocialBehavioralAutism_5_134,SB,BroadlyAffectedAutism_5_130,BR,0.9842
SocialBehavioralAutism_5_138,SB,BroadlyAffectedAutism_4_86,BR,0.9716
SocialBehavioralAutism_5_138,SB,BroadlyAffectedAutism_5_144,BR,0.9824
SocialBehavioralAutism_5_140,SB,BroadlyAffectedAutism_5_179,BR,0.7431
SocialBehavioralAutism_5_140,SB,BroadlyAffectedAutism_5_211,BR,0.9619
SocialBehavioralAutism_5_142,SB,BroadlyAffectedAutism_2_10,BR,0.6513
SocialBehavioralAutism_5_142,SB,BroadlyAffectedAutism_4_103,BR,0.9512
SocialBehavioralAutism_5_145,SB,BroadlyAffectedAutism_4_95,BR,0.9966
SocialBehavioralAutism_5_146,SB,BroadlyAffectedAutism_1_3,BR,0.5662
SocialBehavioralAutism_5_146,SB,BroadlyAffectedAutism_5_109,BR,0.6298
SocialBehavioralAutism_5_146,SB,BroadlyAffectedAutism_5_191,BR,0.9568
SocialBehavioralAutism_5_147,SB,BroadlyAffectedAutism_5_213,BR,0.9982
SocialBehavioralAutism_5_151,SB,BroadlyAffectedAutism_4_70,BR,0.5584
SocialBehavioralAutism_5_154,SB,BroadlyAffectedAutism_5_137,BR,0.9832
SocialBehavioralAutism_5_154,SB,BroadlyAffectedAutism_5_174,BR,0.6108
SocialBehavioralAutism_5_156,SB,BroadlyAffectedAutism_4_69,BR,0.9963
SocialBehavioralAutism_5_156,SB,BroadlyAffectedAutism_5_119,BR,0.9186
SocialBehavioralAutism_5_156,SB,BroadlyAffectedAutism_5_175,BR,0.9854
SocialBehavioralAutism_5_156,SB,BroadlyAffectedAutism_5_198,BR,0.9698
SocialBehavioralAutism_5_156,SB,BroadlyAffectedAutism_5_204,BR,0.9906
SocialBehavioralAutism_5_163,SB,BroadlyAffectedAutism_5_130,BR,0.9942
SocialBehavioralAutism_5_164,SB,BroadlyAffectedAutism_5_214,BR,0.9903
SocialBehavioralAutism_5_166,SB,BroadlyAffectedAutism_3_33,BR,0.9905
SocialBehavioralAutism_5_166,SB,BroadlyAffectedAutism_3_52,BR,0.9572
SocialBehavioralAutism_5_167,SB,BroadlyAffectedAutism_4_59,BR,0.9755
SocialBehavioralAutism_5_174,SB,BroadlyAffectedAutism_2_11,BR,0.9008
SocialBehavioralAutism_5_179,SB,BroadlyAffectedAutism_2_10,BR,0.9175
SocialBehavioralAutism_5_179,SB,BroadlyAffectedAutism_2_11,BR,0.9811
SocialBehavioralAutism_5_179,SB,BroadlyAffectedAutism_3_35,BR,0.9653
SocialBehavioralAutism_5_179,SB,BroadlyAffectedAutism_4_61,BR,0.9605
SocialBehavioralAutism_5_179,SB,BroadlyAffectedAutism_4_67,BR,0.9566
SocialBehavioralAutism_5_179,SB,BroadlyAffectedAutism_4_78,BR,0.9866
SocialBehavioralAutism_5_179,SB,BroadlyAffectedAutism_4_99,BR,0.97
SocialBehavioralAutism_5_179,SB,BroadlyAffectedAutism_4_100,BR,0.9419
SocialBehavioralAutism_5_179,SB,BroadlyAffectedAutism_4_105,BR,0.9905
SocialBehavioralAutism_5_179,SB,BroadlyAffectedAutism_5_119,BR,0.9967
SocialBehavioralAutism_5_179,SB,BroadlyAffectedAutism_5_126,BR,0.9635
SocialBehavioralAutism_5_179,SB,BroadlyAffectedAutism_5_128,BR,0.581
SocialBehavioralAutism_5_179,SB,BroadlyAffectedAutism_5_198,BR,0.9806
SocialBehavioralAutism_5_180,SB,BroadlyAffectedAutism_5_138,BR,0.9934
SocialBehavioralAutism_5_180,SB,BroadlyAffectedAutism_5_153,BR,0.9893
SocialBehavioralAutism_6_183,SB,BroadlyAffectedAutism_3_33,BR,0.9895
SocialBehavioralAutism_6_183,SB,BroadlyAffectedAutism_3_52,BR,0.9609
SocialBehavioralAutism_6_183,SB,BroadlyAffectedAutism_4_69,BR,0.7348
SocialBehavioralAutism_6_183,SB,BroadlyAffectedAutism_4_93,BR,0.9891
SocialBehavioralAutism_6_184,SB,BroadlyAffectedAutism_4_103,BR,0.9615
SocialBehavioralAutism_6_186,SB,BroadlyAffectedAutism_4_80,BR,0.9949
SocialBehavioralAutism_6_186,SB,BroadlyAffectedAutism_5_116,BR,0.998
SocialBehavioralAutism_6_187,SB,BroadlyAffectedAutism_5_170,BR,0.8387
SocialBehavioralAutism_6_192,SB,BroadlyAffectedAutism_4_65,BR,0.8734
SocialBehavioralAutism_6_192,SB,BroadlyAffectedAutism_4_107,BR,0.9909
SocialBehavioralAutism_6_192,SB,BroadlyAffectedAutism_5_126,BR,0.9649
SocialBehavioralAutism_6_194,SB,BroadlyAffectedAutism_3_35,BR,0.9285
SocialBehavioralAutism_6_194,SB,BroadlyAffectedAutism_3_51,BR,0.6086
SocialBehavioralAutism_6_194,SB,BroadlyAffectedAutism_4_75,BR,0.9971
SocialBehavioralAutism_6_195,SB,BroadlyAffectedAutism_5_170,BR,0.9753
SocialBehavioralAutism_6_195,SB,BroadlyAffectedAutism_5_179,BR,0.8644
SocialBehavioralAutism_6_199,SB,BroadlyAffectedAutism_3_33,BR,0.9924
SocialBehavioralAutism_6_200,SB,BroadlyAffectedAutism_2_18,BR,0.9177
SocialBehavioralAutism_6_200,SB,BroadlyAffectedAutism_4_64,BR,0.6588
SocialBehavioralAutism_6_206,SB,BroadlyAffectedAutism_5_164,BR,0.8607
SocialBehavioralAutism_6_207,SB,BroadlyAffectedAutism_5_133,BR,0.9895
SocialBehavioralAutism_6_207,SB,BroadlyAffectedAutism_5_173,BR,0.7092
SocialBehavioralAutism_6_211,SB,BroadlyAffectedAutism_5_134,BR,0.9936
SocialBehavioralAutism_6_211,SB,BroadlyAffectedAutism_5_173,BR,0.9393
SocialBehavioralAutism_6_211,SB,BroadlyAffectedAutism_5_193,BR,0.6289
SocialBehavioralAutism_6_213,SB,BroadlyAffectedAutism_0_0,BR,0.5902
SocialBehavioralAutism_6_213,SB,BroadlyAffectedAutism_3_35,BR,0.6698
SocialBehavioralAutism_6_213,SB,BroadlyAffectedAutism_3_51,BR,0.8446
SocialBehavioralAutism_6_215,SB,BroadlyAffectedAutism_5_137,BR,0.7899
SocialBehavioralAutism_6_216,SB,BroadlyAffectedAutism_5_123,BR,0.5889
SocialBehavioralAutism_6_216,SB,BroadlyAffectedAutism_5_174,BR,0.9628
SocialBehavioralAutism_6_219,SB,BroadlyAffectedAutism_3_33,BR,0.8955
SocialBehavioralAutism_6_219,SB,BroadlyAffectedAutism_4_71,BR,0.961
SocialBehavioralAutism_6_219,SB,BroadlyAffectedAutism_4_94,BR,0.9685
SocialBehavioralAutism_6_221,SB,BroadlyAffectedAutism_5_135,BR,0.9948
SocialBehavioralAutism_6_223,SB,BroadlyAffectedAutism_3_52,BR,0.8915
SocialBehavioralAutism_6_223,SB,BroadlyAffectedAutism_4_87,BR,0.9883
SocialBehavioralAutism_6_223,SB,BroadlyAffectedAutism_5_137,BR,0.7718
SocialBehavioralAutism_6_223,SB,BroadlyAffectedAutism_5_146,BR,0.9955
SocialBehavioralAutism_6_224,SB,BroadlyAffectedAutism_5_176,BR,0.9587
SocialBehavioralAutism_6_225,SB,BroadlyAffectedAutism_2_9,BR,0.8127
SocialBehavioralAutism_6_225,SB,BroadlyAffectedAutism_2_16,BR,0.7
SocialBehavioralAutism_6_225,SB,BroadlyAffectedAutism_4_69,BR,0.9974
SocialBehavioralAutism_6_225,SB,BroadlyAffectedAutism_5_201,BR,0.986
SocialBehavioralAutism_6_226,SB,BroadlyAffectedAutism_3_41,BR,0.5513
SocialBehavioralAutism_6_226,SB,BroadlyAffectedAutism_3_49,BR,0.5512
SocialBehavioralAutism_6_226,SB,BroadlyAffectedAutism_4_59,BR,0.9892
MixedASDwithDelay_1_1,MX,ModerateAutism_2_4,MO,0.9951
MixedASDwithDelay_1_1,MX,ModerateAutism_2_7,MO,0.9975
MixedASDwithDelay_1_1,MX,ModerateAutism_5_93,MO,0.6286
MixedASDwithDelay_1_2,MX,ModerateAutism_5_150,MO,0.7347
MixedASDwithDelay_1_3,MX,ModerateAutism_1_3,MO,0.9973
MixedASDwithDelay_1_3,MX,ModerateAutism_2_13,MO,0.9874
MixedASDwithDelay_1_3,MX,ModerateAutism_3_16,MO,0.6004
MixedASDwithDelay_1_3,MX,ModerateAutism_4_45,MO,0.8716
MixedASDwithDelay_1_3,MX,ModerateAutism_4_56,MO,0.9497
MixedASDwithDelay_1_3,MX,ModerateAutism_5_110,MO,0.9975
MixedASDwithDelay_1_3,MX,ModerateAutism_5_203,MO,0.9725
MixedASDwithDelay_2_5,MX,ModerateAutism_3_36,MO,0.6392
MixedASDwithDelay_2_5,MX,ModerateAutism_5_136,MO,0.7745
MixedASDwithDelay_2_5,MX,ModerateAutism_5_149,MO,0.5919
MixedASDwithDelay_2_5,MX,ModerateAutism_6_220,MO,0.9546
MixedASDwithDelay_2_6,MX,ModerateAutism_1_3,MO,0.5649
MixedASDwithDelay_2_6,MX,ModerateAutism_2_8,MO,0.8937
MixedASDwithDelay_2_6,MX,ModerateAutism_3_22,MO,0.8356
MixedASDwithDelay_2_6,MX,ModerateAutism_3_34,MO,0.9805
MixedASDwithDelay_2_6,MX,ModerateAutism_3_38,MO,0.9209
MixedASDwithDelay_2_6,MX,ModerateAutism_4_50,MO,0.9939
MixedASDwithDelay_2_6,MX,ModerateAutism_4_57,MO,0.9675
MixedASDwithDelay_2_6,MX,ModerateAutism_4_69,MO,0.9919
MixedASDwithDelay_2_6,MX,ModerateAutism_4_85,MO,0.9281
MixedASDwithDelay_2_6,MX,ModerateAutism_4_88,MO,0.8688
MixedASDwithDelay_2_6,MX,ModerateAutism_5_97,MO,0.848
MixedASDwithDelay_2_6,MX,ModerateAutism_5_157,MO,0.8153
MixedASDwithDelay_2_6,MX,ModerateAutism_5_176,MO,0.9774
MixedASDwithDelay_2_7,MX,ModerateAutism_6_235,MO,0.5914
MixedASDwithDelay_2_13,MX,ModerateAutism_3_22,MO,0.8757
MixedASDwithDelay_2_13,MX,ModerateAutism_3_38,MO,0.903
MixedASDwithDelay_2_13,MX,ModerateAutism_4_45,MO,0.8812
MixedASDwithDelay_2_13,MX,ModerateAutism_4_88,MO,0.9441
MixedASDwithDelay_2_13,MX,ModerateAutism_5_97,MO,0.9826
MixedASDwithDelay_2_13,MX,ModerateAutism_5_198,MO,0.8738
MixedASDwithDelay_2_14,MX,ModerateAutism_3_29,MO,0.9922
MixedASDwithDelay_2_14,MX,ModerateAutism_3_36,MO,0.5604
MixedASDwithDelay_2_14,MX,ModerateAutism_4_58,MO,0.9809
MixedASDwithDelay_2_14,MX,ModerateAutism_4_77,MO,0.9467
MixedASDwithDelay_2_14,MX,ModerateAutism_5_172,MO,0.9922
MixedASDwithDelay_3_16,MX,ModerateAutism_5_114,MO,0.658
MixedASDwithDelay_3_17,MX,ModerateAutism_5_92,MO,0.9506
MixedASDwithDelay_3_17,MX,ModerateAutism_6_218,MO,0.9941
MixedASDwithDelay_3_18,MX,ModerateAutism_2_9,MO,0.994
MixedASDwithDelay_3_18,MX,ModerateAutism_3_16,MO,0.9231
MixedASDwithDelay_3_18,MX,ModerateAutism_3_35,MO,0.5704
MixedASDwithDelay_3_18,MX,ModerateAutism_3_36,MO,0.5827
MixedASDwithDelay_3_18,MX,ModerateAutism_3_37,MO,0.7138
MixedASDwithDelay_3_18,MX,ModerateAutism_4_55,MO,0.9959
MixedASDwithDelay_3_18,MX,ModerateAutism_4_56,MO,0.9718
MixedASDwithDelay_3_18,MX,ModerateAutism_5_172,MO,0.9925
MixedASDwithDelay_3_23,MX,ModerateAutism_2_9,MO,0.9765
MixedASDwithDelay_3_23,MX,ModerateAutism_4_42,MO,0.6822
MixedASDwithDelay_3_23,MX,ModerateAutism_4_55,MO,0.9881
MixedASDwithDelay_3_23,MX,ModerateAutism_4_58,MO,0.819
MixedASDwithDelay_3_23,MX,ModerateAutism_4_77,MO,0.7808
MixedASDwithDelay_3_23,MX,ModerateAutism_5_92,MO,0.5911
MixedASDwithDelay_3_23,MX,ModerateAutism_5_100,MO,0.9808
MixedASDwithDelay_3_23,MX,ModerateAutism_5_158,MO,0.9496
MixedASDwithDelay_3_23,MX,ModerateAutism_5_172,MO,0.9874
MixedASDwithDelay_3_24,MX,ModerateAutism_4_57,MO,0.9887
MixedASDwithDelay_3_24,MX,ModerateAutism_4_79,MO,0.7415
MixedASDwithDelay_3_24,MX,ModerateAutism_5_97,MO,0.9008
MixedASDwithDelay_3_24,MX,ModerateAutism_5_98,MO,0.7969
MixedASDwithDelay_3_24,MX,ModerateAutism_5_104,MO,0.9821
MixedASDwithDelay_3_24,MX,ModerateAutism_5_121,MO,0.9329
MixedASDwithDelay_3_25,MX,ModerateAutism_3_35,MO,0.7702
MixedASDwithDelay_3_25,MX,ModerateAutism_3_37,MO,0.9778
MixedASDwithDelay_3_25,MX,ModerateAutism_4_55,MO,0.9792
MixedASDwithDelay_3_25,MX,ModerateAutism_4_77,MO,0.9959
MixedASDwithDelay_3_25,MX,ModerateAutism_5_100,MO,0.9631
MixedASDwithDelay_3_25,MX,ModerateAutism_5_158,MO,0.9528
MixedASDwithDelay_3_25,MX,ModerateAutism_5_171,MO,0.8763
MixedASDwithDelay_3_25,MX,ModerateAutism_5_172,MO,0.9835
MixedASDwithDelay_3_25,MX,ModerateAutism_6_235,MO,0.6327
MixedASDwithDelay_3_26,MX,ModerateAutism_4_47,MO,0.8996
MixedASDwithDelay_3_26,MX,ModerateAutism_4_70,MO,0.8195
MixedASDwithDelay_3_26,MX,ModerateAutism_5_92,MO,0.8149
MixedASDwithDelay_3_26,MX,ModerateAutism_5_116,MO,0.981
MixedASDwithDelay_3_26,MX,ModerateAutism_5_162,MO,0.8837
MixedASDwithDelay_3_27,MX,ModerateAutism_3_15,MO,0.9912
MixedASDwithDelay_3_27,MX,ModerateAutism_3_17,MO,0.9925
MixedASDwithDelay_3_27,MX,ModerateAutism_4_79,MO,0.965
MixedASDwithDelay_3_27,MX,ModerateAutism_5_111,MO,0.6982
MixedASDwithDelay_3_31,MX,ModerateAutism_3_37,MO,0.9961
MixedASDwithDelay_3_31,MX,ModerateAutism_5_158,MO,0.6106
MixedASDwithDelay_3_31,MX,ModerateAutism_5_172,MO,0.5597
MixedASDwithDelay_3_32,MX,ModerateAutism_1_3,MO,0.9788
MixedASDwithDelay_3_32,MX,ModerateAutism_2_13,MO,0.9925
MixedASDwithDelay_3_32,MX,ModerateAutism_3_20,MO,0.9885
MixedASDwithDelay_3_32,MX,ModerateAutism_3_31,MO,0.9822
MixedASDwithDelay_3_32,MX,ModerateAutism_4_45,MO,0.7178
MixedASDwithDelay_3_32,MX,ModerateAutism_4_56,MO,0.9762
MixedASDwithDelay_3_32,MX,ModerateAutism_5_97,MO,0.8723
MixedASDwithDelay_3_32,MX,ModerateAutism_5_110,MO,0.9549
MixedASDwithDelay_3_32,MX,ModerateAutism_5_133,MO,0.9827
MixedASDwithDelay_3_32,MX,ModerateAutism_5_142,MO,0.5576
MixedASDwithDelay_3_32,MX,ModerateAutism_5_149,MO,0.9733
MixedASDwithDelay_3_32,MX,ModerateAutism_6_220,MO,0.6002
MixedASDwithDelay_3_32,MX,ModerateAutism_6_222,MO,0.9917
MixedASDwithDelay_3_32,MX,ModerateAutism_6_233,MO,0.9929
MixedASDwithDelay_3_34,MX,ModerateAutism_3_14,MO,0.9887
MixedASDwithDelay_3_34,MX,ModerateAutism_4_39,MO,0.6439
MixedASDwithDelay_3_35,MX,ModerateAutism_4_77,MO,0.8865
MixedASDwithDelay_3_35,MX,ModerateAutism_5_126,MO,0.6567
MixedASDwithDelay_3_35,MX,ModerateAutism_5_158,MO,0.6199
MixedASDwithDelay_3_35,MX,ModerateAutism_5_166,MO,0.6807
MixedASDwithDelay_4_39,MX,ModerateAutism_3_16,MO,0.9446
MixedASDwithDelay_4_39,MX,ModerateAutism_3_20,MO,0.761
MixedASDwithDelay_4_39,MX,ModerateAutism_4_56,MO,0.9183
MixedASDwithDelay_4_39,MX,ModerateAutism_5_110,MO,0.6559
MixedASDwithDelay_4_39,MX,ModerateAutism_5_149,MO,0.8917
MixedASDwithDelay_4_39,MX,ModerateAutism_5_203,MO,0.739
MixedASDwithDelay_4_39,MX,ModerateAutism_6_220,MO,0.9637
MixedASDwithDelay_4_39,MX,ModerateAutism_6_233,MO,0.6165
MixedASDwithDelay_4_40,MX,ModerateAutism_4_70,MO,0.6003
MixedASDwithDelay_4_40,MX,ModerateAutism_4_86,MO,0.8361
MixedASDwithDelay_4_40,MX,ModerateAutism_5_150,MO,0.9497
MixedASDwithDelay_4_41,MX,ModerateAutism_3_16,MO,0.6158
MixedASDwithDelay_4_41,MX,ModerateAutism_3_35,MO,0.5536
MixedASDwithDelay_4_41,MX,ModerateAutism_3_36,MO,0.8616
MixedASDwithDelay_4_41,MX,ModerateAutism_3_37,MO,0.9823
MixedASDwithDelay_4_41,MX,ModerateAutism_4_55,MO,0.9967
MixedASDwithDelay_4_41,MX,ModerateAutism_4_77,MO,0.9941
MixedASDwithDelay_4_41,MX,ModerateAutism_5_172,MO,0.9909
MixedASDwithDelay_4_42,MX,ModerateAutism_2_5,MO,0.6477
MixedASDwithDelay_4_42,MX,ModerateAutism_4_44,MO,0.8073
MixedASDwithDelay_4_46,MX,ModerateAutism_4_40,MO,0.9703
MixedASDwithDelay_4_46,MX,ModerateAutism_5_92,MO,0.9676
MixedASDwithDelay_4_46,MX,ModerateAutism_5_132,MO,0.9685
MixedASDwithDelay_4_46,MX,ModerateAutism_5_142,MO,0.9858
MixedASDwithDelay_4_46,MX,ModerateAutism_5_194,MO,0.9781
MixedASDwithDelay_4_52,MX,ModerateAutism_3_16,MO,0.9239
MixedASDwithDelay_4_52,MX,ModerateAutism_3_36,MO,0.9971
MixedASDwithDelay_4_52,MX,ModerateAutism_4_45,MO,0.8833
MixedASDwithDelay_4_52,MX,ModerateAutism_5_97,MO,0.9635
MixedASDwithDelay_4_52,MX,ModerateAutism_6_222,MO,0.9401
MixedASDwithDelay_4_52,MX,ModerateAutism_6_233,MO,0.9868
MixedASDwithDelay_4_58,MX,ModerateAutism_4_47,MO,0.9859
MixedASDwithDelay_4_58,MX,ModerateAutism_4_59,MO,0.724
MixedASDwithDelay_4_58,MX,ModerateAutism_4_83,MO,0.6236
MixedASDwithDelay_4_58,MX,ModerateAutism_5_92,MO,0.9932
MixedASDwithDelay_4_58,MX,ModerateAutism_5_159,MO,0.9898
MixedASDwithDelay_4_58,MX,ModerateAutism_5_162,MO,0.9714
MixedASDwithDelay_4_59,MX,ModerateAutism_3_20,MO,0.7926
MixedASDwithDelay_4_59,MX,ModerateAutism_4_45,MO,0.7671
MixedASDwithDelay_4_59,MX,ModerateAutism_4_56,MO,0.9624
MixedASDwithDelay_4_59,MX,ModerateAutism_4_76,MO,0.9979
MixedASDwithDelay_4_59,MX,ModerateAutism_5_94,MO,0.9865
MixedASDwithDelay_4_59,MX,ModerateAutism_5_120,MO,0.9894
MixedASDwithDelay_4_59,MX,ModerateAutism_5_133,MO,0.6391
MixedASDwithDelay_4_59,MX,ModerateAutism_5_149,MO,0.9846
MixedASDwithDelay_4_59,MX,ModerateAutism_6_220,MO,0.9778
MixedASDwithDelay_4_59,MX,ModerateAutism_6_222,MO,0.707
MixedASDwithDelay_4_59,MX,ModerateAutism_6_229,MO,0.9965
MixedASDwithDelay_4_60,MX,ModerateAutism_3_29,MO,0.9666
MixedASDwithDelay_4_60,MX,ModerateAutism_4_58,MO,0.997
MixedASDwithDelay_4_60,MX,ModerateAutism_5_145,MO,0.9938
MixedASDwithDelay_4_60,MX,ModerateAutism_5_158,MO,0.9756
MixedASDwithDelay_4_60,MX,ModerateAutism_6_221,MO,0.9867
MixedASDwithDelay_4_61,MX,ModerateAutism_4_73,MO,0.5881
MixedASDwithDelay_4_61,MX,ModerateAutism_5_127,MO,0.9084
MixedASDwithDelay_4_62,MX,ModerateAutism_3_20,MO,0.9337
MixedASDwithDelay_4_62,MX,ModerateAutism_4_42,MO,0.9724
MixedASDwithDelay_4_62,MX,ModerateAutism_4_45,MO,0.6109
MixedASDwithDelay_4_62,MX,ModerateAutism_4_56,MO,0.9512
MixedASDwithDelay_4_62,MX,ModerateAutism_4_76,MO,0.9833
MixedASDwithDelay_4_62,MX,ModerateAutism_5_94,MO,0.9932
MixedASDwithDelay_4_62,MX,ModerateAutism_5_120,MO,0.9945
MixedASDwithDelay_4_62,MX,ModerateAutism_5_133,MO,0.9955
MixedASDwithDelay_4_62,MX,ModerateAutism_5_149,MO,0.994
MixedASDwithDelay_4_62,MX,ModerateAutism_6_220,MO,0.9733
MixedASDwithDelay_4_62,MX,ModerateAutism_6_229,MO,0.9946
MixedASDwithDelay_4_63,MX,ModerateAutism_3_15,MO,0.9606
MixedASDwithDelay_4_63,MX,ModerateAutism_3_16,MO,0.803
MixedASDwithDelay_4_63,MX,ModerateAutism_4_45,MO,0.7753
MixedASDwithDelay_4_63,MX,ModerateAutism_6_233,MO,0.9855
MixedASDwithDelay_4_64,MX,ModerateAutism_5_99,MO,0.9816
MixedASDwithDelay_4_64,MX,ModerateAutism_5_118,MO,0.9952
MixedASDwithDelay_4_64,MX,ModerateAutism_5_157,MO,0.9826
MixedASDwithDelay_4_65,MX,ModerateAutism_3_35,MO,0.9376
MixedASDwithDelay_4_65,MX,ModerateAutism_4_77,MO,0.9212
MixedASDwithDelay_4_65,MX,ModerateAutism_5_126,MO,0.7007
MixedASDwithDelay_4_65,MX,ModerateAutism_5_158,MO,0.9244
MixedASDwithDelay_4_66,MX,ModerateAutism_2_4,MO,0.9954
MixedASDwithDelay_4_66,MX,ModerateAutism_2_7,MO,0.9975
MixedASDwithDelay_4_68,MX,ModerateAutism_4_70,MO,0.9651
MixedASDwithDelay_4_68,MX,ModerateAutism_5_146,MO,0.986
MixedASDwithDelay_4_71,MX,ModerateAutism_4_47,MO,0.9954
MixedASDwithDelay_4_71,MX,ModerateAutism_4_48,MO,0.9896
MixedASDwithDelay_4_71,MX,ModerateAutism_4_59,MO,0.9292
MixedASDwithDelay_4_71,MX,ModerateAutism_4_70,MO,0.9872
MixedASDwithDelay_4_71,MX,ModerateAutism_4_83,MO,0.5578
MixedASDwithDelay_4_71,MX,ModerateAutism_5_159,MO,0.9869
MixedASDwithDelay_4_71,MX,ModerateAutism_5_162,MO,0.6623
MixedASDwithDelay_4_72,MX,ModerateAutism_1_1,MO,0.9977
MixedASDwithDelay_4_72,MX,ModerateAutism_2_7,MO,0.9887
MixedASDwithDelay_4_73,MX,ModerateAutism_3_24,MO,0.5536
MixedASDwithDelay_4_73,MX,ModerateAutism_3_34,MO,0.9717
MixedASDwithDelay_4_73,MX,ModerateAutism_4_57,MO,0.9955
MixedASDwithDelay_4_73,MX,ModerateAutism_4_69,MO,0.998
MixedASDwithDelay_4_73,MX,ModerateAutism_4_79,MO,0.9208
MixedASDwithDelay_4_73,MX,ModerateAutism_4_88,MO,0.9781
MixedASDwithDelay_4_73,MX,ModerateAutism_5_104,MO,0.9522
MixedASDwithDelay_4_73,MX,ModerateAutism_5_121,MO,0.9263
MixedASDwithDelay_4_73,MX,ModerateAutism_5_157,MO,0.9906
MixedASDwithDelay_4_73,MX,ModerateAutism_5_193,MO,0.9576
MixedASDwithDelay_4_75,MX,ModerateAutism_2_9,MO,0.9529
MixedASDwithDelay_4_75,MX,ModerateAutism_3_16,MO,0.8792
MixedASDwithDelay_4_75,MX,ModerateAutism_3_17,MO,0.966
MixedASDwithDelay_4_75,MX,ModerateAutism_3_29,MO,0.9948
MixedASDwithDelay_4_75,MX,ModerateAutism_3_37,MO,0.9853
MixedASDwithDelay_4_75,MX,ModerateAutism_4_55,MO,0.9958
MixedASDwithDelay_4_75,MX,ModerateAutism_4_56,MO,0.5679
MixedASDwithDelay_4_75,MX,ModerateAutism_4_77,MO,0.6481
MixedASDwithDelay_4_75,MX,ModerateAutism_5_143,MO,0.6966
MixedASDwithDelay_4_75,MX,ModerateAutism_5_145,MO,0.95
MixedASDwithDelay_4_75,MX,ModerateAutism_5_158,MO,0.9891
MixedASDwithDelay_4_75,MX,ModerateAutism_5_172,MO,0.9973
MixedASDwithDelay_4_75,MX,ModerateAutism_6_221,MO,0.984
MixedASDwithDelay_4_76,MX,ModerateAutism_3_34,MO,0.9902
MixedASDwithDelay_4_76,MX,ModerateAutism_4_79,MO,0.9858
MixedASDwithDelay_4_76,MX,ModerateAutism_5_99,MO,0.9643
MixedASDwithDelay_4_76,MX,ModerateAutism_5_148,MO,0.9753
MixedASDwithDelay_4_76,MX,ModerateAutism_5_157,MO,0.991
MixedASDwithDelay_5_87,MX,ModerateAutism_2_12,MO,0.9511
MixedASDwithDelay_5_88,MX,ModerateAutism_3_34,MO,0.8321
MixedASDwithDelay_5_88,MX,ModerateAutism_4_57,MO,0.9919
MixedASDwithDelay_5_88,MX,ModerateAutism_4_79,MO,0.6053
MixedASDwithDelay_5_88,MX,ModerateAutism_5_157,MO,0.7094
MixedASDwithDelay_5_96,MX,ModerateAutism_4_76,MO,0.9728
MixedASDwithDelay_5_96,MX,ModerateAutism_5_94,MO,0.9785
MixedASDwithDelay_5_96,MX,ModerateAutism_5_97,MO,0.8101
MixedASDwithDelay_5_96,MX,ModerateAutism_5_149,MO,0.7781
MixedASDwithDelay_5_96,MX,ModerateAutism_5_175,MO,0.9946
MixedASDwithDelay_5_96,MX,ModerateAutism_6_220,MO,0.972
MixedASDwithDelay_5_98,MX,ModerateAutism_5_116,MO,0.9416
MixedASDwithDelay_5_98,MX,ModerateAutism_5_158,MO,0.553
MixedASDwithDelay_5_101,MX,ModerateAutism_3_29,MO,0.9843
MixedASDwithDelay_5_101,MX,ModerateAutism_6_221,MO,0.5639
MixedASDwithDelay_5_102,MX,ModerateAutism_5_130,MO,0.9937
MixedASDwithDelay_5_103,MX,ModerateAutism_1_1,MO,0.9912
MixedASDwithDelay_5_103,MX,ModerateAutism_6_214,MO,0.9502
MixedASDwithDelay_5_105,MX,ModerateAutism_4_51,MO,0.9798
MixedASDwithDelay_5_105,MX,ModerateAutism_4_61,MO,0.6267
MixedASDwithDelay_5_105,MX,ModerateAutism_4_67,MO,0.7923
MixedASDwithDelay_5_105,MX,ModerateAutism_5_137,MO,0.9746
MixedASDwithDelay_5_107,MX,ModerateAutism_4_41,MO,0.9941
MixedASDwithDelay_5_108,MX,ModerateAutism_6_235,MO,0.6333
MixedASDwithDelay_5_109,MX,ModerateAutism_4_40,MO,0.9246
MixedASDwithDelay_5_109,MX,ModerateAutism_5_116,MO,0.5544
MixedASDwithDelay_5_109,MX,ModerateAutism_5_142,MO,0.5709
MixedASDwithDelay_5_110,MX,ModerateAutism_4_41,MO,0.9755
MixedASDwithDelay_5_113,MX,ModerateAutism_3_34,MO,0.9201
MixedASDwithDelay_5_113,MX,ModerateAutism_4_57,MO,0.6072
MixedASDwithDelay_5_114,MX,ModerateAutism_2_8,MO,0.9616
MixedASDwithDelay_5_114,MX,ModerateAutism_3_20,MO,0.9756
MixedASDwithDelay_5_114,MX,ModerateAutism_3_31,MO,0.9797
MixedASDwithDelay_5_114,MX,ModerateAutism_3_36,MO,0.5541
MixedASDwithDelay_5_114,MX,ModerateAutism_4_45,MO,0.9808
MixedASDwithDelay_5_114,MX,ModerateAutism_4_56,MO,0.9833
MixedASDwithDelay_5_114,MX,ModerateAutism_4_76,MO,0.6825
MixedASDwithDelay_5_114,MX,ModerateAutism_5_97,MO,0.9793
MixedASDwithDelay_5_114,MX,ModerateAutism_5_120,MO,0.9766
MixedASDwithDelay_5_114,MX,ModerateAutism_5_149,MO,0.9885
MixedASDwithDelay_5_114,MX,ModerateAutism_5_175,MO,0.5874
MixedASDwithDelay_5_114,MX,ModerateAutism_5_176,MO,0.9775
MixedASDwithDelay_5_114,MX,ModerateAutism_6_220,MO,0.9828
MixedASDwithDelay_5_114,MX,ModerateAutism_6_222,MO,0.6868
MixedASDwithDelay_5_114,MX,ModerateAutism_6_233,MO,0.9906
MixedASDwithDelay_5_115,MX,ModerateAutism_4_55,MO,0.8607
MixedASDwithDelay_5_116,MX,ModerateAutism_4_42,MO,0.5662
MixedASDwithDelay_5_116,MX,ModerateAutism_4_76,MO,0.9959
MixedASDwithDelay_5_116,MX,ModerateAutism_5_94,MO,0.9802
MixedASDwithDelay_5_116,MX,ModerateAutism_5_120,MO,0.9972
MixedASDwithDelay_5_116,MX,ModerateAutism_5_133,MO,0.959
MixedASDwithDelay_5_116,MX,ModerateAutism_5_149,MO,0.9958
MixedASDwithDelay_5_116,MX,ModerateAutism_6_220,MO,0.9862
MixedASDwithDelay_5_116,MX,ModerateAutism_6_229,MO,0.998
MixedASDwithDelay_5_117,MX,ModerateAutism_3_27,MO,0.9625
MixedASDwithDelay_5_117,MX,ModerateAutism_4_48,MO,0.9752
MixedASDwithDelay_5_117,MX,ModerateAutism_4_70,MO,0.9851
MixedASDwithDelay_5_117,MX,ModerateAutism_5_150,MO,0.9962
MixedASDwithDelay_5_129,MX,ModerateAutism_5_118,MO,0.9739
MixedASDwithDelay_5_130,MX,ModerateAutism_4_69,MO,0.6143
MixedASDwithDelay_5_130,MX,ModerateAutism_5_121,MO,0.9305
MixedASDwithDelay_5_130,MX,ModerateAutism_5_157,MO,0.9803
MixedASDwithDelay_5_132,MX,ModerateAutism_3_15,MO,0.9843
MixedASDwithDelay_5_132,MX,ModerateAutism_5_111,MO,0.5597
MixedASDwithDelay_5_134,MX,ModerateAutism_3_30,MO,0.9934
MixedASDwithDelay_5_135,MX,ModerateAutism_3_24,MO,0.976
MixedASDwithDelay_5_135,MX,ModerateAutism_3_38,MO,0.9841
MixedASDwithDelay_5_135,MX,ModerateAutism_4_50,MO,0.9375
MixedASDwithDelay_5_135,MX,ModerateAutism_4_57,MO,0.6785
MixedASDwithDelay_5_135,MX,ModerateAutism_4_69,MO,0.9852
MixedASDwithDelay_5_135,MX,ModerateAutism_4_88,MO,0.9365
MixedASDwithDelay_5_135,MX,ModerateAutism_5_157,MO,0.7999
MixedASDwithDelay_5_135,MX,ModerateAutism_5_209,MO,0.9014
MixedASDwithDelay_5_135,MX,ModerateAutism_6_220,MO,0.6218
MixedASDwithDelay_5_136,MX,ModerateAutism_3_22,MO,0.991
MixedASDwithDelay_5_136,MX,ModerateAutism_4_50,MO,0.9852
MixedASDwithDelay_5_136,MX,ModerateAutism_4_52,MO,0.9869
MixedASDwithDelay_5_136,MX,ModerateAutism_5_118,MO,0.968
MixedASDwithDelay_5_137,MX,ModerateAutism_2_5,MO,0.6838
MixedASDwithDelay_5_137,MX,ModerateAutism_3_27,MO,0.9401
MixedASDwithDelay_5_137,MX,ModerateAutism_5_150,MO,0.9585
MixedASDwithDelay_5_137,MX,ModerateAutism_5_167,MO,0.9894
MixedASDwithDelay_5_139,MX,ModerateAutism_3_34,MO,0.9916
MixedASDwithDelay_5_139,MX,ModerateAutism_4_56,MO,0.9004
MixedASDwithDelay_5_139,MX,ModerateAutism_4_57,MO,0.9941
MixedASDwithDelay_5_139,MX,ModerateAutism_4_79,MO,0.9585
MixedASDwithDelay_5_139,MX,ModerateAutism_5_97,MO,0.9103
MixedASDwithDelay_5_139,MX,ModerateAutism_5_98,MO,0.9781
MixedASDwithDelay_5_139,MX,ModerateAutism_5_99,MO,0.9052
MixedASDwithDelay_5_139,MX,ModerateAutism_5_157,MO,0.9778
MixedASDwithDelay_5_141,MX,ModerateAutism_3_16,MO,0.6104
MixedASDwithDelay_5_141,MX,ModerateAutism_5_97,MO,0.9523
MixedASDwithDelay_5_143,MX,ModerateAutism_5_93,MO,0.9662
MixedASDwithDelay_5_143,MX,ModerateAutism_5_103,MO,0.7914
MixedASDwithDelay_5_143,MX,ModerateAutism_5_164,MO,0.986
MixedASDwithDelay_5_143,MX,ModerateAutism_6_212,MO,0.9301
MixedASDwithDelay_5_143,MX,ModerateAutism_6_214,MO,0.9934
MixedASDwithDelay_5_144,MX,ModerateAutism_5_130,MO,0.9979
MixedASDwithDelay_5_145,MX,ModerateAutism_3_35,MO,0.9249
MixedASDwithDelay_5_145,MX,ModerateAutism_5_92,MO,0.9006
MixedASDwithDelay_5_145,MX,ModerateAutism_5_116,MO,0.9873
MixedASDwithDelay_5_147,MX,ModerateAutism_3_16,MO,0.7034
MixedASDwithDelay_5_147,MX,ModerateAutism_3_37,MO,0.6385
MixedASDwithDelay_5_147,MX,ModerateAutism_4_56,MO,0.6201
MixedASDwithDelay_5_147,MX,ModerateAutism_5_92,MO,0.9938
MixedASDwithDelay_5_147,MX,ModerateAutism_5_116,MO,0.9956
MixedASDwithDelay_5_147,MX,ModerateAutism_5_131,MO,0.9403
MixedASDwithDelay_5_147,MX,ModerateAutism_5_192,MO,0.9723
MixedASDwithDelay_5_148,MX,ModerateAutism_5_107,MO,0.9961
MixedASDwithDelay_5_149,MX,ModerateAutism_2_5,MO,0.553
MixedASDwithDelay_5_149,MX,ModerateAutism_2_8,MO,0.8301
MixedASDwithDelay_5_149,MX,ModerateAutism_4_45,MO,0.9582
MixedASDwithDelay_5_149,MX,ModerateAutism_4_47,MO,0.9696
MixedASDwithDelay_5_149,MX,ModerateAutism_4_88,MO,0.9592
MixedASDwithDelay_5_149,MX,ModerateAutism_5_142,MO,0.5916
MixedASDwithDelay_5_149,MX,ModerateAutism_5_159,MO,0.8224
MixedASDwithDelay_5_151,MX,ModerateAutism_5_97,MO,0.589
MixedASDwithDelay_5_153,MX,ModerateAutism_1_3,MO,0.5751
MixedASDwithDelay_5_153,MX,ModerateAutism_3_20,MO,0.9895
MixedASDwithDelay_5_153,MX,ModerateAutism_3_31,MO,0.9914
MixedASDwithDelay_5_153,MX,ModerateAutism_4_45,MO,0.9763
MixedASDwithDelay_5_153,MX,ModerateAutism_4_56,MO,0.5904
MixedASDwithDelay_5_153,MX,ModerateAutism_4_76,MO,0.9954
MixedASDwithDelay_5_153,MX,ModerateAutism_5_94,MO,0.9968
MixedASDwithDelay_5_153,MX,ModerateAutism_5_120,MO,0.9799
MixedASDwithDelay_5_153,MX,ModerateAutism_5_133,MO,0.9939
MixedASDwithDelay_5_153,MX,ModerateAutism_5_149,MO,0.9957
MixedASDwithDelay_5_153,MX,ModerateAutism_5_175,MO,0.9845
MixedASDwithDelay_5_153,MX,ModerateAutism_6_220,MO,0.9902
MixedASDwithDelay_5_153,MX,ModerateAutism_6_233,MO,0.99
MixedASDwithDelay_5_155,MX,ModerateAutism_2_8,MO,0.6573
MixedASDwithDelay_5_155,MX,ModerateAutism_3_16,MO,0.8473
MixedASDwithDelay_5_155,MX,ModerateAutism_3_29,MO,0.6071
MixedASDwithDelay_5_155,MX,ModerateAutism_3_31,MO,0.6316
MixedASDwithDelay_5_155,MX,ModerateAutism_4_45,MO,0.8494
MixedASDwithDelay_5_155,MX,ModerateAutism_4_56,MO,0.8076
MixedASDwithDelay_5_155,MX,ModerateAutism_4_76,MO,0.5803
MixedASDwithDelay_5_155,MX,ModerateAutism_5_94,MO,0.9814
MixedASDwithDelay_5_155,MX,ModerateAutism_5_97,MO,0.9523
MixedASDwithDelay_5_155,MX,ModerateAutism_5_133,MO,0.9838
MixedASDwithDelay_5_155,MX,ModerateAutism_5_142,MO,0.6369
MixedASDwithDelay_5_155,MX,ModerateAutism_5_149,MO,0.9718
MixedASDwithDelay_5_155,MX,ModerateAutism_5_176,MO,0.9049
MixedASDwithDelay_5_155,MX,ModerateAutism_6_220,MO,0.9983
MixedASDwithDelay_5_155,MX,ModerateAutism_6_229,MO,0.9806
MixedASDwithDelay_5_155,MX,ModerateAutism_6_233,MO,0.9912
MixedASDwithDelay_5_157,MX,ModerateAutism_3_36,MO,0.5944
MixedASDwithDelay_5_157,MX,ModerateAutism_4_55,MO,0.9943
MixedASDwithDelay_5_157,MX,ModerateAutism_5_100,MO,0.978
MixedASDwithDelay_5_157,MX,ModerateAutism_5_126,MO,0.5928
MixedASDwithDelay_5_157,MX,ModerateAutism_5_172,MO,0.9934
MixedASDwithDelay_5_158,MX,ModerateAutism_5_132,MO,0.5999
MixedASDwithDelay_5_161,MX,ModerateAutism_5_107,MO,0.9903
MixedASDwithDelay_6_165,MX,ModerateAutism_3_19,MO,0.97
MixedASDwithDelay_6_165,MX,ModerateAutism_5_92,MO,0.9917
MixedASDwithDelay_6_165,MX,ModerateAutism_5_194,MO,0.5895
MixedASDwithDelay_6_174,MX,ModerateAutism_3_16,MO,0.6226
MixedASDwithDelay_6_174,MX,ModerateAutism_3_37,MO,0.9059
MixedASDwithDelay_6_174,MX,ModerateAutism_4_58,MO,0.979
MixedASDwithDelay_6_174,MX,ModerateAutism_4_77,MO,0.6994
MixedASDwithDelay_6_174,MX,ModerateAutism_5_100,MO,0.976
MixedASDwithDelay_6_174,MX,ModerateAutism_5_158,MO,0.5515
MixedASDwithDelay_6_174,MX,ModerateAutism_6_221,MO,0.5667
MixedASDwithDelay_6_176,MX,ModerateAutism_5_97,MO,0.6045
MixedASDwithDelay_6_176,MX,ModerateAutism_5_132,MO,0.5702
MixedASDwithDelay_6_176,MX,ModerateAutism_5_194,MO,0.7203
MixedASDwithDelay_6_179,MX,ModerateAutism_3_20,MO,0.9655
MixedASDwithDelay_6_179,MX,ModerateAutism_4_45,MO,0.612
MixedASDwithDelay_6_179,MX,ModerateAutism_4_74,MO,0.9901
MixedASDwithDelay_6_179,MX,ModerateAutism_4_76,MO,0.9951
MixedASDwithDelay_6_179,MX,ModerateAutism_5_94,MO,0.7752
MixedASDwithDelay_6_179,MX,ModerateAutism_5_120,MO,0.991
MixedASDwithDelay_6_179,MX,ModerateAutism_5_149,MO,0.9845
MixedASDwithDelay_6_179,MX,ModerateAutism_5_176,MO,0.9528
MixedASDwithDelay_6_179,MX,ModerateAutism_6_220,MO,0.7097
MixedASDwithDelay_6_179,MX,ModerateAutism_6_229,MO,0.9893
MixedASDwithDelay_6_179,MX,ModerateAutism_6_233,MO,0.982
MixedASDwithDelay_6_180,MX,ModerateAutism_3_27,MO,0.9971
MixedASDwithDelay_6_180,MX,ModerateAutism_5_95,MO,0.9814
MixedASDwithDelay_6_180,MX,ModerateAutism_5_150,MO,0.931
MixedASDwithDelay_6_180,MX,ModerateAutism_5_167,MO,0.9903
MixedASDwithDelay_6_181,MX,ModerateAutism_3_31,MO,0.9046
MixedASDwithDelay_6_181,MX,ModerateAutism_4_64,MO,0.9786
MixedASDwithDelay_6_181,MX,ModerateAutism_4_79,MO,0.9854
MixedASDwithDelay_6_181,MX,ModerateAutism_5_97,MO,0.9566
MixedASDwithDelay_6_185,MX,ModerateAutism_3_16,MO,0.9097
MixedASDwithDelay_6_185,MX,ModerateAutism_4_45,MO,0.9912
MixedASDwithDelay_6_185,MX,ModerateAutism_4_56,MO,0.9964
MixedASDwithDelay_6_185,MX,ModerateAutism_4_85,MO,0.6307
MixedASDwithDelay_6_185,MX,ModerateAutism_5_110,MO,0.9849
MixedASDwithDelay_6_185,MX,ModerateAutism_5_175,MO,0.9464
MixedASDwithDelay_6_185,MX,ModerateAutism_5_176,MO,0.6266
MixedASDwithDelay_6_185,MX,ModerateAutism_6_222,MO,0.9964
MixedASDwithDelay_6_185,MX,ModerateAutism_6_233,MO,0.8187
MixedASDwithDelay_6_187,MX,ModerateAutism_5_135,MO,0.5863
MixedASDwithDelay_6_189,MX,ModerateAutism_4_51,MO,0.9963
MixedASDwithDelay_6_189,MX,ModerateAutism_4_61,MO,0.9936
MixedASDwithDelay_6_189,MX,ModerateAutism_4_67,MO,0.9875
MixedASDwithDelay_6_189,MX,ModerateAutism_5_94,MO,0.8842
MixedASDwithDelay_6_189,MX,ModerateAutism_5_114,MO,0.995
MixedASDwithDelay_6_189,MX,ModerateAutism_5_115,MO,0.8607
MixedASDwithDelay_6_189,MX,ModerateAutism_5_120,MO,0.5866
MixedASDwithDelay_6_189,MX,ModerateAutism_5_133,MO,0.9468
MixedASDwithDelay_6_189,MX,ModerateAutism_5_136,MO,0.9891
MixedASDwithDelay_6_189,MX,ModerateAutism_6_227,MO,0.9932
MixedASDwithDelay_6_190,MX,ModerateAutism_4_45,MO,0.7189
MixedASDwithDelay_6_190,MX,ModerateAutism_4_76,MO,0.9955
MixedASDwithDelay_6_190,MX,ModerateAutism_5_94,MO,0.9973
MixedASDwithDelay_6_190,MX,ModerateAutism_5_120,MO,0.9953
MixedASDwithDelay_6_190,MX,ModerateAutism_5_133,MO,0.9783
MixedASDwithDelay_6_190,MX,ModerateAutism_5_149,MO,0.9976
MixedASDwithDelay_6_190,MX,ModerateAutism_5_175,MO,0.9847
MixedASDwithDelay_6_190,MX,ModerateAutism_6_220,MO,0.9914
MixedASDwithDelay_6_190,MX,ModerateAutism_6_229,MO,0.9951
MixedASDwithDelay_6_193,MX,ModerateAutism_5_92,MO,0.9902
MixedASDwithDelay_6_193,MX,ModerateAutism_5_98,MO,0.9129
MixedASDwithDelay_6_193,MX,ModerateAutism_5_168,MO,0.553
MixedASDwithDelay_6_193,MX,ModerateAutism_5_171,MO,0.9968
MixedASDwithDelay_6_195,MX,ModerateAutism_1_2,MO,0.9773
MixedASDwithDelay_6_195,MX,ModerateAutism_4_51,MO,0.9974
MixedASDwithDelay_6_195,MX,ModerateAutism_4_61,MO,0.9961
MixedASDwithDelay_6_195,MX,ModerateAutism_5_136,MO,0.9962
MixedASDwithDelay_6_197,MX,ModerateAutism_4_70,MO,0.833
MixedASDwithDelay_6_198,MX,ModerateAutism_1_2,MO,0.9968
MixedASDwithDelay_6_198,MX,ModerateAutism_4_51,MO,0.9959
MixedASDwithDelay_6_198,MX,ModerateAutism_4_61,MO,0.9683
MixedASDwithDelay_6_198,MX,ModerateAutism_4_67,MO,0.9965
MixedASDwithDelay_6_198,MX,ModerateAutism_5_93,MO,0.9783
MixedASDwithDelay_6_198,MX,ModerateAutism_5_136,MO,0.9967
MixedASDwithDelay_6_198,MX,ModerateAutism_5_137,MO,0.9893
MixedASDwithDelay_6_199,MX,ModerateAutism_6_214,MO,0.9923
MixedASDwithDelay_6_200,MX,ModerateAutism_6_215,MO,0.6165
MixedASDwithDelay_6_204,MX,ModerateAutism_1_2,MO,0.9918
MixedASDwithDelay_6_204,MX,ModerateAutism_4_51,MO,0.9717
MixedASDwithDelay_6_204,MX,ModerateAutism_5_137,MO,0.9936
MixedASDwithDelay_6_205,MX,ModerateAutism_4_51,MO,0.9596
MixedASDwithDelay_6_205,MX,ModerateAutism_4_61,MO,0.938
MixedASDwithDelay_6_205,MX,ModerateAutism_5_136,MO,0.9936
MixedASDwithDelay_6_205,MX,ModerateAutism_5_137,MO,0.9638
MixedASDwithDelay_6_209,MX,ModerateAutism_3_27,MO,0.9597
MixedASDwithDelay_6_209,MX,ModerateAutism_5_150,MO,0.9476
MixedASDwithDelay_6_209,MX,ModerateAutism_5_166,MO,0.9847
MixedASDwithDelay_6_209,MX,ModerateAutism_5_169,MO,0.6833
MixedASDwithDelay_6_212,MX,ModerateAutism_4_51,MO,0.9892
MixedASDwithDelay_6_212,MX,ModerateAutism_4_61,MO,0.9967
MixedASDwithDelay_6_212,MX,ModerateAutism_4_67,MO,0.9397
MixedASDwithDelay_6_212,MX,ModerateAutism_5_115,MO,0.9652
MixedASDwithDelay_6_212,MX,ModerateAutism_5_136,MO,0.9953
MixedASDwithDelay_6_215,MX,ModerateAutism_4_70,MO,0.9611
MixedASDwithDelay_6_215,MX,ModerateAutism_5_150,MO,0.9369
MixedASDwithDelay_6_217,MX,ModerateAutism_3_17,MO,0.9979
MixedASDwithDelay_6_217,MX,ModerateAutism_4_57,MO,0.9379
MixedASDwithDelay_6_217,MX,ModerateAutism_4_79,MO,0.9654
MixedASDwithDelay_6_217,MX,ModerateAutism_5_132,MO,0.6188
MixedASDwithDelay_6_217,MX,ModerateAutism_5_194,MO,0.9632
MixedASDwithDelay_6_220,MX,ModerateAutism_5_97,MO,0.8089
MixedASDwithDelay_6_220,MX,ModerateAutism_5_164,MO,0.6087
MixedASDwithDelay_6_220,MX,ModerateAutism_5_175,MO,0.9959
MixedASDwithDelay_6_228,MX,ModerateAutism_6_212,MO,0.7453
MixedASDwithDelay_6_228,MX,ModerateAutism_6_214,MO,0.9961
MixedASDwithDelay_6_229,MX,ModerateAutism_4_88,MO,0.698
MixedASDwithDelay_6_229,MX,ModerateAutism_5_176,MO,0.9637
MixedASDwithDelay_6_230,MX,ModerateAutism_4_83,MO,0.9938
MixedASDwithDelay_6_232,MX,ModerateAutism_4_41,MO,0.5788
MixedASDwithDelay_6_232,MX,ModerateAutism_4_56,MO,0.9813
MixedASDwithDelay_6_232,MX,ModerateAutism_5_112,MO,0.9744
MixedASDwithDelay_6_232,MX,ModerateAutism_5_176,MO,0.6911
MixedASDwithDelay_6_232,MX,ModerateAutism_6_222,MO,0.97
MixedASDwithDelay_0_0,MX,BroadlyAffectedAutism_3_33,BR,0.8323
MixedASDwithDelay_0_0,MX,BroadlyAffectedAutism_3_41,BR,0.7728
MixedASDwithDelay_0_0,MX,BroadlyAffectedAutism_4_63,BR,0.7113
MixedASDwithDelay_0_0,MX,BroadlyAffectedAutism_4_67,BR,0.5691
MixedASDwithDelay_0_0,MX,BroadlyAffectedAutism_5_192,BR,0.6098
MixedASDwithDelay_1_1,MX,BroadlyAffectedAutism_1_1,BR,0.9977
MixedASDwithDelay_1_1,MX,BroadlyAffectedAutism_3_23,BR,0.9957
MixedASDwithDelay_1_1,MX,BroadlyAffectedAutism_3_46,BR,0.992
MixedASDwithDelay_1_1,MX,BroadlyAffectedAutism_4_90,BR,0.9944
MixedASDwithDelay_1_1,MX,BroadlyAffectedAutism_5_192,BR,0.9973
MixedASDwithDelay_1_3,MX,BroadlyAffectedAutism_2_11,BR,0.9972
MixedASDwithDelay_1_3,MX,BroadlyAffectedAutism_4_61,BR,0.9751
MixedASDwithDelay_1_3,MX,BroadlyAffectedAutism_5_119,BR,0.9389
MixedASDwithDelay_1_3,MX,BroadlyAffectedAutism_5_128,BR,0.974
MixedASDwithDelay_1_3,MX,BroadlyAffectedAutism_5_198,BR,0.9644
MixedASDwithDelay_2_5,MX,BroadlyAffectedAutism_2_9,BR,0.9915
MixedASDwithDelay_2_5,MX,BroadlyAffectedAutism_2_16,BR,0.9953
MixedASDwithDelay_2_5,MX,BroadlyAffectedAutism_4_86,BR,0.7381
MixedASDwithDelay_2_5,MX,BroadlyAffectedAutism_5_113,BR,0.8892
MixedASDwithDelay_2_5,MX,BroadlyAffectedAutism_5_128,BR,0.9736
MixedASDwithDelay_2_5,MX,BroadlyAffectedAutism_5_201,BR,0.6652
MixedASDwithDelay_2_6,MX,BroadlyAffectedAutism_2_10,BR,0.7825
MixedASDwithDelay_2_6,MX,BroadlyAffectedAutism_3_35,BR,0.9055
MixedASDwithDelay_2_6,MX,BroadlyAffectedAutism_4_59,BR,0.9062
MixedASDwithDelay_2_6,MX,BroadlyAffectedAutism_4_67,BR,0.8132
MixedASDwithDelay_2_6,MX,BroadlyAffectedAutism_4_75,BR,0.9925
MixedASDwithDelay_2_6,MX,BroadlyAffectedAutism_4_78,BR,0.8315
MixedASDwithDelay_2_6,MX,BroadlyAffectedAutism_4_94,BR,0.9882
MixedASDwithDelay_2_6,MX,BroadlyAffectedAutism_4_100,BR,0.8343
MixedASDwithDelay_2_6,MX,BroadlyAffectedAutism_4_103,BR,0.9695
MixedASDwithDelay_2_6,MX,BroadlyAffectedAutism_5_126,BR,0.9009
MixedASDwithDelay_2_7,MX,BroadlyAffectedAutism_3_33,BR,0.9594
MixedASDwithDelay_2_11,MX,BroadlyAffectedAutism_2_8,BR,0.9968
MixedASDwithDelay_2_11,MX,BroadlyAffectedAutism_3_21,BR,0.9975
MixedASDwithDelay_2_11,MX,BroadlyAffectedAutism_3_27,BR,0.9972
MixedASDwithDelay_2_11,MX,BroadlyAffectedAutism_5_113,BR,0.7262
MixedASDwithDelay_2_11,MX,BroadlyAffectedAutism_5_128,BR,0.7563
MixedASDwithDelay_2_13,MX,BroadlyAffectedAutism_2_10,BR,0.9962
MixedASDwithDelay_2_13,MX,BroadlyAffectedAutism_4_61,BR,0.5937
MixedASDwithDelay_2_13,MX,BroadlyAffectedAutism_4_65,BR,0.9771
MixedASDwithDelay_2_13,MX,BroadlyAffectedAutism_4_67,BR,0.9962
MixedASDwithDelay_2_13,MX,BroadlyAffectedAutism_4_78,BR,0.9977
MixedASDwithDelay_2_13,MX,BroadlyAffectedAutism_4_94,BR,0.6534
MixedASDwithDelay_2_13,MX,BroadlyAffectedAutism_4_99,BR,0.6418
MixedASDwithDelay_2_13,MX,BroadlyAffectedAutism_4_100,BR,0.8419
MixedASDwithDelay_2_13,MX,BroadlyAffectedAutism_4_102,BR,0.9831
MixedASDwithDelay_2_13,MX,BroadlyAffectedAutism_4_103,BR,0.9678
MixedASDwithDelay_2_13,MX,BroadlyAffectedAutism_5_119,BR,0.7149
MixedASDwithDelay_2_13,MX,BroadlyAffectedAutism_5_168,BR,0.971
MixedASDwithDelay_2_13,MX,BroadlyAffectedAutism_5_201,BR,0.584
MixedASDwithDelay_2_13,MX,BroadlyAffectedAutism_5_212,BR,0.909
MixedASDwithDelay_2_14,MX,BroadlyAffectedAutism_4_93,BR,0.9713
MixedASDwithDelay_3_16,MX,BroadlyAffectedAutism_5_144,BR,0.9488
MixedASDwithDelay_3_16,MX,BroadlyAffectedAutism_5_164,BR,0.5971
MixedASDwithDelay_3_17,MX,BroadlyAffectedAutism_2_8,BR,0.8272
MixedASDwithDelay_3_18,MX,BroadlyAffectedAutism_2_12,BR,0.9983
MixedASDwithDelay_3_18,MX,BroadlyAffectedAutism_3_33,BR,0.9914
MixedASDwithDelay_3_18,MX,BroadlyAffectedAutism_3_52,BR,0.5826
MixedASDwithDelay_3_18,MX,BroadlyAffectedAutism_4_93,BR,0.9943
MixedASDwithDelay_3_18,MX,BroadlyAffectedAutism_4_96,BR,0.9862
MixedASDwithDelay_3_18,MX,BroadlyAffectedAutism_5_146,BR,0.7435
MixedASDwithDelay_3_19,MX,BroadlyAffectedAutism_4_64,BR,0.9567
MixedASDwithDelay_3_20,MX,BroadlyAffectedAutism_2_18,BR,0.9953
MixedASDwithDelay_3_20,MX,BroadlyAffectedAutism_3_48,BR,0.9041
MixedASDwithDelay_3_20,MX,BroadlyAffectedAutism_4_54,BR,0.994
MixedASDwithDelay_3_20,MX,BroadlyAffectedAutism_4_64,BR,0.9974
MixedASDwithDelay_3_20,MX,BroadlyAffectedAutism_4_79,BR,0.8602
MixedASDwithDelay_3_21,MX,BroadlyAffectedAutism_5_174,BR,0.6644
MixedASDwithDelay_3_23,MX,BroadlyAffectedAutism_2_12,BR,0.6336
MixedASDwithDelay_3_23,MX,BroadlyAffectedAutism_2_13,BR,0.9801
MixedASDwithDelay_3_23,MX,BroadlyAffectedAutism_3_52,BR,0.9848
MixedASDwithDelay_3_23,MX,BroadlyAffectedAutism_4_53,BR,0.5585
MixedASDwithDelay_3_23,MX,BroadlyAffectedAutism_5_185,BR,0.7036
MixedASDwithDelay_3_24,MX,BroadlyAffectedAutism_3_51,BR,0.7497
MixedASDwithDelay_3_24,MX,BroadlyAffectedAutism_5_137,BR,0.8759
MixedASDwithDelay_3_25,MX,BroadlyAffectedAutism_2_12,BR,0.6185
MixedASDwithDelay_3_25,MX,BroadlyAffectedAutism_3_52,BR,0.8954
MixedASDwithDelay_3_25,MX,BroadlyAffectedAutism_4_93,BR,0.9641
MixedASDwithDelay_3_25,MX,BroadlyAffectedAutism_4_96,BR,0.6297
MixedASDwithDelay_3_26,MX,BroadlyAffectedAutism_5_146,BR,0.6818
MixedASDwithDelay_3_26,MX,BroadlyAffectedAutism_5_173,BR,0.9691
MixedASDwithDelay_3_27,MX,BroadlyAffectedAutism_4_60,BR,0.9966
MixedASDwithDelay_3_27,MX,BroadlyAffectedAutism_4_65,BR,0.9673
MixedASDwithDelay_3_27,MX,BroadlyAffectedAutism_4_78,BR,0.9698
MixedASDwithDelay_3_27,MX,BroadlyAffectedAutism_5_137,BR,0.8252
MixedASDwithDelay_3_31,MX,BroadlyAffectedAutism_2_12,BR,0.731
MixedASDwithDelay_3_31,MX,BroadlyAffectedAutism_4_93,BR,0.9609
MixedASDwithDelay_3_31,MX,BroadlyAffectedAutism_4_96,BR,0.9981
MixedASDwithDelay_3_31,MX,BroadlyAffectedAutism_4_99,BR,0.5855
MixedASDwithDelay_3_32,MX,BroadlyAffectedAutism_2_10,BR,0.9512
MixedASDwithDelay_3_32,MX,BroadlyAffectedAutism_4_61,BR,0.9948
MixedASDwithDelay_3_32,MX,BroadlyAffectedAutism_4_97,BR,0.7777
MixedASDwithDelay_3_32,MX,BroadlyAffectedAutism_5_119,BR,0.9982
MixedASDwithDelay_3_32,MX,BroadlyAffectedAutism_5_128,BR,0.9846
MixedASDwithDelay_3_32,MX,BroadlyAffectedAutism_5_198,BR,0.9871
MixedASDwithDelay_3_32,MX,BroadlyAffectedAutism_5_201,BR,0.981
MixedASDwithDelay_3_35,MX,BroadlyAffectedAutism_4_94,BR,0.5705
MixedASDwithDelay_4_37,MX,BroadlyAffectedAutism_2_10,BR,0.9775
MixedASDwithDelay_4_37,MX,BroadlyAffectedAutism_4_78,BR,0.9514
MixedASDwithDelay_4_37,MX,BroadlyAffectedAutism_4_102,BR,0.9781
MixedASDwithDelay_4_37,MX,BroadlyAffectedAutism_5_212,BR,0.572
MixedASDwithDelay_4_39,MX,BroadlyAffectedAutism_2_9,BR,0.9501
MixedASDwithDelay_4_39,MX,BroadlyAffectedAutism_2_16,BR,0.7617
MixedASDwithDelay_4_39,MX,BroadlyAffectedAutism_4_61,BR,0.856
MixedASDwithDelay_4_39,MX,BroadlyAffectedAutism_4_69,BR,0.9488
MixedASDwithDelay_4_39,MX,BroadlyAffectedAutism_4_86,BR,0.6804
MixedASDwithDelay_4_39,MX,BroadlyAffectedAutism_5_119,BR,0.9812
MixedASDwithDelay_4_39,MX,BroadlyAffectedAutism_5_128,BR,0.9895
MixedASDwithDelay_4_41,MX,BroadlyAffectedAutism_2_12,BR,0.9738
MixedASDwithDelay_4_41,MX,BroadlyAffectedAutism_3_33,BR,0.9926
MixedASDwithDelay_4_42,MX,BroadlyAffectedAutism_2_7,BR,0.8483
MixedASDwithDelay_4_42,MX,BroadlyAffectedAutism_2_13,BR,0.9753
MixedASDwithDelay_4_42,MX,BroadlyAffectedAutism_4_71,BR,0.5834
MixedASDwithDelay_4_42,MX,BroadlyAffectedAutism_4_88,BR,0.9905
MixedASDwithDelay_4_44,MX,BroadlyAffectedAutism_4_73,BR,0.9647
MixedASDwithDelay_4_45,MX,BroadlyAffectedAutism_4_75,BR,0.6415
MixedASDwithDelay_4_46,MX,BroadlyAffectedAutism_4_62,BR,0.9851
MixedASDwithDelay_4_46,MX,BroadlyAffectedAutism_5_135,BR,0.7738
MixedASDwithDelay_4_46,MX,BroadlyAffectedAutism_5_146,BR,0.6263
MixedASDwithDelay_4_47,MX,BroadlyAffectedAutism_4_54,BR,0.6909
MixedASDwithDelay_4_47,MX,BroadlyAffectedAutism_4_64,BR,0.9811
MixedASDwithDelay_4_47,MX,BroadlyAffectedAutism_5_122,BR,0.9293
MixedASDwithDelay_4_48,MX,BroadlyAffectedAutism_5_121,BR,0.9976
MixedASDwithDelay_4_51,MX,BroadlyAffectedAutism_5_157,BR,0.8934
MixedASDwithDelay_4_51,MX,BroadlyAffectedAutism_5_206,BR,0.9165
MixedASDwithDelay_4_52,MX,BroadlyAffectedAutism_4_105,BR,0.821
MixedASDwithDelay_4_52,MX,BroadlyAffectedAutism_5_119,BR,0.8795
MixedASDwithDelay_4_52,MX,BroadlyAffectedAutism_5_126,BR,0.9564
MixedASDwithDelay_4_52,MX,BroadlyAffectedAutism_5_146,BR,0.8178
MixedASDwithDelay_4_53,MX,BroadlyAffectedAutism_1_3,BR,0.997
MixedASDwithDelay_4_53,MX,BroadlyAffectedAutism_2_18,BR,0.9931
MixedASDwithDelay_4_53,MX,BroadlyAffectedAutism_4_54,BR,0.9879
MixedASDwithDelay_4_53,MX,BroadlyAffectedAutism_4_64,BR,0.9237
MixedASDwithDelay_4_53,MX,BroadlyAffectedAutism_5_182,BR,0.5906
MixedASDwithDelay_4_58,MX,BroadlyAffectedAutism_4_56,BR,0.9703
MixedASDwithDelay_4_58,MX,BroadlyAffectedAutism_4_70,BR,0.5542
MixedASDwithDelay_4_58,MX,BroadlyAffectedAutism_5_137,BR,0.5667
MixedASDwithDelay_4_58,MX,BroadlyAffectedAutism_5_173,BR,0.9838
MixedASDwithDelay_4_58,MX,BroadlyAffectedAutism_5_193,BR,0.8795
MixedASDwithDelay_4_59,MX,BroadlyAffectedAutism_4_69,BR,0.982
MixedASDwithDelay_4_59,MX,BroadlyAffectedAutism_5_119,BR,0.9371
MixedASDwithDelay_4_59,MX,BroadlyAffectedAutism_5_128,BR,0.6005
MixedASDwithDelay_4_59,MX,BroadlyAffectedAutism_5_201,BR,0.9941
MixedASDwithDelay_4_59,MX,BroadlyAffectedAutism_5_204,BR,0.9968
MixedASDwithDelay_4_62,MX,BroadlyAffectedAutism_4_69,BR,0.992
MixedASDwithDelay_4_62,MX,BroadlyAffectedAutism_5_198,BR,0.6399
MixedASDwithDelay_4_62,MX,BroadlyAffectedAutism_5_201,BR,0.9869
MixedASDwithDelay_4_62,MX,BroadlyAffectedAutism_5_204,BR,0.9937
MixedASDwithDelay_4_63,MX,BroadlyAffectedAutism_4_69,BR,0.6795
MixedASDwithDelay_4_63,MX,BroadlyAffectedAutism_4_71,BR,0.7912
MixedASDwithDelay_4_63,MX,BroadlyAffectedAutism_4_78,BR,0.832
MixedASDwithDelay_4_63,MX,BroadlyAffectedAutism_4_99,BR,0.9961
MixedASDwithDelay_4_64,MX,BroadlyAffectedAutism_3_35,BR,0.9821
MixedASDwithDelay_4_64,MX,BroadlyAffectedAutism_5_126,BR,0.9778
MixedASDwithDelay_4_66,MX,BroadlyAffectedAutism_1_1,BR,0.9959
MixedASDwithDelay_4_66,MX,BroadlyAffectedAutism_3_23,BR,0.982
MixedASDwithDelay_4_66,MX,BroadlyAffectedAutism_3_46,BR,0.8346
MixedASDwithDelay_4_66,MX,BroadlyAffectedAutism_4_90,BR,0.9982
MixedASDwithDelay_4_66,MX,BroadlyAffectedAutism_5_192,BR,0.9964
MixedASDwithDelay_4_68,MX,BroadlyAffectedAutism_4_70,BR,0.9175
MixedASDwithDelay_4_68,MX,BroadlyAffectedAutism_5_133,BR,0.5686
MixedASDwithDelay_4_68,MX,BroadlyAffectedAutism_5_173,BR,0.9975
MixedASDwithDelay_4_71,MX,BroadlyAffectedAutism_4_70,BR,0.991
MixedASDwithDelay_4_71,MX,BroadlyAffectedAutism_5_134,BR,0.9827
MixedASDwithDelay_4_71,MX,BroadlyAffectedAutism_5_154,BR,0.578
MixedASDwithDelay_4_71,MX,BroadlyAffectedAutism_5_173,BR,0.9881
MixedASDwithDelay_4_71,MX,BroadlyAffectedAutism_5_193,BR,0.9877
MixedASDwithDelay_4_72,MX,BroadlyAffectedAutism_1_1,BR,0.6294
MixedASDwithDelay_4_72,MX,BroadlyAffectedAutism_4_90,BR,0.9813
MixedASDwithDelay_4_72,MX,BroadlyAffectedAutism_5_192,BR,0.5749
MixedASDwithDelay_4_73,MX,BroadlyAffectedAutism_3_35,BR,0.9976
MixedASDwithDelay_4_73,MX,BroadlyAffectedAutism_3_51,BR,0.8329
MixedASDwithDelay_4_73,MX,BroadlyAffectedAutism_4_59,BR,0.9676
MixedASDwithDelay_4_73,MX,BroadlyAffectedAutism_4_94,BR,0.9959
MixedASDwithDelay_4_73,MX,BroadlyAffectedAutism_5_198,BR,0.6266
MixedASDwithDelay_4_75,MX,BroadlyAffectedAutism_2_12,BR,0.6165
MixedASDwithDelay_4_75,MX,BroadlyAffectedAutism_3_33,BR,0.9792
MixedASDwithDelay_4_75,MX,BroadlyAffectedAutism_4_61,BR,0.5704
MixedASDwithDelay_4_75,MX,BroadlyAffectedAutism_4_93,BR,0.9963
MixedASDwithDelay_4_75,MX,BroadlyAffectedAutism_4_96,BR,0.979
MixedASDwithDelay_4_76,MX,BroadlyAffectedAutism_3_35,BR,0.9786
MixedASDwithDelay_4_76,MX,BroadlyAffectedAutism_3_51,BR,0.9839
MixedASDwithDelay_4_76,MX,BroadlyAffectedAutism_4_59,BR,0.9792
MixedASDwithDelay_4_76,MX,BroadlyAffectedAutism_4_60,BR,0.7778
MixedASDwithDelay_4_76,MX,BroadlyAffectedAutism_4_65,BR,0.5562
MixedASDwithDelay_4_76,MX,BroadlyAffectedAutism_4_78,BR,0.6782
MixedASDwithDelay_4_76,MX,BroadlyAffectedAutism_5_137,BR,0.7752
MixedASDwithDelay_4_76,MX,BroadlyAffectedAutism_5_219,BR,0.9813
MixedASDwithDelay_5_87,MX,BroadlyAffectedAutism_4_65,BR,0.9692
MixedASDwithDelay_5_87,MX,BroadlyAffectedAutism_4_78,BR,0.6243
MixedASDwithDelay_5_87,MX,BroadlyAffectedAutism_5_168,BR,0.9808
MixedASDwithDelay_5_88,MX,BroadlyAffectedAutism_3_35,BR,0.6298
MixedASDwithDelay_5_88,MX,BroadlyAffectedAutism_4_59,BR,0.6981
MixedASDwithDelay_5_88,MX,BroadlyAffectedAutism_5_132,BR,0.6448
MixedASDwithDelay_5_89,MX,BroadlyAffectedAutism_5_219,BR,0.9634
MixedASDwithDelay_5_96,MX,BroadlyAffectedAutism_2_8,BR,0.9864
MixedASDwithDelay_5_96,MX,BroadlyAffectedAutism_2_10,BR,0.934
MixedASDwithDelay_5_96,MX,BroadlyAffectedAutism_4_69,BR,0.9806
MixedASDwithDelay_5_96,MX,BroadlyAffectedAutism_4_99,BR,0.9547
MixedASDwithDelay_5_96,MX,BroadlyAffectedAutism_5_201,BR,0.5781
MixedASDwithDelay_5_96,MX,BroadlyAffectedAutism_5_221,BR,0.9556
MixedASDwithDelay_5_97,MX,BroadlyAffectedAutism_4_103,BR,0.9882
MixedASDwithDelay_5_98,MX,BroadlyAffectedAutism_5_137,BR,0.5709
MixedASDwithDelay_5_101,MX,BroadlyAffectedAutism_4_69,BR,0.6247
MixedASDwithDelay_5_101,MX,BroadlyAffectedAutism_4_93,BR,0.8984
MixedASDwithDelay_5_105,MX,BroadlyAffectedAutism_5_151,BR,0.65
MixedASDwithDelay_5_109,MX,BroadlyAffectedAutism_4_102,BR,0.8352
MixedASDwithDelay_5_109,MX,BroadlyAffectedAutism_5_146,BR,0.5507
MixedASDwithDelay_5_109,MX,BroadlyAffectedAutism_5_212,BR,0.7838
MixedASDwithDelay_5_113,MX,BroadlyAffectedAutism_3_35,BR,0.9574
MixedASDwithDelay_5_113,MX,BroadlyAffectedAutism_3_51,BR,0.9295
MixedASDwithDelay_5_113,MX,BroadlyAffectedAutism_4_59,BR,0.9877
MixedASDwithDelay_5_113,MX,BroadlyAffectedAutism_4_75,BR,0.8807
MixedASDwithDelay_5_114,MX,BroadlyAffectedAutism_2_10,BR,0.9727
MixedASDwithDelay_5_114,MX,BroadlyAffectedAutism_4_69,BR,0.9026
MixedASDwithDelay_5_114,MX,BroadlyAffectedAutism_4_78,BR,0.979
MixedASDwithDelay_5_114,MX,BroadlyAffectedAutism_4_105,BR,0.9339
MixedASDwithDelay_5_114,MX,BroadlyAffectedAutism_5_109,BR,0.9858
MixedASDwithDelay_5_114,MX,BroadlyAffectedAutism_5_119,BR,0.988
MixedASDwithDelay_5_114,MX,BroadlyAffectedAutism_5_154,BR,0.5703
MixedASDwithDelay_5_114,MX,BroadlyAffectedAutism_5_175,BR,0.9708
MixedASDwithDelay_5_114,MX,BroadlyAffectedAutism_5_198,BR,0.9335
MixedASDwithDelay_5_114,MX,BroadlyAffectedAutism_5_201,BR,0.9846
MixedASDwithDelay_5_115,MX,BroadlyAffectedAutism_3_33,BR,0.9851
MixedASDwithDelay_5_115,MX,BroadlyAffectedAutism_3_52,BR,0.9905
MixedASDwithDelay_5_116,MX,BroadlyAffectedAutism_4_69,BR,0.997
MixedASDwithDelay_5_116,MX,BroadlyAffectedAutism_5_201,BR,0.9675
MixedASDwithDelay_5_116,MX,BroadlyAffectedAutism_5_204,BR,0.9925
MixedASDwithDelay_5_129,MX,BroadlyAffectedAutism_3_35,BR,0.9469
MixedASDwithDelay_5_129,MX,BroadlyAffectedAutism_5_137,BR,0.99
MixedASDwithDelay_5_130,MX,BroadlyAffectedAutism_4_59,BR,0.9899
MixedASDwithDelay_5_130,MX,BroadlyAffectedAutism_4_94,BR,0.9669
MixedASDwithDelay_5_132,MX,BroadlyAffectedAutism_4_60,BR,0.9702
MixedASDwithDelay_5_134,MX,BroadlyAffectedAutism_4_99,BR,0.7492
MixedASDwithDelay_5_135,MX,BroadlyAffectedAutism_3_35,BR,0.8662
MixedASDwithDelay_5_135,MX,BroadlyAffectedAutism_4_75,BR,0.9631
MixedASDwithDelay_5_135,MX,BroadlyAffectedAutism_4_94,BR,0.9886
MixedASDwithDelay_5_135,MX,BroadlyAffectedAutism_4_100,BR,0.8449
MixedASDwithDelay_5_135,MX,BroadlyAffectedAutism_5_198,BR,0.9555
MixedASDwithDelay_5_136,MX,BroadlyAffectedAutism_2_10,BR,0.8024
MixedASDwithDelay_5_136,MX,BroadlyAffectedAutism_4_75,BR,0.9805
MixedASDwithDelay_5_136,MX,BroadlyAffectedAutism_5_126,BR,0.9958
MixedASDwithDelay_5_139,MX,BroadlyAffectedAutism_3_35,BR,0.9908
MixedASDwithDelay_5_139,MX,BroadlyAffectedAutism_3_51,BR,0.984
MixedASDwithDelay_5_139,MX,BroadlyAffectedAutism_4_59,BR,0.989
MixedASDwithDelay_5_139,MX,BroadlyAffectedAutism_4_99,BR,0.8371
MixedASDwithDelay_5_139,MX,BroadlyAffectedAutism_5_137,BR,0.9952
MixedASDwithDelay_5_141,MX,BroadlyAffectedAutism_2_10,BR,0.7831
MixedASDwithDelay_5_141,MX,BroadlyAffectedAutism_4_105,BR,0.994
MixedASDwithDelay_5_141,MX,BroadlyAffectedAutism_5_185,BR,0.8928
MixedASDwithDelay_5_143,MX,BroadlyAffectedAutism_1_1,BR,0.9876
MixedASDwithDelay_5_143,MX,BroadlyAffectedAutism_4_90,BR,0.9284
MixedASDwithDelay_5_143,MX,BroadlyAffectedAutism_5_192,BR,0.9764
MixedASDwithDelay_5_144,MX,BroadlyAffectedAutism_5_123,BR,0.6058
MixedASDwithDelay_5_144,MX,BroadlyAffectedAutism_5_168,BR,0.976
MixedASDwithDelay_5_145,MX,BroadlyAffectedAutism_4_87,BR,0.5836
MixedASDwithDelay_5_145,MX,BroadlyAffectedAutism_5_146,BR,0.984
MixedASDwithDelay_5_147,MX,BroadlyAffectedAutism_3_52,BR,0.971
MixedASDwithDelay_5_147,MX,BroadlyAffectedAutism_4_87,BR,0.9871
MixedASDwithDelay_5_147,MX,BroadlyAffectedAutism_5_137,BR,0.6949
MixedASDwithDelay_5_147,MX,BroadlyAffectedAutism_5_146,BR,0.9966
MixedASDwithDelay_5_147,MX,BroadlyAffectedAutism_5_193,BR,0.9761
MixedASDwithDelay_5_149,MX,BroadlyAffectedAutism_4_94,BR,0.9386
MixedASDwithDelay_5_149,MX,BroadlyAffectedAutism_4_100,BR,0.9857
MixedASDwithDelay_5_149,MX,BroadlyAffectedAutism_5_134,BR,0.8548
MixedASDwithDelay_5_149,MX,BroadlyAffectedAutism_5_154,BR,0.9927
MixedASDwithDelay_5_149,MX,BroadlyAffectedAutism_5_159,BR,0.7257
MixedASDwithDelay_5_149,MX,BroadlyAffectedAutism_5_221,BR,0.8299
MixedASDwithDelay_5_150,MX,BroadlyAffectedAutism_4_103,BR,0.9615
MixedASDwithDelay_5_151,MX,BroadlyAffectedAutism_4_56,BR,0.8562
MixedASDwithDelay_5_151,MX,BroadlyAffectedAutism_4_81,BR,0.97
MixedASDwithDelay_5_151,MX,BroadlyAffectedAutism_5_174,BR,0.9811
MixedASDwithDelay_5_151,MX,BroadlyAffectedAutism_5_212,BR,0.9478
MixedASDwithDelay_5_153,MX,BroadlyAffectedAutism_4_61,BR,0.9414
MixedASDwithDelay_5_153,MX,BroadlyAffectedAutism_4_69,BR,0.9795
MixedASDwithDelay_5_153,MX,BroadlyAffectedAutism_5_119,BR,0.8656
MixedASDwithDelay_5_153,MX,BroadlyAffectedAutism_5_175,BR,0.9948
MixedASDwithDelay_5_153,MX,BroadlyAffectedAutism_5_198,BR,0.8524
MixedASDwithDelay_5_153,MX,BroadlyAffectedAutism_5_201,BR,0.9967
MixedASDwithDelay_5_155,MX,BroadlyAffectedAutism_2_9,BR,0.7968
MixedASDwithDelay_5_155,MX,BroadlyAffectedAutism_2_10,BR,0.8843
MixedASDwithDelay_5_155,MX,BroadlyAffectedAutism_2_16,BR,0.9738
MixedASDwithDelay_5_155,MX,BroadlyAffectedAutism_4_61,BR,0.7918
MixedASDwithDelay_5_155,MX,BroadlyAffectedAutism_4_99,BR,0.7866
MixedASDwithDelay_5_155,MX,BroadlyAffectedAutism_5_109,BR,0.6714
MixedASDwithDelay_5_155,MX,BroadlyAffectedAutism_5_119,BR,0.96
MixedASDwithDelay_5_155,MX,BroadlyAffectedAutism_5_128,BR,0.9669
MixedASDwithDelay_5_155,MX,BroadlyAffectedAutism_5_175,BR,0.6001
MixedASDwithDelay_5_155,MX,BroadlyAffectedAutism_5_176,BR,0.5585
MixedASDwithDelay_5_155,MX,BroadlyAffectedAutism_5_198,BR,0.9772
MixedASDwithDelay_5_155,MX,BroadlyAffectedAutism_5_204,BR,0.9948
MixedASDwithDelay_5_157,MX,BroadlyAffectedAutism_3_33,BR,0.986
MixedASDwithDelay_5_157,MX,BroadlyAffectedAutism_3_52,BR,0.8797
MixedASDwithDelay_5_157,MX,BroadlyAffectedAutism_4_69,BR,0.7233
MixedASDwithDelay_5_157,MX,BroadlyAffectedAutism_4_93,BR,0.9909
MixedASDwithDelay_5_158,MX,BroadlyAffectedAutism_5_191,BR,0.9724
MixedASDwithDelay_5_161,MX,BroadlyAffectedAutism_5_130,BR,0.9883
MixedASDwithDelay_6_165,MX,BroadlyAffectedAutism_4_56,BR,0.9832
MixedASDwithDelay_6_165,MX,BroadlyAffectedAutism_4_101,BR,0.9845
MixedASDwithDelay_6_165,MX,BroadlyAffectedAutism_4_102,BR,0.9708
MixedASDwithDelay_6_165,MX,BroadlyAffectedAutism_5_134,BR,0.996
MixedASDwithDelay_6_165,MX,BroadlyAffectedAutism_5_137,BR,0.9685
MixedASDwithDelay_6_165,MX,BroadlyAffectedAutism_5_191,BR,0.6695
MixedASDwithDelay_6_165,MX,BroadlyAffectedAutism_5_212,BR,0.9825
MixedASDwithDelay_6_169,MX,BroadlyAffectedAutism_5_154,BR,0.9823
MixedASDwithDelay_6_169,MX,BroadlyAffectedAutism_5_159,BR,0.5938
MixedASDwithDelay_6_172,MX,BroadlyAffectedAutism_4_95,BR,0.9937
MixedASDwithDelay_6_174,MX,BroadlyAffectedAutism_3_33,BR,0.9834
MixedASDwithDelay_6_174,MX,BroadlyAffectedAutism_3_52,BR,0.9919
MixedASDwithDelay_6_174,MX,BroadlyAffectedAutism_4_69,BR,0.5875
MixedASDwithDelay_6_174,MX,BroadlyAffectedAutism_5_146,BR,0.9863
MixedASDwithDelay_6_176,MX,BroadlyAffectedAutism_4_56,BR,0.7622
MixedASDwithDelay_6_176,MX,BroadlyAffectedAutism_4_102,BR,0.9918
MixedASDwithDelay_6_176,MX,BroadlyAffectedAutism_5_212,BR,0.9861
MixedASDwithDelay_6_179,MX,BroadlyAffectedAutism_4_69,BR,0.9766
MixedASDwithDelay_6_179,MX,BroadlyAffectedAutism_5_119,BR,0.9635
MixedASDwithDelay_6_179,MX,BroadlyAffectedAutism_5_128,BR,0.9194
MixedASDwithDelay_6_179,MX,BroadlyAffectedAutism_5_175,BR,0.9856
MixedASDwithDelay_6_179,MX,BroadlyAffectedAutism_5_198,BR,0.6172
MixedASDwithDelay_6_179,MX,BroadlyAffectedAutism_5_201,BR,0.9948
MixedASDwithDelay_6_179,MX,BroadlyAffectedAutism_5_204,BR,0.9881
MixedASDwithDelay_6_181,MX,BroadlyAffectedAutism_4_67,BR,0.9959
MixedASDwithDelay_6_181,MX,BroadlyAffectedAutism_4_78,BR,0.9728
MixedASDwithDelay_6_185,MX,BroadlyAffectedAutism_4_61,BR,0.9424
MixedASDwithDelay_6_185,MX,BroadlyAffectedAutism_4_100,BR,0.9317
MixedASDwithDelay_6_185,MX,BroadlyAffectedAutism_4_103,BR,0.8339
MixedASDwithDelay_6_185,MX,BroadlyAffectedAutism_5_119,BR,0.9914
MixedASDwithDelay_6_185,MX,BroadlyAffectedAutism_5_126,BR,0.582
MixedASDwithDelay_6_189,MX,BroadlyAffectedAutism_2_16,BR,0.9883
MixedASDwithDelay_6_189,MX,BroadlyAffectedAutism_3_33,BR,0.9531
MixedASDwithDelay_6_189,MX,BroadlyAffectedAutism_3_36,BR,0.979
MixedASDwithDelay_6_189,MX,BroadlyAffectedAutism_4_69,BR,0.8664
MixedASDwithDelay_6_189,MX,BroadlyAffectedAutism_5_144,BR,0.9933
MixedASDwithDelay_6_189,MX,BroadlyAffectedAutism_5_151,BR,0.696
MixedASDwithDelay_6_189,MX,BroadlyAffectedAutism_5_159,BR,0.8244
MixedASDwithDelay_6_189,MX,BroadlyAffectedAutism_5_164,BR,0.9865
MixedASDwithDelay_6_189,MX,BroadlyAffectedAutism_5_201,BR,0.7697
MixedASDwithDelay_6_190,MX,BroadlyAffectedAutism_4_69,BR,0.9968
MixedASDwithDelay_6_190,MX,BroadlyAffectedAutism_4_103,BR,0.8691
MixedASDwithDelay_6_190,MX,BroadlyAffectedAutism_5_198,BR,0.5829
MixedASDwithDelay_6_190,MX,BroadlyAffectedAutism_5_201,BR,0.9944
MixedASDwithDelay_6_190,MX,BroadlyAffectedAutism_5_204,BR,0.9972
MixedASDwithDelay_6_191,MX,BroadlyAffectedAutism_5_185,BR,0.8372
MixedASDwithDelay_6_193,MX,BroadlyAffectedAutism_4_69,BR,0.7792
MixedASDwithDelay_6_193,MX,BroadlyAffectedAutism_5_137,BR,0.8207
MixedASDwithDelay_6_195,MX,BroadlyAffectedAutism_2_16,BR,0.9821
MixedASDwithDelay_6_195,MX,BroadlyAffectedAutism_4_69,BR,0.5794
MixedASDwithDelay_6_195,MX,BroadlyAffectedAutism_5_144,BR,0.9945
MixedASDwithDelay_6_195,MX,BroadlyAffectedAutism_5_151,BR,0.8766
MixedASDwithDelay_6_195,MX,BroadlyAffectedAutism_5_164,BR,0.9866
MixedASDwithDelay_6_198,MX,BroadlyAffectedAutism_2_7,BR,0.935
MixedASDwithDelay_6_198,MX,BroadlyAffectedAutism_4_86,BR,0.9829
MixedASDwithDelay_6_198,MX,BroadlyAffectedAutism_5_144,BR,0.9821
MixedASDwithDelay_6_198,MX,BroadlyAffectedAutism_5_159,BR,0.9861
MixedASDwithDelay_6_198,MX,BroadlyAffectedAutism_5_164,BR,0.9929
MixedASDwithDelay_6_199,MX,BroadlyAffectedAutism_5_150,BR,0.9966
MixedASDwithDelay_6_203,MX,BroadlyAffectedAutism_5_120,BR,0.9959
MixedASDwithDelay_6_204,MX,BroadlyAffectedAutism_5_144,BR,0.9691
MixedASDwithDelay_6_204,MX,BroadlyAffectedAutism_5_159,BR,0.5867
MixedASDwithDelay_6_205,MX,BroadlyAffectedAutism_5_144,BR,0.9917
MixedASDwithDelay_6_205,MX,BroadlyAffectedAutism_5_151,BR,0.9598
MixedASDwithDelay_6_205,MX,BroadlyAffectedAutism_5_164,BR,0.9281
MixedASDwithDelay_6_209,MX,BroadlyAffectedAutism_3_47,BR,0.6531
MixedASDwithDelay_6_212,MX,BroadlyAffectedAutism_5_144,BR,0.9902
MixedASDwithDelay_6_212,MX,BroadlyAffectedAutism_5_151,BR,0.9958
MixedASDwithDelay_6_212,MX,BroadlyAffectedAutism_5_164,BR,0.9745
MixedASDwithDelay_6_215,MX,BroadlyAffectedAutism_5_170,BR,0.9891
MixedASDwithDelay_6_215,MX,BroadlyAffectedAutism_5_179,BR,0.9641
MixedASDwithDelay_6_217,MX,BroadlyAffectedAutism_3_51,BR,0.9033
MixedASDwithDelay_6_217,MX,BroadlyAffectedAutism_4_60,BR,0.9981
MixedASDwithDelay_6_217,MX,BroadlyAffectedAutism_4_65,BR,0.9555
MixedASDwithDelay_6_217,MX,BroadlyAffectedAutism_5_137,BR,0.9841
MixedASDwithDelay_6_220,MX,BroadlyAffectedAutism_4_103,BR,0.9437
MixedASDwithDelay_6_228,MX,BroadlyAffectedAutism_5_150,BR,0.9883
MixedASDwithDelay_6_229,MX,BroadlyAffectedAutism_5_168,BR,0.9718
MixedASDwithDelay_6_230,MX,BroadlyAffectedAutism_5_134,BR,0.6792
MixedASDwithDelay_6_232,MX,BroadlyAffectedAutism_4_105,BR,0.9962
ModerateAutism_1_2,MO,BroadlyAffectedAutism_5_144,BR,0.6741
ModerateAutism_1_2,MO,BroadlyAffectedAutism_5_151,BR,0.9855
ModerateAutism_1_2,MO,BroadlyAffectedAutism_5_159,BR,0.6819
ModerateAutism_1_2,MO,BroadlyAffectedAutism_5_164,BR,0.9967
ModerateAutism_1_3,MO,BroadlyAffectedAutism_2_11,BR,0.9978
ModerateAutism_1_3,MO,BroadlyAffectedAutism_4_61,BR,0.984
ModerateAutism_1_3,MO,BroadlyAffectedAutism_4_105,BR,0.6401
ModerateAutism_1_3,MO,BroadlyAffectedAutism_5_119,BR,0.9789
ModerateAutism_1_3,MO,BroadlyAffectedAutism_5_128,BR,0.9835
ModerateAutism_1_3,MO,BroadlyAffectedAutism_5_198,BR,0.973
ModerateAutism_2_4,MO,BroadlyAffectedAutism_1_1,BR,0.9922
ModerateAutism_2_4,MO,BroadlyAffectedAutism_3_23,BR,0.9963
ModerateAutism_2_4,MO,BroadlyAffectedAutism_4_90,BR,0.9946
ModerateAutism_2_4,MO,BroadlyAffectedAutism_5_192,BR,0.9791
ModerateAutism_2_5,MO,BroadlyAffectedAutism_2_7,BR,0.7353
ModerateAutism_2_5,MO,BroadlyAffectedAutism_5_154,BR,0.8922
ModerateAutism_2_7,MO,BroadlyAffectedAutism_1_1,BR,0.9957
ModerateAutism_2_7,MO,BroadlyAffectedAutism_3_23,BR,0.9929
ModerateAutism_2_7,MO,BroadlyAffectedAutism_3_46,BR,0.7471
ModerateAutism_2_7,MO,BroadlyAffectedAutism_4_90,BR,0.9979
ModerateAutism_2_7,MO,BroadlyAffectedAutism_5_192,BR,0.9904
ModerateAutism_2_8,MO,BroadlyAffectedAutism_2_10,BR,0.9691
ModerateAutism_2_8,MO,BroadlyAffectedAutism_4_67,BR,0.6828
ModerateAutism_2_8,MO,BroadlyAffectedAutism_4_94,BR,0.8677
ModerateAutism_2_8,MO,BroadlyAffectedAutism_5_109,BR,0.9732
ModerateAutism_2_8,MO,BroadlyAffectedAutism_5_119,BR,0.9861
ModerateAutism_2_8,MO,BroadlyAffectedAutism_5_154,BR,0.9738
ModerateAutism_2_8,MO,BroadlyAffectedAutism_5_168,BR,0.8073
ModerateAutism_2_9,MO,BroadlyAffectedAutism_2_12,BR,0.9959
ModerateAutism_2_11,MO,BroadlyAffectedAutism_5_160,BR,0.6161
ModerateAutism_2_13,MO,BroadlyAffectedAutism_2_11,BR,0.9277
ModerateAutism_2_13,MO,BroadlyAffectedAutism_4_61,BR,0.9911
ModerateAutism_2_13,MO,BroadlyAffectedAutism_4_97,BR,0.9948
ModerateAutism_2_13,MO,BroadlyAffectedAutism_5_119,BR,0.9933
ModerateAutism_2_13,MO,BroadlyAffectedAutism_5_142,BR,0.9279
ModerateAutism_2_13,MO,BroadlyAffectedAutism_5_144,BR,0.5814
ModerateAutism_3_15,MO,BroadlyAffectedAutism_4_60,BR,0.9693
ModerateAutism_3_16,MO,BroadlyAffectedAutism_2_11,BR,0.9116
ModerateAutism_3_16,MO,BroadlyAffectedAutism_2_12,BR,0.6087
ModerateAutism_3_16,MO,BroadlyAffectedAutism_3_33,BR,0.8613
ModerateAutism_3_16,MO,BroadlyAffectedAutism_4_69,BR,0.9883
ModerateAutism_3_16,MO,BroadlyAffectedAutism_4_71,BR,0.6816
ModerateAutism_3_16,MO,BroadlyAffectedAutism_4_99,BR,0.9241
ModerateAutism_3_16,MO,BroadlyAffectedAutism_4_105,BR,0.9678
ModerateAutism_3_16,MO,BroadlyAffectedAutism_5_128,BR,0.8061
ModerateAutism_3_17,MO,BroadlyAffectedAutism_3_51,BR,0.8064
ModerateAutism_3_17,MO,BroadlyAffectedAutism_4_60,BR,0.9982
ModerateAutism_3_17,MO,BroadlyAffectedAutism_4_65,BR,0.9853
ModerateAutism_3_17,MO,BroadlyAffectedAutism_5_137,BR,0.9699
ModerateAutism_3_19,MO,BroadlyAffectedAutism_5_134,BR,0.9672
ModerateAutism_3_20,MO,BroadlyAffectedAutism_4_61,BR,0.9675
ModerateAutism_3_20,MO,BroadlyAffectedAutism_4_100,BR,0.7952
ModerateAutism_3_20,MO,BroadlyAffectedAutism_4_105,BR,0.9347
ModerateAutism_3_20,MO,BroadlyAffectedAutism_5_119,BR,0.9879
ModerateAutism_3_20,MO,BroadlyAffectedAutism_5_198,BR,0.9325
ModerateAutism_3_22,MO,BroadlyAffectedAutism_2_10,BR,0.6848
ModerateAutism_3_22,MO,BroadlyAffectedAutism_4_75,BR,0.9911
ModerateAutism_3_22,MO,BroadlyAffectedAutism_4_78,BR,0.8757
ModerateAutism_3_22,MO,BroadlyAffectedAutism_4_107,BR,0.9849
ModerateAutism_3_22,MO,BroadlyAffectedAutism_5_109,BR,0.9546
ModerateAutism_3_22,MO,BroadlyAffectedAutism_5_126,BR,0.992
ModerateAutism_3_24,MO,BroadlyAffectedAutism_3_51,BR,0.9879
ModerateAutism_3_24,MO,BroadlyAffectedAutism_4_75,BR,0.9164
ModerateAutism_3_29,MO,BroadlyAffectedAutism_4_93,BR,0.9956
ModerateAutism_3_31,MO,BroadlyAffectedAutism_2_10,BR,0.593
ModerateAutism_3_31,MO,BroadlyAffectedAutism_4_61,BR,0.9841
ModerateAutism_3_31,MO,BroadlyAffectedAutism_4_67,BR,0.9758
ModerateAutism_3_31,MO,BroadlyAffectedAutism_4_105,BR,0.9824
ModerateAutism_3_31,MO,BroadlyAffectedAutism_5_119,BR,0.9825
ModerateAutism_3_34,MO,BroadlyAffectedAutism_3_35,BR,0.7823
ModerateAutism_3_34,MO,BroadlyAffectedAutism_3_51,BR,0.9806
ModerateAutism_3_34,MO,BroadlyAffectedAutism_4_59,BR,0.9961
ModerateAutism_3_34,MO,BroadlyAffectedAutism_4_94,BR,0.9183
ModerateAutism_3_35,MO,BroadlyAffectedAutism_4_93,BR,0.857
ModerateAutism_3_36,MO,BroadlyAffectedAutism_3_33,BR,0.9668
ModerateAutism_3_36,MO,BroadlyAffectedAutism_4_105,BR,0.9578
ModerateAutism_3_36,MO,BroadlyAffectedAutism_5_146,BR,0.98
ModerateAutism_3_37,MO,BroadlyAffectedAutism_2_12,BR,0.5596
ModerateAutism_3_37,MO,BroadlyAffectedAutism_3_52,BR,0.8158
ModerateAutism_3_37,MO,BroadlyAffectedAutism_4_93,BR,0.9883
ModerateAutism_3_37,MO,BroadlyAffectedAutism_4_96,BR,0.9977
ModerateAutism_3_38,MO,BroadlyAffectedAutism_2_10,BR,0.5885
ModerateAutism_3_38,MO,BroadlyAffectedAutism_3_51,BR,0.8024
ModerateAutism_3_38,MO,BroadlyAffectedAutism_4_72,BR,0.9936
ModerateAutism_3_38,MO,BroadlyAffectedAutism_4_78,BR,0.903
ModerateAutism_3_38,MO,BroadlyAffectedAutism_4_94,BR,0.9557
ModerateAutism_3_38,MO,BroadlyAffectedAutism_4_107,BR,0.9951
ModerateAutism_3_38,MO,BroadlyAffectedAutism_5_109,BR,0.9135
ModerateAutism_3_38,MO,BroadlyAffectedAutism_5_115,BR,0.7527
ModerateAutism_3_38,MO,BroadlyAffectedAutism_5_162,BR,0.9051
ModerateAutism_3_38,MO,BroadlyAffectedAutism_5_174,BR,0.9086
ModerateAutism_4_41,MO,BroadlyAffectedAutism_4_105,BR,0.9756
ModerateAutism_4_44,MO,BroadlyAffectedAutism_4_88,BR,0.858
ModerateAutism_4_45,MO,BroadlyAffectedAutism_2_10,BR,0.9724
ModerateAutism_4_45,MO,BroadlyAffectedAutism_4_61,BR,0.9981
ModerateAutism_4_45,MO,BroadlyAffectedAutism_4_78,BR,0.8812
ModerateAutism_4_45,MO,BroadlyAffectedAutism_4_97,BR,0.9271
ModerateAutism_4_45,MO,BroadlyAffectedAutism_5_119,BR,0.9861
ModerateAutism_4_45,MO,BroadlyAffectedAutism_5_128,BR,0.9369
ModerateAutism_4_45,MO,BroadlyAffectedAutism_5_154,BR,0.9564
ModerateAutism_4_45,MO,BroadlyAffectedAutism_5_198,BR,0.9881
ModerateAutism_4_45,MO,BroadlyAffectedAutism_5_201,BR,0.9852
ModerateAutism_4_47,MO,BroadlyAffectedAutism_5_134,BR,0.983
ModerateAutism_4_47,MO,BroadlyAffectedAutism_5_193,BR,0.9827
ModerateAutism_4_48,MO,BroadlyAffectedAutism_4_70,BR,0.9775
ModerateAutism_4_48,MO,BroadlyAffectedAutism_5_193,BR,0.9682
ModerateAutism_4_50,MO,BroadlyAffectedAutism_3_35,BR,0.8994
ModerateAutism_4_50,MO,BroadlyAffectedAutism_4_75,BR,0.996
ModerateAutism_4_50,MO,BroadlyAffectedAutism_5_198,BR,0.7312
ModerateAutism_4_51,MO,BroadlyAffectedAutism_4_97,BR,0.6109
ModerateAutism_4_51,MO,BroadlyAffectedAutism_5_144,BR,0.9833
ModerateAutism_4_51,MO,BroadlyAffectedAutism_5_151,BR,0.7515
ModerateAutism_4_51,MO,BroadlyAffectedAutism_5_159,BR,0.6817
ModerateAutism_4_52,MO,BroadlyAffectedAutism_4_107,BR,0.9786
ModerateAutism_4_52,MO,BroadlyAffectedAutism_5_126,BR,0.9877
ModerateAutism_4_52,MO,BroadlyAffectedAutism_5_128,BR,0.9745
ModerateAutism_4_55,MO,BroadlyAffectedAutism_2_12,BR,0.9963
ModerateAutism_4_55,MO,BroadlyAffectedAutism_2_13,BR,0.8481
ModerateAutism_4_55,MO,BroadlyAffectedAutism_3_33,BR,0.9974
ModerateAutism_4_55,MO,BroadlyAffectedAutism_3_52,BR,0.648
ModerateAutism_4_55,MO,BroadlyAffectedAutism_4_61,BR,0.7476
ModerateAutism_4_55,MO,BroadlyAffectedAutism_4_69,BR,0.9838
ModerateAutism_4_55,MO,BroadlyAffectedAutism_4_93,BR,0.6135
ModerateAutism_4_56,MO,BroadlyAffectedAutism_2_10,BR,0.559
ModerateAutism_4_56,MO,BroadlyAffectedAutism_2_11,BR,0.9429
ModerateAutism_4_56,MO,BroadlyAffectedAutism_3_33,BR,0.5737
ModerateAutism_4_56,MO,BroadlyAffectedAutism_4_61,BR,0.7323
ModerateAutism_4_56,MO,BroadlyAffectedAutism_4_67,BR,0.9454
ModerateAutism_4_56,MO,BroadlyAffectedAutism_4_75,BR,0.5646
ModerateAutism_4_56,MO,BroadlyAffectedAutism_4_103,BR,0.9371
ModerateAutism_4_56,MO,BroadlyAffectedAutism_4_105,BR,0.9743
ModerateAutism_4_56,MO,BroadlyAffectedAutism_4_107,BR,0.8036
ModerateAutism_4_56,MO,BroadlyAffectedAutism_5_119,BR,0.9348
ModerateAutism_4_56,MO,BroadlyAffectedAutism_5_126,BR,0.9843
ModerateAutism_4_56,MO,BroadlyAffectedAutism_5_221,BR,0.6927
ModerateAutism_4_57,MO,BroadlyAffectedAutism_3_35,BR,0.997
ModerateAutism_4_57,MO,BroadlyAffectedAutism_3_51,BR,0.9325
ModerateAutism_4_57,MO,BroadlyAffectedAutism_4_54,BR,0.6965
ModerateAutism_4_57,MO,BroadlyAffectedAutism_4_62,BR,0.5517
ModerateAutism_4_57,MO,BroadlyAffectedAutism_4_64,BR,0.982
ModerateAutism_4_57,MO,BroadlyAffectedAutism_4_94,BR,0.9619
ModerateAutism_4_57,MO,BroadlyAffectedAutism_4_100,BR,0.9453
ModerateAutism_4_57,MO,BroadlyAffectedAutism_5_137,BR,0.987
ModerateAutism_4_59,MO,BroadlyAffectedAutism_5_173,BR,0.8144
ModerateAutism_4_59,MO,BroadlyAffectedAutism_5_193,BR,0.9598
ModerateAutism_4_60,MO,BroadlyAffectedAutism_5_146,BR,0.7823
ModerateAutism_4_61,MO,BroadlyAffectedAutism_5_144,BR,0.9742
ModerateAutism_4_61,MO,BroadlyAffectedAutism_5_159,BR,0.9257
ModerateAutism_4_64,MO,BroadlyAffectedAutism_4_67,BR,0.9042
ModerateAutism_4_67,MO,BroadlyAffectedAutism_5_151,BR,0.6315
ModerateAutism_4_67,MO,BroadlyAffectedAutism_5_159,BR,0.9888
ModerateAutism_4_67,MO,BroadlyAffectedAutism_5_164,BR,0.9949
ModerateAutism_4_69,MO,BroadlyAffectedAutism_3_35,BR,0.9965
ModerateAutism_4_69,MO,BroadlyAffectedAutism_4_59,BR,0.8675
ModerateAutism_4_69,MO,BroadlyAffectedAutism_4_94,BR,0.9973
ModerateAutism_4_69,MO,BroadlyAffectedAutism_5_198,BR,0.6063
ModerateAutism_4_69,MO,BroadlyAffectedAutism_5_201,BR,0.6329
ModerateAutism_4_70,MO,BroadlyAffectedAutism_1_2,BR,0.9549
ModerateAutism_4_70,MO,BroadlyAffectedAutism_4_86,BR,0.6854
ModerateAutism_4_70,MO,BroadlyAffectedAutism_5_173,BR,0.9719
ModerateAutism_4_70,MO,BroadlyAffectedAutism_5_179,BR,0.9845
ModerateAutism_4_70,MO,BroadlyAffectedAutism_5_193,BR,0.9389
ModerateAutism_4_72,MO,BroadlyAffectedAutism_5_177,BR,0.8882
ModerateAutism_4_74,MO,BroadlyAffectedAutism_5_198,BR,0.8671
ModerateAutism_4_74,MO,BroadlyAffectedAutism_5_201,BR,0.982
ModerateAutism_4_75,MO,BroadlyAffectedAutism_4_91,BR,0.8756
ModerateAutism_4_76,MO,BroadlyAffectedAutism_4_69,BR,0.9811
ModerateAutism_4_76,MO,BroadlyAffectedAutism_5_201,BR,0.9931
ModerateAutism_4_76,MO,BroadlyAffectedAutism_5_204,BR,0.9965
ModerateAutism_4_77,MO,BroadlyAffectedAutism_3_33,BR,0.9924
ModerateAutism_4_79,MO,BroadlyAffectedAutism_3_51,BR,0.9496
ModerateAutism_4_79,MO,BroadlyAffectedAutism_4_60,BR,0.771
ModerateAutism_4_79,MO,BroadlyAffectedAutism_4_65,BR,0.9718
ModerateAutism_4_79,MO,BroadlyAffectedAutism_4_67,BR,0.9885
ModerateAutism_4_79,MO,BroadlyAffectedAutism_4_91,BR,0.9731
ModerateAutism_4_79,MO,BroadlyAffectedAutism_5_137,BR,0.8438
ModerateAutism_4_79,MO,BroadlyAffectedAutism_5_168,BR,0.7607
ModerateAutism_4_79,MO,BroadlyAffectedAutism_5_195,BR,0.8471
ModerateAutism_4_81,MO,BroadlyAffectedAutism_5_222,BR,0.98
ModerateAutism_4_86,MO,BroadlyAffectedAutism_2_7,BR,0.5941
ModerateAutism_4_86,MO,BroadlyAffectedAutism_4_74,BR,0.9809
ModerateAutism_4_86,MO,BroadlyAffectedAutism_5_138,BR,0.6313
ModerateAutism_4_88,MO,BroadlyAffectedAutism_2_10,BR,0.978
ModerateAutism_4_88,MO,BroadlyAffectedAutism_4_78,BR,0.9441
ModerateAutism_4_88,MO,BroadlyAffectedAutism_4_94,BR,0.9668
ModerateAutism_4_88,MO,BroadlyAffectedAutism_4_100,BR,0.9718
ModerateAutism_4_88,MO,BroadlyAffectedAutism_4_107,BR,0.5511
ModerateAutism_4_88,MO,BroadlyAffectedAutism_5_109,BR,0.8562
ModerateAutism_4_88,MO,BroadlyAffectedAutism_5_153,BR,0.9316
ModerateAutism_4_88,MO,BroadlyAffectedAutism_5_154,BR,0.6423
ModerateAutism_4_88,MO,BroadlyAffectedAutism_5_168,BR,0.9188
ModerateAutism_5_92,MO,BroadlyAffectedAutism_3_33,BR,0.6512
ModerateAutism_5_92,MO,BroadlyAffectedAutism_3_52,BR,0.9851
ModerateAutism_5_92,MO,BroadlyAffectedAutism_4_56,BR,0.62
ModerateAutism_5_92,MO,BroadlyAffectedAutism_4_62,BR,0.9926
ModerateAutism_5_92,MO,BroadlyAffectedAutism_5_146,BR,0.9931
ModerateAutism_5_93,MO,BroadlyAffectedAutism_5_144,BR,0.964
ModerateAutism_5_93,MO,BroadlyAffectedAutism_5_164,BR,0.9879
ModerateAutism_5_94,MO,BroadlyAffectedAutism_4_69,BR,0.9971
ModerateAutism_5_94,MO,BroadlyAffectedAutism_5_175,BR,0.9758
ModerateAutism_5_94,MO,BroadlyAffectedAutism_5_201,BR,0.9904
ModerateAutism_5_94,MO,BroadlyAffectedAutism_5_204,BR,0.9967
ModerateAutism_5_97,MO,BroadlyAffectedAutism_2_10,BR,0.9927
ModerateAutism_5_97,MO,BroadlyAffectedAutism_4_61,BR,0.9562
ModerateAutism_5_97,MO,BroadlyAffectedAutism_4_67,BR,0.9759
ModerateAutism_5_97,MO,BroadlyAffectedAutism_4_69,BR,0.8653
ModerateAutism_5_97,MO,BroadlyAffectedAutism_4_78,BR,0.9826
ModerateAutism_5_97,MO,BroadlyAffectedAutism_4_94,BR,0.8527
ModerateAutism_5_97,MO,BroadlyAffectedAutism_4_99,BR,0.5815
ModerateAutism_5_97,MO,BroadlyAffectedAutism_4_100,BR,0.8974
ModerateAutism_5_97,MO,BroadlyAffectedAutism_4_102,BR,0.7355
ModerateAutism_5_97,MO,BroadlyAffectedAutism_4_103,BR,0.9921
ModerateAutism_5_97,MO,BroadlyAffectedAutism_4_105,BR,0.9836
ModerateAutism_5_97,MO,BroadlyAffectedAutism_4_107,BR,0.7284
ModerateAutism_5_97,MO,BroadlyAffectedAutism_5_119,BR,0.9454
ModerateAutism_5_97,MO,BroadlyAffectedAutism_5_137,BR,0.9414
ModerateAutism_5_97,MO,BroadlyAffectedAutism_5_146,BR,0.9069
ModerateAutism_5_97,MO,BroadlyAffectedAutism_5_212,BR,0.9574
ModerateAutism_5_97,MO,BroadlyAffectedAutism_5_221,BR,0.552
ModerateAutism_5_98,MO,BroadlyAffectedAutism_4_59,BR,0.9903
ModerateAutism_5_98,MO,BroadlyAffectedAutism_5_137,BR,0.899
ModerateAutism_5_99,MO,BroadlyAffectedAutism_3_51,BR,0.9736
ModerateAutism_5_99,MO,BroadlyAffectedAutism_4_59,BR,0.6411
ModerateAutism_5_99,MO,BroadlyAffectedAutism_4_67,BR,0.9754
ModerateAutism_5_100,MO,BroadlyAffectedAutism_3_33,BR,0.9598
ModerateAutism_5_100,MO,BroadlyAffectedAutism_3_52,BR,0.8253
ModerateAutism_5_103,MO,BroadlyAffectedAutism_3_23,BR,0.9749
ModerateAutism_5_104,MO,BroadlyAffectedAutism_3_35,BR,0.9712
ModerateAutism_5_104,MO,BroadlyAffectedAutism_5_137,BR,0.9443
ModerateAutism_5_110,MO,BroadlyAffectedAutism_2_10,BR,0.9495
ModerateAutism_5_110,MO,BroadlyAffectedAutism_2_11,BR,0.9974
ModerateAutism_5_110,MO,BroadlyAffectedAutism_4_61,BR,0.5621
ModerateAutism_5_110,MO,BroadlyAffectedAutism_4_105,BR,0.981
ModerateAutism_5_110,MO,BroadlyAffectedAutism_5_119,BR,0.9519
ModerateAutism_5_110,MO,BroadlyAffectedAutism_5_126,BR,0.995
ModerateAutism_5_110,MO,BroadlyAffectedAutism_5_128,BR,0.7677
ModerateAutism_5_110,MO,BroadlyAffectedAutism_5_198,BR,0.9771
ModerateAutism_5_112,MO,BroadlyAffectedAutism_4_105,BR,0.993
ModerateAutism_5_114,MO,BroadlyAffectedAutism_2_16,BR,0.9718
ModerateAutism_5_114,MO,BroadlyAffectedAutism_5_144,BR,0.9904
ModerateAutism_5_115,MO,BroadlyAffectedAutism_5_164,BR,0.9969
ModerateAutism_5_116,MO,BroadlyAffectedAutism_4_87,BR,0.8506
ModerateAutism_5_116,MO,BroadlyAffectedAutism_5_146,BR,0.9952
ModerateAutism_5_116,MO,BroadlyAffectedAutism_5_193,BR,0.9837
ModerateAutism_5_117,MO,BroadlyAffectedAutism_5_221,BR,0.9963
ModerateAutism_5_118,MO,BroadlyAffectedAutism_3_51,BR,0.7237
ModerateAutism_5_118,MO,BroadlyAffectedAutism_4_75,BR,0.8566
ModerateAutism_5_120,MO,BroadlyAffectedAutism_4_69,BR,0.9966
ModerateAutism_5_120,MO,BroadlyAffectedAutism_5_175,BR,0.9704
ModerateAutism_5_120,MO,BroadlyAffectedAutism_5_201,BR,0.7374
ModerateAutism_5_120,MO,BroadlyAffectedAutism_5_204,BR,0.9973
ModerateAutism_5_121,MO,BroadlyAffectedAutism_2_10,BR,0.5522
ModerateAutism_5_121,MO,BroadlyAffectedAutism_3_51,BR,0.9686
ModerateAutism_5_121,MO,BroadlyAffectedAutism_4_59,BR,0.9612
ModerateAutism_5_123,MO,BroadlyAffectedAutism_2_10,BR,0.5703
ModerateAutism_5_130,MO,BroadlyAffectedAutism_5_123,BR,0.6243
ModerateAutism_5_130,MO,BroadlyAffectedAutism_5_168,BR,0.7768
ModerateAutism_5_130,MO,BroadlyAffectedAutism_5_174,BR,0.6275
ModerateAutism_5_131,MO,BroadlyAffectedAutism_5_137,BR,0.9816
ModerateAutism_5_131,MO,BroadlyAffectedAutism_5_146,BR,0.9871
ModerateAutism_5_132,MO,BroadlyAffectedAutism_4_62,BR,0.9758
ModerateAutism_5_132,MO,BroadlyAffectedAutism_4_101,BR,0.6353
ModerateAutism_5_132,MO,BroadlyAffectedAutism_5_191,BR,0.5604
ModerateAutism_5_133,MO,BroadlyAffectedAutism_4_69,BR,0.9935
ModerateAutism_5_133,MO,BroadlyAffectedAutism_5_119,BR,0.5671
ModerateAutism_5_133,MO,BroadlyAffectedAutism_5_198,BR,0.9752
ModerateAutism_5_133,MO,BroadlyAffectedAutism_5_201,BR,0.9872
ModerateAutism_5_133,MO,BroadlyAffectedAutism_5_204,BR,0.6012
ModerateAutism_5_134,MO,BroadlyAffectedAutism_5_130,BR,0.9249
ModerateAutism_5_136,MO,BroadlyAffectedAutism_4_86,BR,0.9768
ModerateAutism_5_136,MO,BroadlyAffectedAutism_5_144,BR,0.9702
ModerateAutism_5_136,MO,BroadlyAffectedAutism_5_159,BR,0.9858
ModerateAutism_5_136,MO,BroadlyAffectedAutism_5_164,BR,0.9889
ModerateAutism_5_137,MO,BroadlyAffectedAutism_5_144,BR,0.9716
ModerateAutism_5_137,MO,BroadlyAffectedAutism_5_151,BR,0.9931
ModerateAutism_5_137,MO,BroadlyAffectedAutism_5_159,BR,0.7738
ModerateAutism_5_137,MO,BroadlyAffectedAutism_5_164,BR,0.985
ModerateAutism_5_142,MO,BroadlyAffectedAutism_3_31,BR,0.5995
ModerateAutism_5_142,MO,BroadlyAffectedAutism_4_62,BR,0.991
ModerateAutism_5_142,MO,BroadlyAffectedAutism_5_135,BR,0.9567
ModerateAutism_5_142,MO,BroadlyAffectedAutism_5_137,BR,0.9175
ModerateAutism_5_142,MO,BroadlyAffectedAutism_5_191,BR,0.5713
ModerateAutism_5_143,MO,BroadlyAffectedAutism_3_33,BR,0.566
ModerateAutism_5_146,MO,BroadlyAffectedAutism_5_173,BR,0.9839
ModerateAutism_5_149,MO,BroadlyAffectedAutism_4_61,BR,0.9632
ModerateAutism_5_149,MO,BroadlyAffectedAutism_4_69,BR,0.9953
ModerateAutism_5_149,MO,BroadlyAffectedAutism_5_128,BR,0.8876
ModerateAutism_5_149,MO,BroadlyAffectedAutism_5_175,BR,0.9934
ModerateAutism_5_149,MO,BroadlyAffectedAutism_5_198,BR,0.9494
ModerateAutism_5_149,MO,BroadlyAffectedAutism_5_201,BR,0.5576
ModerateAutism_5_149,MO,BroadlyAffectedAutism_5_204,BR,0.9968
ModerateAutism_5_157,MO,BroadlyAffectedAutism_3_35,BR,0.9868
ModerateAutism_5_157,MO,BroadlyAffectedAutism_3_51,BR,0.9016
ModerateAutism_5_157,MO,BroadlyAffectedAutism_4_59,BR,0.9898
ModerateAutism_5_157,MO,BroadlyAffectedAutism_4_75,BR,0.978
ModerateAutism_5_157,MO,BroadlyAffectedAutism_4_94,BR,0.9839
ModerateAutism_5_157,MO,BroadlyAffectedAutism_5_137,BR,0.9643
ModerateAutism_5_158,MO,BroadlyAffectedAutism_3_33,BR,0.9696
ModerateAutism_5_158,MO,BroadlyAffectedAutism_3_52,BR,0.9829
ModerateAutism_5_158,MO,BroadlyAffectedAutism_4_71,BR,0.9916
ModerateAutism_5_158,MO,BroadlyAffectedAutism_4_93,BR,0.9715
ModerateAutism_5_158,MO,BroadlyAffectedAutism_4_96,BR,0.7046
ModerateAutism_5_158,MO,BroadlyAffectedAutism_5_185,BR,0.7613
ModerateAutism_5_159,MO,BroadlyAffectedAutism_5_134,BR,0.9836
ModerateAutism_5_159,MO,BroadlyAffectedAutism_5_154,BR,0.9227
ModerateAutism_5_162,MO,BroadlyAffectedAutism_5_193,BR,0.7083
ModerateAutism_5_164,MO,BroadlyAffectedAutism_1_1,BR,0.5682
ModerateAutism_5_166,MO,BroadlyAffectedAutism_3_31,BR,0.5658
ModerateAutism_5_167,MO,BroadlyAffectedAutism_5_170,BR,0.7153
ModerateAutism_5_167,MO,BroadlyAffectedAutism_5_179,BR,0.9762
ModerateAutism_5_169,MO,BroadlyAffectedAutism_5_193,BR,0.9388
ModerateAutism_5_171,MO,BroadlyAffectedAutism_3_33,BR,0.644
ModerateAutism_5_171,MO,BroadlyAffectedAutism_3_52,BR,0.7538
ModerateAutism_5_171,MO,BroadlyAffectedAutism_4_99,BR,0.7414
ModerateAutism_5_171,MO,BroadlyAffectedAutism_4_105,BR,0.5736
ModerateAutism_5_171,MO,BroadlyAffectedAutism_5_137,BR,0.8497
ModerateAutism_5_172,MO,BroadlyAffectedAutism_2_12,BR,0.9958
ModerateAutism_5_172,MO,BroadlyAffectedAutism_3_33,BR,0.9932
ModerateAutism_5_172,MO,BroadlyAffectedAutism_3_52,BR,0.9684
ModerateAutism_5_172,MO,BroadlyAffectedAutism_4_71,BR,0.8966
ModerateAutism_5_172,MO,BroadlyAffectedAutism_4_93,BR,0.9978
ModerateAutism_5_172,MO,BroadlyAffectedAutism_4_96,BR,0.9794
ModerateAutism_5_172,MO,BroadlyAffectedAutism_4_105,BR,0.5604
ModerateAutism_5_175,MO,BroadlyAffectedAutism_4_103,BR,0.8515
ModerateAutism_5_175,MO,BroadlyAffectedAutism_5_175,BR,0.9302
ModerateAutism_5_176,MO,BroadlyAffectedAutism_4_94,BR,0.5891
ModerateAutism_5_176,MO,BroadlyAffectedAutism_4_100,BR,0.5673
ModerateAutism_5_176,MO,BroadlyAffectedAutism_5_119,BR,0.9398
ModerateAutism_5_176,MO,BroadlyAffectedAutism_5_137,BR,0.7523
ModerateAutism_5_176,MO,BroadlyAffectedAutism_5_168,BR,0.5615
ModerateAutism_5_187,MO,BroadlyAffectedAutism_5_138,BR,0.5934
ModerateAutism_5_192,MO,BroadlyAffectedAutism_5_146,BR,0.5538
ModerateAutism_5_193,MO,BroadlyAffectedAutism_3_35,BR,0.9923
ModerateAutism_5_193,MO,BroadlyAffectedAutism_4_94,BR,0.9822
ModerateAutism_5_193,MO,BroadlyAffectedAutism_5_137,BR,0.9891
ModerateAutism_5_194,MO,BroadlyAffectedAutism_5_212,BR,0.9377
ModerateAutism_5_198,MO,BroadlyAffectedAutism_4_78,BR,0.8738
ModerateAutism_5_203,MO,BroadlyAffectedAutism_2_11,BR,0.9928
ModerateAutism_5_203,MO,BroadlyAffectedAutism_3_23,BR,0.7969
ModerateAutism_5_203,MO,BroadlyAffectedAutism_4_62,BR,0.9615
ModerateAutism_5_203,MO,BroadlyAffectedAutism_4_107,BR,0.8382
ModerateAutism_5_203,MO,BroadlyAffectedAutism_5_210,BR,0.8801
ModerateAutism_5_204,MO,BroadlyAffectedAutism_4_60,BR,0.9304
ModerateAutism_5_209,MO,BroadlyAffectedAutism_5_138,BR,0.5739
ModerateAutism_6_212,MO,BroadlyAffectedAutism_5_150,BR,0.6467
ModerateAutism_6_214,MO,BroadlyAffectedAutism_5_150,BR,0.995
ModerateAutism_6_217,MO,BroadlyAffectedAutism_5_149,BR,0.9452
ModerateAutism_6_218,MO,BroadlyAffectedAutism_4_101,BR,0.7848
ModerateAutism_6_218,MO,BroadlyAffectedAutism_5_146,BR,0.9888
ModerateAutism_6_220,MO,BroadlyAffectedAutism_2_16,BR,0.8273
ModerateAutism_6_220,MO,BroadlyAffectedAutism_4_69,BR,0.9121
ModerateAutism_6_220,MO,BroadlyAffectedAutism_4_99,BR,0.7858
ModerateAutism_6_220,MO,BroadlyAffectedAutism_5_119,BR,0.7392
ModerateAutism_6_220,MO,BroadlyAffectedAutism_5_128,BR,0.9383
ModerateAutism_6_220,MO,BroadlyAffectedAutism_5_175,BR,0.9839
ModerateAutism_6_220,MO,BroadlyAffectedAutism_5_198,BR,0.9817
ModerateAutism_6_220,MO,BroadlyAffectedAutism_5_204,BR,0.9929
ModerateAutism_6_221,MO,BroadlyAffectedAutism_4_93,BR,0.9888
ModerateAutism_6_222,MO,BroadlyAffectedAutism_4_61,BR,0.9827
ModerateAutism_6_222,MO,BroadlyAffectedAutism_4_105,BR,0.9383
ModerateAutism_6_222,MO,BroadlyAffectedAutism_5_119,BR,0.9841
ModerateAutism_6_222,MO,BroadlyAffectedAutism_5_198,BR,0.9848
ModerateAutism_6_222,MO,BroadlyAffectedAutism_5_201,BR,0.9562
ModerateAutism_6_227,MO,BroadlyAffectedAutism_5_144,BR,0.9866
ModerateAutism_6_229,MO,BroadlyAffectedAutism_4_69,BR,0.9926
ModerateAutism_6_229,MO,BroadlyAffectedAutism_5_201,BR,0.9792
ModerateAutism_6_229,MO,BroadlyAffectedAutism_5_204,BR,0.9825
ModerateAutism_6_233,MO,BroadlyAffectedAutism_4_61,BR,0.9916
ModerateAutism_6_233,MO,BroadlyAffectedAutism_4_99,BR,0.986
ModerateAutism_6_233,MO,BroadlyAffectedAutism_5_119,BR,0.9931
ModerateAutism_6_233,MO,BroadlyAffectedAutism_5_128,BR,0.9837
ModerateAutism_6_233,MO,BroadlyAffectedAutism_5_175,BR,0.965
ModerateAutism_6_233,MO,BroadlyAffectedAutism_5_198,BR,0.9954
ModerateAutism_6_233,MO,BroadlyAffectedAutism_5_201,BR,0.9749
ModerateAutism_6_235,MO,BroadlyAffectedAutism_3_36,BR,0.8599
ModerateAutism_6_235,MO,BroadlyAffectedAutism_3_52,BR,0.781
ModerateAutism_6_235,MO,BroadlyAffectedAutism_5_144,BR,0.89
ModerateAutism_6_235,MO,BroadlyAffectedAutism_5_164,BR,0.5558
