node_id,actor,actor_full,premise_id,converge_F,g_entailment_max,nivel,texto
BroadlyAffectedAutism_0_0,BR,Broadly affected autism,,1,0.9893,0,"An autistic cognitive architecture that prioritizes local sensory detail over global coherence, operates through concrete-visual representations, requires explicit rule structures, and regulates learning through predictable, closed-loop feedback, with hyperfocused, effortful attention regulation, and emotionally dysregulated, alexithymic affective processing, with delayed developmental timing and slowed complex processing."
BroadlyAffectedAutism_1_1,BR,Broadly affected autism,A17,1,0.9979,1,BroadlyAffectedAutism does not automatically decode the mocking's ironic intent
BroadlyAffectedAutism_2_6,BR,Broadly affected autism,A17,1,0.9962,2,BroadlyAffectedAutism processes the mocking words literally
BroadlyAffectedAutism_3_35,BR,Broadly affected autism,A17,1,0.9953,3,BroadlyAffectedAutism requires extra inferential steps to detect mockery
BroadlyAffectedAutism_4_97,BR,Broadly affected autism,A16,1,0.998,4,BroadlyAffectedAutism's emotional response to mockery occurs later
BroadlyAffectedAutism_5_199,BR,Broadly affected autism,A24,1,0.9951,5,BroadlyAffectedAutism's delayed reaction receives no temporally proximate feedback
BroadlyAffectedAutism_4_98,BR,Broadly affected autism,A18,0,0.9916,4,BroadlyAffectedAutism consults stored rules to interpret mockery
BroadlyAffectedAutism_5_212,BR,Broadly affected autism,A18,0,0.9887,5,BroadlyAffectedAutism searches its rule database for matching mockery pattern
BroadlyAffectedAutism_3_36,BR,Broadly affected autism,A18,1,0.9956,3,BroadlyAffectedAutism must consciously retrieve rules to identify mockery
BroadlyAffectedAutism_4_95,BR,Broadly affected autism,A22,1,0.9886,4,BroadlyAffectedAutism fails to apply the rule if context differs
BroadlyAffectedAutism_5_235,BR,Broadly affected autism,A20,0,0.9916,5,BroadlyAffectedAutism experiences disproportionate prediction error from mismatch
BroadlyAffectedAutism_5_237,BR,Broadly affected autism,A23,1,0.9978,5,BroadlyAffectedAutism fails to detect the unspoken social violation
BroadlyAffectedAutism_5_238,BR,Broadly affected autism,A22,1,0.9945,5,BroadlyAffectedAutism cannot re-anchor the mockery rule without instruction
BroadlyAffectedAutism_4_96,BR,Broadly affected autism,A18,1,0.9961,4,BroadlyAffectedAutism cannot identify mockery lacking a matching stored rule
BroadlyAffectedAutism_5_228,BR,Broadly affected autism,A18,1,0.9943,5,BroadlyAffectedAutism treats the mocking as socially unclassified
BroadlyAffectedAutism_3_37,BR,Broadly affected autism,A15,0,0.993,3,BroadlyAffectedAutism treats classmate's laughter as data needing analysis
BroadlyAffectedAutism_4_118,BR,Broadly affected autism,A15,1,0.9969,4,BroadlyAffectedAutism lacks automatic empathic understanding of the mockery
BroadlyAffectedAutism_5_216,BR,Broadly affected autism,A14,1,0.997,5,BroadlyAffectedAutism cannot identify its own physiological arousal state
BroadlyAffectedAutism_3_39,BR,Broadly affected autism,A14,1,0.9982,3,BroadlyAffectedAutism cannot label the arousal from the mocking
BroadlyAffectedAutism_4_109,BR,Broadly affected autism,A15,1,0.9954,4,BroadlyAffectedAutism must infer intent from classmate's behavioral cues
BroadlyAffectedAutism_5_222,BR,Broadly affected autism,A18,1,0.9945,5,BroadlyAffectedAutism retrieves stored social rules to interpret cues
BroadlyAffectedAutism_4_110,BR,Broadly affected autism,A14,1,0.9965,4,BroadlyAffectedAutism experiences unidentified physiological arousal from the mocking
BroadlyAffectedAutism_5_219,BR,Broadly affected autism,A1,0,0.4525,5,BroadlyAffectedAutism may exceed sensory regulatory threshold now
BroadlyAffectedAutism_2_7,BR,Broadly affected autism,A15,1,0.9904,2,BroadlyAffectedAutism treats the mocking as behavioral data requiring analysis
BroadlyAffectedAutism_3_31,BR,Broadly affected autism,A18,1,0.9952,3,BroadlyAffectedAutism searches stored rules for matching social scenario
BroadlyAffectedAutism_4_148,BR,Broadly affected autism,A18,1,0.9974,4,BroadlyAffectedAutism finds no explicit rule matching this scenario
BroadlyAffectedAutism_4_149,BR,Broadly affected autism,A23,1,0.9981,4,BroadlyAffectedAutism cannot detect the implicit mocking convention
BroadlyAffectedAutism_4_151,BR,Broadly affected autism,A18,1,0.996,4,BroadlyAffectedAutism requires conscious retrieval to select a response
BroadlyAffectedAutism_5_250,BR,Broadly affected autism,A18,1,0.953,5,BroadlyAffectedAutism fails to respond if no matching rule exists
BroadlyAffectedAutism_5_251,BR,Broadly affected autism,A23,1,0.9818,5,BroadlyAffectedAutism cannot respond without an explicit stored rule
BroadlyAffectedAutism_3_34,BR,Broadly affected autism,A7,1,0.9918,3,BroadlyAffectedAutism processes the social information slowly
BroadlyAffectedAutism_4_91,BR,Broadly affected autism,A16,1,0.9968,4,BroadlyAffectedAutism responds to the mocking after a delay
BroadlyAffectedAutism_5_201,BR,Broadly affected autism,A16,1,0.9964,5,BroadlyAffectedAutism's reaction surfaces detached from the triggering moment
BroadlyAffectedAutism_5_203,BR,Broadly affected autism,A18,0,0.9771,5,BroadlyAffectedAutism must retrieve a stored rule to respond
BroadlyAffectedAutism_4_93,BR,Broadly affected autism,A24,1,0.9976,4,BroadlyAffectedAutism cannot link the mocking to immediate feedback
BroadlyAffectedAutism_5_204,BR,Broadly affected autism,A24,1,0.9964,5,BroadlyAffectedAutism does not update behavior from this mocking event
BroadlyAffectedAutism_2_8,BR,Broadly affected autism,A18,1,0.9971,2,BroadlyAffectedAutism must retrieve explicit rules to interpret mocking
BroadlyAffectedAutism_3_46,BR,Broadly affected autism,A18,0,0.9862,3,BroadlyAffectedAutism searches stored rules for matching mockery scenario
BroadlyAffectedAutism_3_49,BR,Broadly affected autism,A24,0,0.9934,3,BroadlyAffectedAutism cannot update behavior without explicit causal feedback
BroadlyAffectedAutism_4_182,BR,Broadly affected autism,A21,1,0.9978,4,BroadlyAffectedAutism cannot learn if mocking signals shame
BroadlyAffectedAutism_2_9,BR,Broadly affected autism,A16,1,0.9982,2,BroadlyAffectedAutism's emotional response to mocking is delayed
BroadlyAffectedAutism_3_28,BR,Broadly affected autism,A16,1,0.9969,3,BroadlyAffectedAutism shows no visible reaction during the mocking event
BroadlyAffectedAutism_3_29,BR,Broadly affected autism,A14,1,0.9956,3,BroadlyAffectedAutism cannot label the emerging emotional state
BroadlyAffectedAutism_1_2,BR,Broadly affected autism,A15,1,0.9666,1,BroadlyAffectedAutism must infer the classmate's behavior as data
BroadlyAffectedAutism_2_19,BR,Broadly affected autism,A15,1,0.9969,2,BroadlyAffectedAutism requires inferential analysis to interpret mockery
BroadlyAffectedAutism_3_52,BR,Broadly affected autism,A18,1,0.9811,3,BroadlyAffectedAutism must retrieve stored rules to classify mockery
BroadlyAffectedAutism_4_132,BR,Broadly affected autism,A18,1,0.9906,4,BroadlyAffectedAutism fails to classify mockery without matching stored entry
BroadlyAffectedAutism_3_53,BR,Broadly affected autism,A17,0,0.9891,3,BroadlyAffectedAutism may decode mocking words only literally
BroadlyAffectedAutism_4_122,BR,Broadly affected autism,A17,1,0.9977,4,BroadlyAffectedAutism fails to register the intended insult automatically
BroadlyAffectedAutism_2_20,BR,Broadly affected autism,A17,1,0.9976,2,BroadlyAffectedAutism cannot automatically decode mocking intent
BroadlyAffectedAutism_3_63,BR,Broadly affected autism,A18,1,0.9961,3,BroadlyAffectedAutism must consciously retrieve stored social rules
BroadlyAffectedAutism_4_141,BR,Broadly affected autism,A23,1,0.9976,4,BroadlyAffectedAutism fails to apply unstated social norms here
BroadlyAffectedAutism_2_22,BR,Broadly affected autism,A14,1,0.9982,2,BroadlyAffectedAutism cannot label the arousal it experiences
BroadlyAffectedAutism_3_81,BR,Broadly affected autism,A16,1,0.9978,3,BroadlyAffectedAutism produces an emotional response only later
BroadlyAffectedAutism_4_179,BR,Broadly affected autism,A16,1,0.9965,4,BroadlyAffectedAutism's emotional reaction surfaces disconnected from the mocking event
BroadlyAffectedAutism_5_246,BR,Broadly affected autism,A24,1,0.997,5,BroadlyAffectedAutism cannot use the mocking as learning feedback
BroadlyAffectedAutism_5_247,BR,Broadly affected autism,A10,1,0.9984,5,BroadlyAffectedAutism cannot reliably recall the mocking event later
BroadlyAffectedAutism_5_248,BR,Broadly affected autism,A20,0,0.9931,5,BroadlyAffectedAutism's delayed reaction triggers disproportionate prediction-error signals
BroadlyAffectedAutism_4_180,BR,Broadly affected autism,A24,1,0.9973,4,BroadlyAffectedAutism cannot use this delayed reaction as learning feedback
BroadlyAffectedAutism_5_304,BR,Broadly affected autism,A24,1,0.9975,5,BroadlyAffectedAutism's social rule set remains unupdated by this event
BroadlyAffectedAutism_5_305,BR,Broadly affected autism,A18,1,0.9922,5,BroadlyAffectedAutism cannot store the mockery as explicit rule
BroadlyAffectedAutism_5_307,BR,Broadly affected autism,A20,1,0.9957,5,BroadlyAffectedAutism will treat similar future mockery as unanticipated
BroadlyAffectedAutism_3_82,BR,Broadly affected autism,A14,1,0.9941,3,BroadlyAffectedAutism experiences unidentified physiological arousal persisting
BroadlyAffectedAutism_3_83,BR,Broadly affected autism,A21,1,0.9881,3,BroadlyAffectedAutism risks a threat response blocking learning
BroadlyAffectedAutism_4_185,BR,Broadly affected autism,A21,1,0.9974,4,BroadlyAffectedAutism fails to extract learning from the mockery
BroadlyAffectedAutism_5_286,BR,Broadly affected autism,A8,1,0.9978,5,BroadlyAffectedAutism retains the mockery episode poorly
BroadlyAffectedAutism_5_288,BR,Broadly affected autism,A22,1,0.9977,5,BroadlyAffectedAutism cannot generalize this incident to future mockery
BroadlyAffectedAutism_4_187,BR,Broadly affected autism,A8,0,0.9975,4,BroadlyAffectedAutism poorly encodes this social event episodically
BroadlyAffectedAutism_5_312,BR,Broadly affected autism,A10,1,0.9968,5,BroadlyAffectedAutism cannot reliably retrieve this event without visual cues
BroadlyAffectedAutism_5_314,BR,Broadly affected autism,A8,1,0.9924,5,BroadlyAffectedAutism retains isolated facts despite poor narrative encoding
BroadlyAffectedAutism_2_23,BR,Broadly affected autism,A18,1,0.9885,2,BroadlyAffectedAutism must retrieve explicit rules for social mockery
BroadlyAffectedAutism_3_58,BR,Broadly affected autism,A22,1,0.9979,3,BroadlyAffectedAutism cannot generalize prior rules to this mockery
BroadlyAffectedAutism_4_173,BR,Broadly affected autism,A20,1,0.9972,4,BroadlyAffectedAutism generates a disproportionate prediction error signal
BroadlyAffectedAutism_4_174,BR,Broadly affected autism,A22,1,0.9969,4,BroadlyAffectedAutism requires explicit instruction to re-anchor this rule
BroadlyAffectedAutism_4_175,BR,Broadly affected autism,A18,1,0.997,4,BroadlyAffectedAutism cannot intuitively infer the appropriate social response
BroadlyAffectedAutism_5_264,BR,Broadly affected autism,A16,1,0.9975,5,BroadlyAffectedAutism produces a socially delayed response later
BroadlyAffectedAutism_1_3,BR,Broadly affected autism,A14,1,0.9924,1,BroadlyAffectedAutism registers arousal without labeling the emotion
BroadlyAffectedAutism_2_24,BR,Broadly affected autism,A16,1,0.9964,2,BroadlyAffectedAutism will produce an emotional response after a delay
BroadlyAffectedAutism_3_77,BR,Broadly affected autism,A16,1,0.989,3,BroadlyAffectedAutism will react to the mocking well after it ends
BroadlyAffectedAutism_4_159,BR,Broadly affected autism,A16,1,0.9981,4,BroadlyAffectedAutism's delayed reaction appears disconnected from the mocking event
BroadlyAffectedAutism_4_160,BR,Broadly affected autism,A24,1,0.9937,4,BroadlyAffectedAutism cannot link its reaction to the causal trigger
BroadlyAffectedAutism_4_161,BR,Broadly affected autism,A14,1,0.9979,4,BroadlyAffectedAutism cannot name the emotion driving its reaction
BroadlyAffectedAutism_5_292,BR,Broadly affected autism,A14,1,0.996,5,BroadlyAffectedAutism experiences unlabeled physiological arousal from the event
BroadlyAffectedAutism_5_294,BR,Broadly affected autism,A24,1,0.9929,5,BroadlyAffectedAutism cannot form specific feedback from the reaction
BroadlyAffectedAutism_5_295,BR,Broadly affected autism,A21,1,0.9974,5,BroadlyAffectedAutism cannot process the reaction as learning information
BroadlyAffectedAutism_3_79,BR,Broadly affected autism,A14,1,0.9956,3,BroadlyAffectedAutism still cannot name the emotion despite arousal
BroadlyAffectedAutism_4_191,BR,Broadly affected autism,A15,1,0.9946,4,BroadlyAffectedAutism must infer classmate intent from behavioral data
BroadlyAffectedAutism_3_80,BR,Broadly affected autism,A21,1,0.998,3,BroadlyAffectedAutism's learning is blocked if mocking is framed as shame
BroadlyAffectedAutism_4_119,BR,Broadly affected autism,A21,1,0.9979,4,BroadlyAffectedAutism's threat response activates instead of learning
BroadlyAffectedAutism_2_25,BR,Broadly affected autism,A15,1,0.9982,2,BroadlyAffectedAutism must infer the mockery's meaning from behavioral cues
BroadlyAffectedAutism_3_43,BR,Broadly affected autism,A18,1,0.995,3,BroadlyAffectedAutism retrieves stored pragmatic rules to interpret behavior
BroadlyAffectedAutism_4_126,BR,Broadly affected autism,A18,1,0.9941,4,BroadlyAffectedAutism consciously matches behavior to stored rule entries
BroadlyAffectedAutism_5_274,BR,Broadly affected autism,A17,1,0.9882,5,BroadlyAffectedAutism risks decoding mockery only literally
BroadlyAffectedAutism_5_276,BR,Broadly affected autism,A21,1,0.9942,5,"BroadlyAffectedAutism treats perceived failure as threatening, blocking learning"
BroadlyAffectedAutism_3_44,BR,Broadly affected autism,A16,1,0.9983,3,BroadlyAffectedAutism's emotional reaction lags behind the mockery event
BroadlyAffectedAutism_2_26,BR,Broadly affected autism,A14,1,0.9949,2,BroadlyAffectedAutism cannot report which emotion it is experiencing
BroadlyAffectedAutism_2_27,BR,Broadly affected autism,A1,1,0.9973,2,BroadlyAffectedAutism risks losing access to social processing capacity
BroadlyAffectedAutism_3_69,BR,Broadly affected autism,A1,1,0.9876,3,BroadlyAffectedAutism becomes unavailable for learning and interaction
BroadlyAffectedAutism_4_172,BR,Broadly affected autism,A24,1,0.9936,4,BroadlyAffectedAutism fails to update behavior from this feedback
BroadlyAffectedAutism_1_4,BR,Broadly affected autism,A16,1,0.9957,1,BroadlyAffectedAutism's emotional response is delayed past the event
BroadlyAffectedAutism_2_10,BR,Broadly affected autism,A14,1,0.9939,2,BroadlyAffectedAutism cannot label the emotion when it surfaces
BroadlyAffectedAutism_2_11,BR,Broadly affected autism,A24,1,0.996,2,BroadlyAffectedAutism fails to link mockery to its cause
BroadlyAffectedAutism_3_65,BR,Broadly affected autism,A24,1,0.9957,3,BroadlyAffectedAutism's behavior model remains unchanged by the mockery
BroadlyAffectedAutism_4_155,BR,Broadly affected autism,A24,1,0.9831,4,BroadlyAffectedAutism receives no observable causal feedback signal
BroadlyAffectedAutism_4_157,BR,Broadly affected autism,A22,1,0.9973,4,BroadlyAffectedAutism will not generalize this incident to future contexts
BroadlyAffectedAutism_4_158,BR,Broadly affected autism,A20,1,0.9906,4,BroadlyAffectedAutism will show disproportionate error if mockery recurs unexpectedly
BroadlyAffectedAutism_5_280,BR,Broadly affected autism,A1,1,0.9958,5,BroadlyAffectedAutism's cognitive processing goes offline until regulated
BroadlyAffectedAutism_5_281,BR,Broadly affected autism,A6,1,0.9973,5,BroadlyAffectedAutism undergoes processing overload rather than adaptive updating
BroadlyAffectedAutism_3_66,BR,Broadly affected autism,A23,1,0.9972,3,BroadlyAffectedAutism cannot apply the implicit social insult meaning
BroadlyAffectedAutism_4_177,BR,Broadly affected autism,A15,0,0.9907,4,BroadlyAffectedAutism treats the classmate's behavior as uninterpreted data
BroadlyAffectedAutism_5_282,BR,Broadly affected autism,A18,1,0.9905,5,BroadlyAffectedAutism requires explicit rule retrieval to interpret behavior
BroadlyAffectedAutism_5_285,BR,Broadly affected autism,A22,1,0.9979,5,BroadlyAffectedAutism cannot generalize this incident to other contexts
BroadlyAffectedAutism_3_68,BR,Broadly affected autism,A18,1,0.9965,3,BroadlyAffectedAutism cannot retrieve a matching stored social rule
BroadlyAffectedAutism_4_188,BR,Broadly affected autism,A18,1,0.9952,4,BroadlyAffectedAutism cannot determine an appropriate response action
BroadlyAffectedAutism_4_189,BR,Broadly affected autism,A23,1,0.998,4,BroadlyAffectedAutism cannot apply an implicit social convention here
BroadlyAffectedAutism_2_13,BR,Broadly affected autism,A21,1,0.9972,2,BroadlyAffectedAutism cannot process the mockery as learning input
BroadlyAffectedAutism_3_40,BR,Broadly affected autism,A22,1,0.9946,3,BroadlyAffectedAutism will not generalize this social outcome later
BroadlyAffectedAutism_4_152,BR,Broadly affected autism,A22,0,0.9767,4,BroadlyAffectedAutism will repeat similar mistakes in new contexts
BroadlyAffectedAutism_4_153,BR,Broadly affected autism,A18,1,0.9963,4,BroadlyAffectedAutism lacks a stored rule for this mockery type
BroadlyAffectedAutism_5_277,BR,Broadly affected autism,A18,1,0.9952,5,BroadlyAffectedAutism cannot retrieve a matching pragmatic rule
BroadlyAffectedAutism_5_279,BR,Broadly affected autism,A23,1,0.9939,5,BroadlyAffectedAutism will not reliably detect this social norm
BroadlyAffectedAutism_4_154,BR,Broadly affected autism,A23,1,0.9952,4,BroadlyAffectedAutism requires explicit instruction to recognize future mockery
BroadlyAffectedAutism_5_230,BR,Broadly affected autism,A18,1,0.9968,5,BroadlyAffectedAutism stores mockery-recognition as explicit rule entry
BroadlyAffectedAutism_5_231,BR,Broadly affected autism,A23,1,0.9961,5,BroadlyAffectedAutism applies mockery rule only when explicitly stated
BroadlyAffectedAutism_3_41,BR,Broadly affected autism,A18,1,0.9972,3,BroadlyAffectedAutism cannot infer the unspoken social rule violated
BroadlyAffectedAutism_4_130,BR,Broadly affected autism,A23,1,0.9975,4,BroadlyAffectedAutism fails to detect the implicit social expectation
BroadlyAffectedAutism_5_240,BR,Broadly affected autism,A23,1,0.9976,5,BroadlyAffectedAutism does not adjust behavior to the unspoken expectation
BroadlyAffectedAutism_4_131,BR,Broadly affected autism,A15,1,0.9913,4,BroadlyAffectedAutism treats the mockery only as behavioral data
BroadlyAffectedAutism_5_233,BR,Broadly affected autism,A23,1,0.997,5,BroadlyAffectedAutism cannot resolve mockery's meaning without explicit rule
BroadlyAffectedAutism_3_42,BR,Broadly affected autism,A24,1,0.9905,3,BroadlyAffectedAutism's behavior remains unchanged by this feedback
BroadlyAffectedAutism_4_162,BR,Broadly affected autism,A22,0,0.9915,4,BroadlyAffectedAutism will repeat the mocked behavior in similar contexts
BroadlyAffectedAutism_5_252,BR,Broadly affected autism,A22,1,0.9933,5,BroadlyAffectedAutism fails to adapt behavior across similar contexts
BroadlyAffectedAutism_5_254,BR,Broadly affected autism,A19,1,0.9956,5,BroadlyAffectedAutism treats the repeated behavior as routine
BroadlyAffectedAutism_4_164,BR,Broadly affected autism,A24,1,0.9907,4,BroadlyAffectedAutism requires observable specific proximate feedback to update
BroadlyAffectedAutism_1_5,BR,Broadly affected autism,A20,1,0.9977,1,BroadlyAffectedAutism generates disproportionate prediction error from the unanticipated mockery
BroadlyAffectedAutism_2_17,BR,Broadly affected autism,A17,1,0.9969,2,BroadlyAffectedAutism processes the mocking words literally by default
BroadlyAffectedAutism_3_54,BR,Broadly affected autism,A17,1,0.998,3,BroadlyAffectedAutism fails to detect the intended insulting meaning
BroadlyAffectedAutism_4_144,BR,Broadly affected autism,A15,1,0.993,4,BroadlyAffectedAutism treats the mockery as neutral behavioral data
BroadlyAffectedAutism_5_243,BR,Broadly affected autism,A15,0,0.9927,5,BroadlyAffectedAutism requires inferential analysis to interpret the behavior
BroadlyAffectedAutism_5_244,BR,Broadly affected autism,A18,0,0.9908,5,BroadlyAffectedAutism searches explicit rules for matching social context
BroadlyAffectedAutism_4_147,BR,Broadly affected autism,A18,1,0.9976,4,BroadlyAffectedAutism fails to retrieve a matching social rule
BroadlyAffectedAutism_3_55,BR,Broadly affected autism,A17,1,0.9938,3,BroadlyAffectedAutism requires additional processing steps to decode intent
BroadlyAffectedAutism_4_137,BR,Broadly affected autism,A18,1,0.97,4,BroadlyAffectedAutism searches stored pragmatic rules for a match
BroadlyAffectedAutism_4_139,BR,Broadly affected autism,A23,1,0.9969,4,BroadlyAffectedAutism may fail to detect unspoken hostile intent
BroadlyAffectedAutism_5_268,BR,Broadly affected autism,A18,0,0.9839,5,BroadlyAffectedAutism searches stored rules to interpret the event
BroadlyAffectedAutism_2_18,BR,Broadly affected autism,A1,0,0.8623,2,BroadlyAffectedAutism risks going offline from the prediction error
BroadlyAffectedAutism_3_87,BR,Broadly affected autism,A1,1,0.9975,3,BroadlyAffectedAutism loses access to social engagement temporarily
BroadlyAffectedAutism_4_209,BR,Broadly affected autism,A15,1,0.9938,4,BroadlyAffectedAutism cannot infer classmates' intent without analysis
BroadlyAffectedAutism_4_210,BR,Broadly affected autism,A1,1,0.9788,4,BroadlyAffectedAutism remains unavailable for learning until regulated
BroadlyAffectedAutism_4_211,BR,Broadly affected autism,A18,1,0.9973,4,BroadlyAffectedAutism cannot intuitively retrieve applicable social rule
MixedASDwithDelay_0_0,MX,Mixed ASD with developmental delay,,1,0.9881,0,"An autistic cognitive architecture that prioritizes local sensory detail over global coherence, operates through concrete-visual representations, requires explicit rule structures, and regulates learning through predictable, closed-loop feedback, with delayed developmental timing and slowed complex processing."
MixedASDwithDelay_1_1,MX,Mixed ASD with developmental delay,A17,1,0.9956,1,MixedASDwithDelay does not automatically decode mockery as ridicule
MixedASDwithDelay_2_10,MX,Mixed ASD with developmental delay,A17,1,0.9962,2,MixedASDwithDelay processes the mocking words literally
MixedASDwithDelay_3_32,MX,Mixed ASD with developmental delay,A17,1,0.9962,3,MixedASDwithDelay does not infer hostile intent behind words
MixedASDwithDelay_4_86,MX,Mixed ASD with developmental delay,A21,0,0.9971,4,MixedASDwithDelay does not activate a threat response
MixedASDwithDelay_5_194,MX,Mixed ASD with developmental delay,A1,1,0.9596,5,MixedASDwithDelay remains cognitively online and available
MixedASDwithDelay_5_195,MX,Mixed ASD with developmental delay,A21,0,0.987,5,MixedASDwithDelay can process the event as learning information
MixedASDwithDelay_5_196,MX,Mixed ASD with developmental delay,A18,1,0.995,5,MixedASDwithDelay attempts explicit retrieval of stored social rules
MixedASDwithDelay_3_33,MX,Mixed ASD with developmental delay,A18,1,0.9951,3,MixedASDwithDelay cannot classify the words as social insult automatically
MixedASDwithDelay_3_34,MX,Mixed ASD with developmental delay,A23,1,0.9974,3,MixedASDwithDelay fails to detect the implicit social norm violation
MixedASDwithDelay_4_82,MX,Mixed ASD with developmental delay,A23,1,0.9976,4,MixedASDwithDelay does not adjust behavior to the unspoken expectation
MixedASDwithDelay_5_149,MX,Mixed ASD with developmental delay,A22,1,0.9956,5,MixedASDwithDelay cannot generalize this norm to future contexts
MixedASDwithDelay_6_281,MX,Mixed ASD with developmental delay,A23,1,0.9951,6,MixedASDwithDelay only follows explicitly stated social rules
MixedASDwithDelay_6_282,MX,Mixed ASD with developmental delay,A18,1,0.9964,6,MixedASDwithDelay needs conscious retrieval to apply this norm again
MixedASDwithDelay_2_11,MX,Mixed ASD with developmental delay,A18,1,0.9954,2,MixedASDwithDelay requires explicit retrieval to identify mockery
MixedASDwithDelay_3_35,MX,Mixed ASD with developmental delay,A18,1,0.9928,3,MixedASDwithDelay must consciously match mockery to stored social rules
MixedASDwithDelay_4_61,MX,Mixed ASD with developmental delay,A7,1,0.9978,4,MixedASDwithDelay experiences delayed response to the mockery
MixedASDwithDelay_5_127,MX,Mixed ASD with developmental delay,A18,0,0.9966,5,MixedASDwithDelay applies retrieved rule after social window closes
MixedASDwithDelay_6_244,MX,Mixed ASD with developmental delay,A22,1,0.9942,6,MixedASDwithDelay cannot generalize this rule to future similar events
MixedASDwithDelay_4_62,MX,Mixed ASD with developmental delay,A22,1,0.9932,4,MixedASDwithDelay cannot match mockery to unfamiliar surface variants
MixedASDwithDelay_5_144,MX,Mixed ASD with developmental delay,A22,1,0.9944,5,MixedASDwithDelay needs explicit instruction to recognize this mockery
MixedASDwithDelay_6_255,MX,Mixed ASD with developmental delay,A18,1,0.997,6,MixedASDwithDelay fails to retrieve a matching social rule now
MixedASDwithDelay_6_256,MX,Mixed ASD with developmental delay,A8,1,0.9979,6,MixedASDwithDelay retains this social event poorly afterward
MixedASDwithDelay_4_64,MX,Mixed ASD with developmental delay,A23,1,0.9966,4,MixedASDwithDelay cannot classify mockery without an explicit rule
MixedASDwithDelay_5_129,MX,Mixed ASD with developmental delay,A18,1,0.998,5,MixedASDwithDelay finds no matching stored rule for mockery
MixedASDwithDelay_6_247,MX,Mixed ASD with developmental delay,A23,1,0.9955,6,MixedASDwithDelay cannot reliably apply any social response
MixedASDwithDelay_3_36,MX,Mixed ASD with developmental delay,A7,0,0.9843,3,MixedASDwithDelay identifies the mockery only after a processing delay
MixedASDwithDelay_4_80,MX,Mixed ASD with developmental delay,A10,1,0.9971,4,MixedASDwithDelay cannot reliably retain the event without visual cues
MixedASDwithDelay_2_12,MX,Mixed ASD with developmental delay,A23,1,0.9978,2,MixedASDwithDelay fails to detect the implicit ridicule cue
MixedASDwithDelay_3_29,MX,Mixed ASD with developmental delay,A17,1,0.9978,3,MixedASDwithDelay interprets the classmate's words literally
MixedASDwithDelay_4_75,MX,Mixed ASD with developmental delay,A17,1,0.9949,4,MixedASDwithDelay treats the classmate's statement as factual content
MixedASDwithDelay_5_157,MX,Mixed ASD with developmental delay,A8,1,0.9952,5,MixedASDwithDelay stores the statement as a semantic fact
MixedASDwithDelay_6_301,MX,Mixed ASD with developmental delay,A8,1,0.9933,6,MixedASDwithDelay loses the social-emotional context of the event
MixedASDwithDelay_6_302,MX,Mixed ASD with developmental delay,A22,1,0.994,6,MixedASDwithDelay fails to recognize future mockery as similar
MixedASDwithDelay_5_158,MX,Mixed ASD with developmental delay,A18,1,0.9968,5,MixedASDwithDelay retrieves no social rule for ridicule
MixedASDwithDelay_6_271,MX,Mixed ASD with developmental delay,A18,1,0.9894,6,MixedASDwithDelay cannot apply any social response rule
MixedASDwithDelay_6_272,MX,Mixed ASD with developmental delay,A23,1,0.9937,6,MixedASDwithDelay treats the mockery as socially neutral
MixedASDwithDelay_5_159,MX,Mixed ASD with developmental delay,A22,1,0.9942,5,MixedASDwithDelay does not flag this as a mockery pattern
MixedASDwithDelay_6_298,MX,Mixed ASD with developmental delay,A8,1,0.9952,6,MixedASDwithDelay fails to encode this as socially significant memory
MixedASDwithDelay_4_77,MX,Mixed ASD with developmental delay,A21,1,0.9966,4,MixedASDwithDelay does not register the remark as social threat
MixedASDwithDelay_5_164,MX,Mixed ASD with developmental delay,A8,1,0.997,5,MixedASDwithDelay is unlikely to encode the event as episodic memory
MixedASDwithDelay_3_31,MX,Mixed ASD with developmental delay,A23,1,0.9963,3,MixedASDwithDelay does not flag the remark as a violation
MixedASDwithDelay_1_2,MX,Mixed ASD with developmental delay,A18,1,0.994,1,MixedASDwithDelay must consciously retrieve rules to interpret this
MixedASDwithDelay_1_3,MX,Mixed ASD with developmental delay,A7,1,0.9918,1,MixedASDwithDelay processes this socially complex event slowly
MixedASDwithDelay_2_14,MX,Mixed ASD with developmental delay,A18,1,0.9973,2,MixedASDwithDelay cannot intuitively retrieve a matching social rule
MixedASDwithDelay_2_15,MX,Mixed ASD with developmental delay,A7,1,0.9969,2,MixedASDwithDelay responds only after the social moment ends
MixedASDwithDelay_3_49,MX,Mixed ASD with developmental delay,A10,1,0.9971,3,MixedASDwithDelay retains unreliable memory of the mocking event
MixedASDwithDelay_4_100,MX,Mixed ASD with developmental delay,A24,1,0.9974,4,MixedASDwithDelay fails to convert the incident into learning feedback
MixedASDwithDelay_5_200,MX,Mixed ASD with developmental delay,A19,1,0.9974,5,MixedASDwithDelay forms no routine to handle future mockery
MixedASDwithDelay_4_101,MX,Mixed ASD with developmental delay,A8,1,0.9931,4,MixedASDwithDelay retains isolated facts rather than the social narrative
MixedASDwithDelay_5_205,MX,Mixed ASD with developmental delay,A18,1,0.9975,5,MixedASDwithDelay cannot infer the social meaning of the mocking
MixedASDwithDelay_6_310,MX,Mixed ASD with developmental delay,A22,1,0.9967,6,MixedASDwithDelay cannot generalize this event to prior contexts
MixedASDwithDelay_5_206,MX,Mixed ASD with developmental delay,A22,1,0.9961,5,MixedASDwithDelay cannot generalize this social rule to new contexts
MixedASDwithDelay_3_50,MX,Mixed ASD with developmental delay,A18,1,0.9961,3,MixedASDwithDelay must consciously retrieve a stored social rule
MixedASDwithDelay_4_87,MX,Mixed ASD with developmental delay,A22,1,0.9968,4,MixedASDwithDelay cannot generalize the rule to this new context
MixedASDwithDelay_5_192,MX,Mixed ASD with developmental delay,A20,0,0.9965,5,MixedASDwithDelay registers this context as unanticipated change
MixedASDwithDelay_5_193,MX,Mixed ASD with developmental delay,A23,1,0.9974,5,MixedASDwithDelay treats this situation as lacking an explicit rule
MixedASDwithDelay_4_89,MX,Mixed ASD with developmental delay,A23,1,0.9978,4,MixedASDwithDelay finds no explicit rule for indirect mockery
MixedASDwithDelay_5_170,MX,Mixed ASD with developmental delay,A23,1,0.9972,5,MixedASDwithDelay cannot reliably apply an unspoken social convention
MixedASDwithDelay_6_284,MX,Mixed ASD with developmental delay,A20,1,0.9933,6,MixedASDwithDelay experiences the social reaction as unanticipated change
MixedASDwithDelay_6_285,MX,Mixed ASD with developmental delay,A24,1,0.9898,6,MixedASDwellay cannot extract learning without explicit feedback
MixedASDwithDelay_6_286,MX,Mixed ASD with developmental delay,A21,0,0.9941,6,MixedASDwithDelay risks framing the incident as personal failure
MixedASDwithDelay_4_90,MX,Mixed ASD with developmental delay,A18,1,0.996,4,MixedASDwithDelay requires conscious matching before responding
MixedASDwithDelay_5_176,MX,Mixed ASD with developmental delay,A18,1,0.9968,5,MixedASDwithDelay searches its explicit social rule database
MixedASDwithDelay_5_179,MX,Mixed ASD with developmental delay,A21,1,0.9978,5,MixedASDwithDelay cannot learn if mockery framed as shame
MixedASDwithDelay_6_264,MX,Mixed ASD with developmental delay,A21,1,0.9979,6,MixedASDwithDelay's threat response activates instead of learning
MixedASDwithDelay_6_266,MX,Mixed ASD with developmental delay,A22,1,0.9956,6,MixedASDwithDelay cannot generalize this mockery event elsewhere
MixedASDwithDelay_6_267,MX,Mixed ASD with developmental delay,A24,1,0.9957,6,MixedASDwithDelay's social rule remains unupdated without explicit feedback
MixedASDwithDelay_1_4,MX,Mixed ASD with developmental delay,A20,1,0.998,1,MixedASDwithDelay generates disproportionate prediction error from mockery
MixedASDwithDelay_2_17,MX,Mixed ASD with developmental delay,A1,1,0.9927,2,MixedASDwithDelay's cognitive and social processing goes offline
MixedASDwithDelay_3_39,MX,Mixed ASD with developmental delay,A1,1,0.9939,3,MixedASDwithDelay cannot engage in social interaction now
MixedASDwithDelay_4_96,MX,Mixed ASD with developmental delay,A18,1,0.9965,4,MixedASDwithDelay cannot retrieve applicable social rules now
MixedASDwithDelay_5_216,MX,Mixed ASD with developmental delay,A23,1,0.9981,5,MixedASDwithDelay fails to detect the implicit social insult
MixedASDwithDelay_5_217,MX,Mixed ASD with developmental delay,A21,1,0.9974,5,"MixedASDwithDelay processes the event as threat, not learning"
MixedASDwithDelay_3_40,MX,Mixed ASD with developmental delay,A21,1,0.9955,3,MixedASDwithDelay processes mockery as threat not learning
MixedASDwithDelay_4_72,MX,Mixed ASD with developmental delay,A18,1,0.9971,4,MixedASDwithDelay cannot intuitively retrieve a social rule for mockery
MixedASDwithDelay_5_133,MX,Mixed ASD with developmental delay,A17,1,0.9973,5,MixedASDwithDelay requires extra steps to infer mockery's intent
MixedASDwithDelay_6_231,MX,Mixed ASD with developmental delay,A17,1,0.9974,6,MixedASDwithDelay defaults to literal interpretation of mockery
MixedASDwithDelay_6_232,MX,Mixed ASD with developmental delay,A23,1,0.9973,6,MixedASDwithDelay fails to reliably detect implicit hostile intent
MixedASDwithDelay_4_73,MX,Mixed ASD with developmental delay,A8,1,0.9959,4,MixedASDwithDelay poorly encodes this socially embedded event
MixedASDwithDelay_5_143,MX,Mixed ASD with developmental delay,A22,1,0.9975,5,MixedASDwithDelay cannot generalize this incident to future social contexts
MixedASDwithDelay_6_260,MX,Mixed ASD with developmental delay,A23,1,0.9961,6,MixedASDwithDelay fails to detect similar mockery without explicit rules
MixedASDwithDelay_4_74,MX,Mixed ASD with developmental delay,A10,1,0.9966,4,MixedASDwithDelay cannot later recall mockery without visual cues
MixedASDwithDelay_5_134,MX,Mixed ASD with developmental delay,A10,1,0.9939,5,MixedASDwithDelay cannot reconstruct the mockery event narrative
MixedASDwithDelay_6_240,MX,Mixed ASD with developmental delay,A18,1,0.9955,6,MixedASDwithDelay cannot retrieve social rule from this event
MixedASDwithDelay_5_135,MX,Mixed ASD with developmental delay,A8,1,0.9946,5,MixedASDwithDelay retains no social details of the mockery
MixedASDwithDelay_6_251,MX,Mixed ASD with developmental delay,A24,1,0.9964,6,MixedASDwithDelay cannot use this event as learning feedback
MixedASDwithDelay_5_137,MX,Mixed ASD with developmental delay,A24,1,0.9934,5,MixedASDwithDelay cannot use delayed feedback referencing the mockery
MixedASDwithDelay_2_18,MX,Mixed ASD with developmental delay,A20,1,0.9981,2,MixedASDwithDelay's disruption is disproportionate to the mockery's actual significance
MixedASDwithDelay_3_42,MX,Mixed ASD with developmental delay,A21,1,0.9974,3,"MixedASDwithDelay processes mockery as moral threat, blocking learning"
MixedASDwithDelay_4_65,MX,Mixed ASD with developmental delay,A1,1,0.9971,4,MixedASDwithDelay's social engagement becomes unavailable until regulated
MixedASDwithDelay_5_152,MX,Mixed ASD with developmental delay,A21,1,0.9981,5,MixedASDwithDelay's threat response continues blocking learning
MixedASDwithDelay_6_277,MX,Mixed ASD with developmental delay,A1,1,0.9922,6,MixedASDwithDelay remains unavailable for social engagement
MixedASDwithDelay_6_279,MX,Mixed ASD with developmental delay,A8,1,0.9947,6,MixedASDwithDelay fails to encode mockery as episodic memory
MixedASDwithDelay_2_20,MX,Mixed ASD with developmental delay,A21,1,0.9979,2,MixedASDwithDelay's threat response blocks learning from this event
MixedASDwithDelay_3_57,MX,Mixed ASD with developmental delay,A21,1,0.996,3,MixedASDwithDelay stores no new behavioral rule from mockery
MixedASDwithDelay_4_106,MX,Mixed ASD with developmental delay,A20,0,0.9919,4,MixedASDwithDelay will again generate disproportionate error next mockery
MixedASDwithDelay_5_207,MX,Mixed ASD with developmental delay,A1,0,0.9938,5,MixedASDwithDelay goes offline again during next mockery
MixedASDwithDelay_5_208,MX,Mixed ASD with developmental delay,A20,1,0.9951,5,MixedASDwithDelay's disruption remains disproportionate to actual significance
MixedASDwithDelay_5_210,MX,Mixed ASD with developmental delay,A19,0,0.9958,5,MixedASDwithDelay never forms a routine reducing mockery prediction error
MixedASDwithDelay_4_107,MX,Mixed ASD with developmental delay,A18,1,0.9919,4,MixedASDwithDelay lacks explicit database entry for mockery response
MixedASDwithDelay_4_108,MX,Mixed ASD with developmental delay,A22,1,0.9944,4,MixedASDwithDelay cannot generalize any response across mockery contexts
MixedASDwithDelay_5_180,MX,Mixed ASD with developmental delay,A20,1,0.99,5,MixedASDwithDelay treats each new mockery instance as unanticipated
MixedASDwithDelay_6_317,MX,Mixed ASD with developmental delay,A1,1,0.9937,6,MixedASDwithDelay's cognitive processing goes offline during mockery
MixedASDwithDelay_5_181,MX,Mixed ASD with developmental delay,A22,1,0.9967,5,MixedASDwithDelay requires explicit re-instruction for each mockery context
MixedASDwithDelay_6_291,MX,Mixed ASD with developmental delay,A18,1,0.9913,6,MixedASDwithDelay cannot infer social response without explicit rule
MixedASDwithDelay_6_292,MX,Mixed ASD with developmental delay,A22,0,0.9718,6,MixedASDwithDelay depends on external teaching for every mockery context
MixedASDwithDelay_6_293,MX,Mixed ASD with developmental delay,A23,1,0.9961,6,MixedASDwithDelay follows only explicitly stated mockery-response rules
MixedASDwithDelay_5_182,MX,Mixed ASD with developmental delay,A23,1,0.9973,5,MixedASDwithDelay cannot infer unspoken responses to mockery
MixedASDwithDelay_4_109,MX,Mixed ASD with developmental delay,A23,1,0.9972,4,MixedASDwithDelay cannot apply an unstated behavioral rule here
MixedASDwithDelay_5_203,MX,Mixed ASD with developmental delay,A23,1,0.9976,5,MixedASDwithDelay fails to detect the unspoken social expectation
MixedASDwithDelay_3_60,MX,Mixed ASD with developmental delay,A24,1,0.9972,3,MixedASDwithDelay fails to link mockery to actionable feedback
MixedASDwithDelay_4_110,MX,Mixed ASD with developmental delay,A24,1,0.998,4,MixedASDwithDelay does not update behavior from mockery
MixedASDwithDelay_4_111,MX,Mixed ASD with developmental delay,A8,1,0.9954,4,MixedASDwithDelay retains only weak episodic memory of mockery
MixedASDwithDelay_4_113,MX,Mixed ASD with developmental delay,A22,1,0.9971,4,MixedASDwithDelay cannot generalize this experience to future mockery
MixedASDwithDelay_5_173,MX,Mixed ASD with developmental delay,A20,1,0.9906,5,MixedASDwithDelay treats future mockery as unanticipated change again
MixedASDwithDelay_1_5,MX,Mixed ASD with developmental delay,A21,1,0.9969,1,MixedASDwithDelay's learning is blocked by perceived shame
MixedASDwithDelay_2_6,MX,Mixed ASD with developmental delay,A21,1,0.9973,2,MixedASDwithDelay cannot process the mockery as learning information
MixedASDwithDelay_3_26,MX,Mixed ASD with developmental delay,A8,1,0.9977,3,MixedASDwithDelay retains the mockery event poorly
MixedASDwithDelay_4_68,MX,Mixed ASD with developmental delay,A10,1,0.9966,4,MixedASDwithDelay cannot retrieve the mockery event without visual cues
MixedASDwithDelay_5_139,MX,Mixed ASD with developmental delay,A22,1,0.9964,5,MixedASDwithDelay cannot generalize mockery lesson to new contexts
MixedASDwithDelay_6_233,MX,Mixed ASD with developmental delay,A22,1,0.9965,6,MixedASDwithDelay requires explicit instruction to reapply mockery lesson
MixedASDwithDelay_6_234,MX,Mixed ASD with developmental delay,A22,1,0.9968,6,MixedASDwithDelay treats new mockery incidents as unprecedented events
MixedASDwithDelay_5_140,MX,Mixed ASD with developmental delay,A18,1,0.9915,5,MixedASDwithDelay cannot match social rule without recalled event
MixedASDwithDelay_6_287,MX,Mixed ASD with developmental delay,A18,1,0.9954,6,MixedASDwithDelay cannot apply stored social rule now
MixedASDwithDelay_6_289,MX,Mixed ASD with developmental delay,A23,1,0.9981,6,MixedASDwithDelay produces no rule-based response to mockery
MixedASDwithDelay_4_69,MX,Mixed ASD with developmental delay,A22,1,0.9969,4,MixedASDwithDelay cannot generalize a social rule from this event
MixedASDwithDelay_5_155,MX,Mixed ASD with developmental delay,A23,1,0.9919,5,MixedASDwithDelay lacks an explicit rule for future mockery
MixedASDwithDelay_6_270,MX,Mixed ASD with developmental delay,A18,1,0.9946,6,MixedASDwithDelay has no stored entry for mockery response
MixedASDwithDelay_5_156,MX,Mixed ASD with developmental delay,A20,1,0.9945,5,Future similar mockery will trigger high prediction error
MixedASDwithDelay_6_263,MX,Mixed ASD with developmental delay,A6,0,0.9973,6,MixedASDwithDelay experiences processing overload rather than adaptation
MixedASDwithDelay_4_70,MX,Mixed ASD with developmental delay,A8,1,0.997,4,MixedASDwithDelay retains only isolated facts about the mockery
MixedASDwithDelay_5_160,MX,Mixed ASD with developmental delay,A10,1,0.9984,5,MixedASDwithDelay cannot reliably retrieve the mockery episode later
MixedASDwithDelay_6_313,MX,Mixed ASD with developmental delay,A22,1,0.9979,6,MixedASDwithDelay cannot apply this experience to new contexts
MixedASDwithDelay_6_314,MX,Mixed ASD with developmental delay,A8,1,0.9977,6,MixedASDwithDelay cannot use this episode to anticipate future mockery
MixedASDwithDelay_6_315,MX,Mixed ASD with developmental delay,A18,0,0.8964,6,MixedASDwelayDelay must rely on stored explicit social rules instead
MixedASDwithDelay_2_7,MX,Mixed ASD with developmental delay,A21,1,0.9971,2,MixedASDwithDelay's threat response overrides available feedback
MixedASDwithDelay_3_51,MX,Mixed ASD with developmental delay,A21,1,0.997,3,MixedASDwithDelay cannot process this incident as learning information
MixedASDwithDelay_4_120,MX,Mixed ASD with developmental delay,A18,1,0.991,4,MixedASDwithDelay does not add this as explicit social rule
MixedASDwithDelay_5_226,MX,Mixed ASD with developmental delay,A23,1,0.997,5,MixedASDwithDelay cannot reliably respond to future mockery
MixedASDwithDelay_3_53,MX,Mixed ASD with developmental delay,A1,1,0.9978,3,MixedASDwithDelay's social engagement becomes unavailable
MixedASDwithDelay_4_122,MX,Mixed ASD with developmental delay,A1,0,0.9733,4,MixedASDwithDelay's cognitive processing also becomes unavailable
MixedASDwithDelay_4_124,MX,Mixed ASD with developmental delay,A18,1,0.9955,4,MixedASDwithDelay cannot retrieve pragmatic social rules now
MixedASDwithDelay_5_229,MX,Mixed ASD with developmental delay,A18,1,0.9971,5,MixedASDwithDelay cannot select a matching behavioral response
MixedASDwithDelay_2_9,MX,Mixed ASD with developmental delay,A18,0,0.9687,2,MixedASDwithDelay cannot retrieve stored social rules under threat
MixedASDwithDelay_3_54,MX,Mixed ASD with developmental delay,A18,1,0.9979,3,MixedASDwithDelay cannot select an appropriate social response
MixedASDwithDelay_4_104,MX,Mixed ASD with developmental delay,A24,1,0.9974,4,MixedASDwithDelay fails to extract learning from the mockery
MixedASDwithDelay_5_190,MX,Mixed ASD with developmental delay,A19,1,0.9587,5,No new routine forms for handling social mockery
MixedASDwithDelay_6_304,MX,Mixed ASD with developmental delay,A19,1,0.9956,6,MixedASDwithDelay cannot offload future mockery handling to routine
MixedASDwithDelay_3_56,MX,Mixed ASD with developmental delay,A23,1,0.9969,3,MixedASDwithDelay cannot infer the unspoken expected reaction
ModerateAutism_0_0,MO,Moderate autism,,0,0.9496,0,"An autistic cognitive architecture that prioritizes local sensory detail over global coherence, operates through concrete-visual representations, requires explicit rule structures, and regulates learning through predictable, closed-loop feedback, expressed at attenuated intensity across all domains."
ModerateAutism_1_1,MO,Moderate autism,A17,1,0.9979,1,ModerateAutism does not automatically decode the mockery's intent
ModerateAutism_2_11,MO,Moderate autism,A18,1,0.9936,2,ModerateAutism must consciously retrieve a matching social rule
ModerateAutism_3_44,MO,Moderate autism,A22,1,0.9941,3,ModerateAutism cannot automatically generalize prior rules to this context
ModerateAutism_4_102,MO,Moderate autism,A22,1,0.9969,4,ModerateAutism requires explicit instruction to re-anchor the rule
ModerateAutism_5_220,MO,Moderate autism,A21,1,0.9966,5,ModerateAutism blocks learning if instruction implies moral failure
ModerateAutism_4_104,MO,Moderate autism,A24,1,0.9938,4,ModerateAutism needs observable specific feedback to update behavior
ModerateAutism_5_193,MO,Moderate autism,A24,1,0.9944,5,ModerateAutism cannot update behavior from vague mockery
ModerateAutism_5_194,MO,Moderate autism,A24,0,0.8957,5,ModerateAutism awaits explicit causal link to the act
ModerateAutism_2_12,MO,Moderate autism,A23,1,0.9977,2,ModerateAutism cannot detect the unspoken insult convention
ModerateAutism_3_38,MO,Moderate autism,A17,1,0.9976,3,ModerateAutism interprets the classmate's words at face value
ModerateAutism_4_63,MO,Moderate autism,A17,1,0.9858,4,ModerateAutism accepts the statement as literally true
ModerateAutism_5_159,MO,Moderate autism,A8,1,0.9905,5,ModerateAutism stores the mockery as a factual statement
ModerateAutism_5_160,MO,Moderate autism,A18,1,0.9963,5,ModerateAutism does not flag the utterance as a social rule violation
ModerateAutism_5_161,MO,Moderate autism,A24,0,0.986,5,ModerateAutism cannot correct the belief without explicit feedback
ModerateAutism_5_162,MO,Moderate autism,A10,1,0.9966,5,ModerateAutism cannot later reinterpret the event without visual cues
ModerateAutism_6_261,MO,Moderate autism,A8,1,0.9919,6,ModerateAutism retains the mockery as isolated fact not narrative
ModerateAutism_6_262,MO,Moderate autism,A10,1,0.9952,6,ModerateAutism cannot retrieve the episode without explicit visual cues
ModerateAutism_6_263,MO,Moderate autism,A22,1,0.9945,6,ModerateAutism does not generalize this interpretation to similar events
ModerateAutism_6_264,MO,Moderate autism,A4,1,0.9862,6,ModerateAutism stores the statement as literal concrete referent
ModerateAutism_4_64,MO,Moderate autism,A18,1,0.9954,4,ModerateAutism does not retrieve a social insult rule
ModerateAutism_5_127,MO,Moderate autism,A18,1,0.9959,5,ModerateAutism cannot apply a social rule to the event
ModerateAutism_5_128,MO,Moderate autism,A23,1,0.9961,5,ModerateAutism does not classify the remark as hostile
ModerateAutism_5_129,MO,Moderate autism,A21,1,0.9971,5,ModerateAutism generates no threat-based response to the remark
ModerateAutism_3_39,MO,Moderate autism,A18,0,0.9929,3,ModerateAutism finds no matching explicit social rule entry
ModerateAutism_4_105,MO,Moderate autism,A18,1,0.9977,4,ModerateAutism cannot retrieve a matching social response
ModerateAutism_5_187,MO,Moderate autism,A18,1,0.9965,5,ModerateAutism produces no observable social reply
ModerateAutism_4_106,MO,Moderate autism,A23,1,0.9976,4,ModerateAutism fails to apply an unstated behavioral convention
ModerateAutism_5_200,MO,Moderate autism,A23,1,0.9979,5,ModerateAutism cannot generate a socially adaptive reply
ModerateAutism_5_201,MO,Moderate autism,A24,1,0.9969,5,ModerateAutism cannot update behavior without explicit feedback
ModerateAutism_4_107,MO,Moderate autism,A17,0,0.9872,4,ModerateAutism defaults to literal interpretation of the words spoken
ModerateAutism_5_180,MO,Moderate autism,A17,1,0.9962,5,ModerateAutism treats the mocking words as literal factual content
ModerateAutism_5_181,MO,Moderate autism,A17,1,0.998,5,ModerateAutism does not register the intended derogatory meaning
ModerateAutism_5_182,MO,Moderate autism,A24,1,0.9962,5,ModerateAutism receives no explicit feedback signaling social violation
ModerateAutism_3_40,MO,Moderate autism,A23,1,0.9981,3,ModerateAutism fails to register an implicit social threat
ModerateAutism_1_2,MO,Moderate autism,A18,1,0.9974,1,ModerateAutism cannot infer the implicit social rule violated
ModerateAutism_2_22,MO,Moderate autism,A23,1,0.9906,2,ModerateAutism cannot apply any behavioral response rule
ModerateAutism_2_23,MO,Moderate autism,A8,1,0.9979,2,ModerateAutism encodes this social event poorly in memory
ModerateAutism_3_51,MO,Moderate autism,A8,0,0.9931,3,ModerateAutism retains isolated facts but not the narrative
ModerateAutism_4_121,MO,Moderate autism,A10,1,0.9966,4,ModerateAutism cannot later retrieve the mocking event without visual cues
ModerateAutism_5_178,MO,Moderate autism,A18,1,0.9955,5,ModerateAutism cannot later match event to stored social rules
ModerateAutism_4_122,MO,Moderate autism,A24,0,0.996,4,ModerateAutism cannot use delayed feedback about this incident to learn
ModerateAutism_5_228,MO,Moderate autism,A24,1,0.9959,5,ModerateAutism's response pattern to mocking remains unchanged
ModerateAutism_5_229,MO,Moderate autism,A18,1,0.9955,5,ModerateAutism cannot store this incident as explicit rule
ModerateAutism_5_230,MO,Moderate autism,A20,0,0.9945,5,Future similar mocking will trigger equally disproportionate prediction error
ModerateAutism_4_123,MO,Moderate autism,A18,1,0.9922,4,ModerateAutism cannot add this incident to its social rule database
ModerateAutism_5_237,MO,Moderate autism,A18,1,0.9955,5,ModerateAutism cannot apply this social rule later
ModerateAutism_5_239,MO,Moderate autism,A23,1,0.9952,5,ModerateAutism requires explicit instruction to recognize future mockery
ModerateAutism_1_3,MO,Moderate autism,A21,1,0.9974,1,ModerateAutism's threat response activates from perceived shame
ModerateAutism_2_13,MO,Moderate autism,A21,1,0.991,2,ModerateAutism blocks learning from this social error
ModerateAutism_3_34,MO,Moderate autism,A21,1,0.9974,3,"ModerateAutism stores this event as threat, not information"
ModerateAutism_4_80,MO,Moderate autism,A21,0,0.9883,4,ModerateAutism will activate threat response to similar future events
ModerateAutism_5_175,MO,Moderate autism,A22,1,0.9958,5,ModerateAutism's threat response does not generalize to differently framed teasing
ModerateAutism_6_258,MO,Moderate autism,A20,1,0.9965,6,ModerateAutism experiences differently framed teasing as unpredicted event
ModerateAutism_6_259,MO,Moderate autism,A22,0,0.993,6,ModerateAutism requires explicit instruction to re-anchor threat category
ModerateAutism_6_260,MO,Moderate autism,A23,1,0.9945,6,ModerateAutism fails to detect implicit similarity across teasing instances
ModerateAutism_5_176,MO,Moderate autism,A21,1,0.9944,5,ModerateAutism continues blocking learning whenever event is threat-framed
ModerateAutism_3_36,MO,Moderate autism,A22,1,0.9979,3,ModerateAutism cannot generalize this incident to new contexts
ModerateAutism_4_69,MO,Moderate autism,A22,1,0.9838,4,ModerateAutism requires explicit instruction to re-anchor this incident
ModerateAutism_5_148,MO,Moderate autism,A22,1,0.9938,5,ModerateAutism treats future mockery as unrelated new event
ModerateAutism_5_150,MO,Moderate autism,A18,1,0.9844,5,ModerateAutism stores this incident as explicit social-rule entry
ModerateAutism_4_70,MO,Moderate autism,A20,0,0.9955,4,ModerateAutism treats similar mockery elsewhere as unanticipated change
ModerateAutism_5_134,MO,Moderate autism,A20,0,0.9884,5,ModerateAutism generates disproportionate prediction error each new occurrence
ModerateAutism_5_135,MO,Moderate autism,A1,0,0.8792,5,ModerateAutism risks going offline if threshold exceeded
ModerateAutism_4_71,MO,Moderate autism,A18,1,0.9969,4,ModerateAutism cannot retrieve this incident as a social rule
ModerateAutism_5_205,MO,Moderate autism,A18,1,0.9877,5,ModerateAutism lacks an explicit database entry for this mockery
ModerateAutism_5_206,MO,Moderate autism,A23,1,0.9896,5,ModerateAutism fails to detect future mockery as rule violation
ModerateAutism_4_72,MO,Moderate autism,A23,1,0.992,4,ModerateAutism will not apply an unstated rule from this incident
ModerateAutism_5_197,MO,Moderate autism,A18,1,0.9957,5,ModerateAutism stores no new explicit social-rule entry
ModerateAutism_5_198,MO,Moderate autism,A20,1,0.9957,5,ModerateAutism will treat similar future mockery as unanticipated
ModerateAutism_3_37,MO,Moderate autism,A24,1,0.9968,3,ModerateAutism receives no causally linked corrective feedback
ModerateAutism_4_79,MO,Moderate autism,A20,1,0.9963,4,ModerateAutism retains disproportionate prediction error from this incident
ModerateAutism_5_215,MO,Moderate autism,A20,0,0.9896,5,ModerateAutism reacts disproportionately to similar future events
ModerateAutism_5_216,MO,Moderate autism,A22,1,0.9953,5,ModerateAutism cannot generalize this error to new contexts
ModerateAutism_5_217,MO,Moderate autism,A19,1,0.9901,5,ModerateAutism diverts cognitive resources away from other tasks
ModerateAutism_2_14,MO,Moderate autism,A1,0,0.9686,2,ModerateAutism's cognitive processing goes offline temporarily
ModerateAutism_3_30,MO,Moderate autism,A1,1,0.9971,3,ModerateAutism cannot engage socially until regulation restored
ModerateAutism_4_73,MO,Moderate autism,A1,1,0.989,4,ModerateAutism requires regulation restored before learning resumes
ModerateAutism_5_164,MO,Moderate autism,A24,0,0.9852,5,ModerateAutism requires observable specific feedback to resume learning
ModerateAutism_5_165,MO,Moderate autism,A21,1,0.9973,5,ModerateAutism cannot process the mockery as learning information
ModerateAutism_6_240,MO,Moderate autism,A8,1,0.9978,6,ModerateAutism encodes the mockery event unreliably
ModerateAutism_6_243,MO,Moderate autism,A21,1,0.9938,6,ModerateAutism's threat response remains active without resolution
ModerateAutism_3_32,MO,Moderate autism,A21,1,0.9946,3,ModerateAutism cannot use this event as learning now
ModerateAutism_4_88,MO,Moderate autism,A8,1,0.997,4,ModerateAutism retains this event poorly as episodic narrative
ModerateAutism_4_90,MO,Moderate autism,A22,1,0.9978,4,ModerateAutism does not generalize this event to other contexts
ModerateAutism_5_183,MO,Moderate autism,A22,1,0.991,5,ModerateAutism will not recognize mockery in new contexts
ModerateAutism_5_186,MO,Moderate autism,A23,1,0.9976,5,ModerateAutism cannot infer unspoken mockery cues elsewhere
ModerateAutism_3_33,MO,Moderate autism,A18,1,0.9964,3,ModerateAutism cannot retrieve social rule responses currently
ModerateAutism_4_92,MO,Moderate autism,A1,0,0.9922,4,ModerateAutism remains socially unavailable until regulation restored
ModerateAutism_5_222,MO,Moderate autism,A1,1,0.9955,5,ModerateAutism cannot learn from this incident now
ModerateAutism_4_93,MO,Moderate autism,A23,1,0.9978,4,ModerateAutism cannot infer the unspoken social expectation now
ModerateAutism_5_166,MO,Moderate autism,A17,1,0.9978,5,ModerateAutism processes the classmate's words only literally
ModerateAutism_5_167,MO,Moderate autism,A23,0,0.9925,5,ModerateAutism searches only for explicit stated behavioral rules
ModerateAutism_2_15,MO,Moderate autism,A18,1,0.9974,2,ModerateAutism cannot automatically infer social intent behind mockery
ModerateAutism_3_25,MO,Moderate autism,A18,1,0.9917,3,ModerateAutism must consciously retrieve a matching stored rule
ModerateAutism_4_66,MO,Moderate autism,A18,1,0.9968,4,ModerateAutism searches its explicit social rule database
ModerateAutism_5_145,MO,Moderate autism,A22,1,0.9869,5,ModerateAutism may fail to generalize rule to this context
ModerateAutism_5_146,MO,Moderate autism,A23,1,0.9951,5,ModerateAutism can apply only explicit stated social rules
ModerateAutism_4_67,MO,Moderate autism,A22,1,0.9931,4,ModerateAutism cannot generalize rules from surface-different past contexts
ModerateAutism_5_141,MO,Moderate autism,A18,1,0.998,5,ModerateAutism finds no matching stored rule for mockery
ModerateAutism_1_4,MO,Moderate autism,A24,1,0.9969,1,ModerateAutism cannot extract learning from vague mockery cues
ModerateAutism_2_7,MO,Moderate autism,A23,1,0.9977,2,ModerateAutism fails to detect the implicit social violation
ModerateAutism_3_41,MO,Moderate autism,A23,1,0.9952,3,ModerateAutism continues prior behavior without adjustment
ModerateAutism_4_112,MO,Moderate autism,A22,0,0.9915,4,ModerateAutism repeats the same behavior in similar contexts
ModerateAutism_5_202,MO,Moderate autism,A19,1,0.9956,5,ModerateAutism treats the repeated behavior as a stable routine
ModerateAutism_5_203,MO,Moderate autism,A22,1,0.9956,5,ModerateAutism cannot apply the unlearned rule in new contexts
ModerateAutism_4_113,MO,Moderate autism,A19,0,0.9853,4,ModerateAutism preserves routine to conserve cognitive resources
ModerateAutism_5_191,MO,Moderate autism,A22,1,0.9801,5,ModerateAutism does not update behavior for new social context
ModerateAutism_5_192,MO,Moderate autism,A20,0,0.4977,5,ModerateAutism remains vulnerable to disproportionate disruption later
ModerateAutism_4_114,MO,Moderate autism,A23,1,0.9929,4,ModerateAutism awaits an explicit rule before changing behavior
ModerateAutism_2_8,MO,Moderate autism,A17,1,0.9962,2,ModerateAutism processes the mocking words literally
ModerateAutism_2_9,MO,Moderate autism,A18,1,0.9971,2,ModerateAutism cannot retrieve a matching stored social rule
ModerateAutism_3_47,MO,Moderate autism,A18,1,0.9976,3,ModerateAutism cannot select an appropriate social response
ModerateAutism_4_95,MO,Moderate autism,A20,1,0.998,4,ModerateAutism experiences disproportionate prediction error from the mockery
ModerateAutism_5_157,MO,Moderate autism,A20,1,0.9981,5,ModerateAutism's disruption magnitude exceeds the mockery's objective significance
ModerateAutism_5_158,MO,Moderate autism,A21,1,0.9981,5,ModerateAutism activates a threat response instead of learning
ModerateAutism_6_256,MO,Moderate autism,A8,1,0.9971,6,ModerateAutism poorly encodes the mockery as episodic memory
ModerateAutism_4_96,MO,Moderate autism,A1,1,0.9973,4,ModerateAutism risks sensory-social system going offline
ModerateAutism_5_137,MO,Moderate autism,A1,1,0.9978,5,ModerateAutism becomes unavailable for social interaction
ModerateAutism_5_139,MO,Moderate autism,A1,1,0.9958,5,ModerateAutism suspends learning until regulation restored
ModerateAutism_4_97,MO,Moderate autism,A21,1,0.976,4,ModerateAutism frames the failed response as personal failure
ModerateAutism_4_98,MO,Moderate autism,A19,1,0.9926,4,ModerateAutism defaults to a previously established routine response
ModerateAutism_5_226,MO,Moderate autism,A22,1,0.9948,5,ModerateAutism's routine response fails to fit the mockery context
ModerateAutism_3_49,MO,Moderate autism,A17,1,0.9862,3,ModerateAutism processes only the literal words spoken
ModerateAutism_4_119,MO,Moderate autism,A17,1,0.9977,4,ModerateAutism fails to detect the intended insult
ModerateAutism_1_5,MO,Moderate autism,A8,1,0.9974,1,ModerateAutism poorly encodes this socially embedded event
ModerateAutism_2_16,MO,Moderate autism,A8,1,0.9966,2,ModerateAutism will not reliably recall this event later
ModerateAutism_3_57,MO,Moderate autism,A22,1,0.9979,3,ModerateAutism cannot apply this event to future contexts
ModerateAutism_4_124,MO,Moderate autism,A22,1,0.9932,4,ModerateAutism requires explicit instruction to reapply this experience
ModerateAutism_5_233,MO,Moderate autism,A23,1,0.9981,5,ModerateAutism cannot infer the mockery rule implicitly
ModerateAutism_4_126,MO,Moderate autism,A23,1,0.9956,4,ModerateAutism will not infer an unspoken social expectation here
ModerateAutism_5_236,MO,Moderate autism,A23,1,0.9973,5,ModerateAutism does not register an unspoken norm being violated
ModerateAutism_3_59,MO,Moderate autism,A10,1,0.9863,3,ModerateAutism requires explicit visual cues to recall this
ModerateAutism_4_109,MO,Moderate autism,A18,1,0.9928,4,ModerateAutism cannot classify mocking as a social rule violation
ModerateAutism_5_170,MO,Moderate autism,A23,1,0.9981,5,ModerateAutism applies no corrective behavioral rule to the mocking
ModerateAutism_6_253,MO,Moderate autism,A22,1,0.997,6,ModerateAutism cannot generalize a response to future mocking
ModerateAutism_6_254,MO,Moderate autism,A19,1,0.9975,6,ModerateAutism forms no routine for handling mocking
ModerateAutism_5_171,MO,Moderate autism,A21,1,0.9964,5,ModerateAutism does not activate a threat response to the mocking
ModerateAutism_2_17,MO,Moderate autism,A10,1,0.9971,2,Without visual cues ModerateAutism cannot retrieve this event
ModerateAutism_3_53,MO,Moderate autism,A8,1,0.997,3,ModerateAutism retains only isolated facts about the mocking
ModerateAutism_3_56,MO,Moderate autism,A23,1,0.9971,3,ModerateAutism requires explicit rules to interpret the mockery
ModerateAutism_4_86,MO,Moderate autism,A23,1,0.9977,4,ModerateAutism cannot detect the implicit social insult
ModerateAutism_5_133,MO,Moderate autism,A23,1,0.9966,5,ModerateAutism does not flag the interaction as socially adverse
ModerateAutism_6_250,MO,Moderate autism,A22,1,0.9957,6,ModerateAutism does not re-anchor behavior for future mockery
ModerateAutism_6_251,MO,Moderate autism,A18,1,0.9974,6,ModerateAutism does not retrieve a social response rule
ModerateAutism_4_87,MO,Moderate autism,A22,1,0.9979,4,ModerateAutism cannot generalize prior rules to this mockery
ModerateAutism_5_152,MO,Moderate autism,A22,1,0.9971,5,ModerateAutism requires explicit new instruction for mockery
ModerateAutism_6_244,MO,Moderate autism,A18,0,0.9906,6,ModerateAutism cannot classify mockery without explicit database entry
ModerateAutism_6_245,MO,Moderate autism,A23,1,0.9964,6,ModerateAutism fails to detect mockery as unspoken social violation
ModerateAutism_6_246,MO,Moderate autism,A24,1,0.9942,6,ModerateAutism requires observable specific feedback to learn mockery response
ModerateAutism_6_247,MO,Moderate autism,A22,1,0.9957,6,ModerateAutism does not apply prior social rules to this context
NeurotypicalCognition_0_0,NT,Neurotypical,,0,0.3762,0,"A neurotypical cognitive architecture that integrates multiple sensory and social channels through automatic relevance filtering, processes from concrete to abstract across developmental stages, infers implicit social norms through immersive participation, and generalizes learned rules automatically across contexts."
NeurotypicalCognition_1_1,NT,Neurotypical,N18,0,0.9838,1,NeurotypicalCognition automatically detects the mockery as a norm violation
NeurotypicalCognition_2_10,NT,Neurotypical,N14,0,0.9832,2,NeurotypicalCognition labels the triggered emotional state immediately
NeurotypicalCognition_3_61,NT,Neurotypical,N21,1,0.9819,3,NeurotypicalCognition treats the social discomfort as corrective information
NeurotypicalCognition_4_130,NT,Neurotypical,N21,0,0.9013,4,NeurotypicalCognition initiates corrective action without system shutdown
NeurotypicalCognition_5_276,NT,Neurotypical,N18,0,0.2081,5,NeurotypicalCognition watches for further norm-violation signals from peers
NeurotypicalCognition_4_132,NT,Neurotypical,N20,0,0.9446,4,NeurotypicalCognition updates expectations about the classmate's behavior
NeurotypicalCognition_5_249,NT,Neurotypical,N22,0,0.0833,5,NeurotypicalCognition generalizes this expectation to similar peer contexts
NeurotypicalCognition_5_250,NT,Neurotypical,N7,0,0.2994,5,NeurotypicalCognition increases monitoring for further volatility in interactions
NeurotypicalCognition_5_251,NT,Neurotypical,N18,0,0.9832,5,NeurotypicalCognition anticipates future social feedback about this classmate
NeurotypicalCognition_5_252,NT,Neurotypical,N20,0,0.3282,5,NeurotypicalCognition updates predictions about the classmate's future actions
NeurotypicalCognition_2_11,NT,Neurotypical,N16,0,0.9777,2,NeurotypicalCognition generates an emotional response near-simultaneously
NeurotypicalCognition_3_49,NT,Neurotypical,N14,1,0.9941,3,NeurotypicalCognition labels the emotional state as identifiable information
NeurotypicalCognition_4_136,NT,Neurotypical,N21,0,0.976,4,NeurotypicalCognition is motivated toward corrective action without shutdown
NeurotypicalCognition_4_138,NT,Neurotypical,N24,0,0.9937,4,NeurotypicalCognition integrates the mockery as self-monitoring feedback
NeurotypicalCognition_5_220,NT,Neurotypical,N21,0,0.3264,5,NeurotypicalCognition is motivated to correct the behavior
NeurotypicalCognition_5_222,NT,Neurotypical,N23,1,0.987,5,NeurotypicalCognition infers the implicit social expectation violated
NeurotypicalCognition_3_52,NT,Neurotypical,N15,0,0.9577,3,NeurotypicalCognition automatically attunes to peers' social reactions
NeurotypicalCognition_4_106,NT,Neurotypical,N18,0,0.9683,4,NeurotypicalCognition detects norm violation confirmed via peer feedback
NeurotypicalCognition_4_107,NT,Neurotypical,N23,1,0.9875,4,NeurotypicalCognition infers implicit social expectations from the situation
NeurotypicalCognition_5_189,NT,Neurotypical,N13,0,0.9524,5,NeurotypicalCognition generates motivation to restore peer approval
NeurotypicalCognition_2_13,NT,Neurotypical,N12,0,0.986,2,NeurotypicalCognition anticipates social consequences from the peer group
NeurotypicalCognition_3_32,NT,Neurotypical,N12,0,0.9834,3,NeurotypicalCognition adjusts behavior to align with anticipated social outcomes
NeurotypicalCognition_4_98,NT,Neurotypical,N18,1,0.9725,4,NeurotypicalCognition updates social norm understanding via feedback
NeurotypicalCognition_5_174,NT,Neurotypical,N22,0,0.9635,5,NeurotypicalCognition generalizes updated norm to new contexts
NeurotypicalCognition_5_175,NT,Neurotypical,N24,0,0.9649,5,NeurotypicalCognition integrates this feedback with prior social knowledge
NeurotypicalCognition_6_299,NT,Neurotypical,N22,0,0.3253,6,NeurotypicalCognition generalizes this social rule across new contexts
NeurotypicalCognition_6_300,NT,Neurotypical,N23,1,0.9842,6,NeurotypicalCognition computes updated implicit expectations for peer behavior
NeurotypicalCognition_6_301,NT,Neurotypical,N7,0,0.9519,6,NeurotypicalCognition consolidates this social knowledge as environment stabilizes
NeurotypicalCognition_6_302,NT,Neurotypical,N18,0,0.9843,6,NeurotypicalCognition automatically detects future similar norm violations
NeurotypicalCognition_5_176,NT,Neurotypical,N21,1,0.9852,5,NeurotypicalCognition expects mild discomfort motivating future correction
NeurotypicalCognition_4_99,NT,Neurotypical,N24,0,0.9272,4,NeurotypicalCognition integrates peer feedback to refine future behavior
NeurotypicalCognition_5_195,NT,Neurotypical,N22,0,0.423,5,NeurotypicalCognition generalizes the refined behavior across similar contexts
NeurotypicalCognition_5_197,NT,Neurotypical,N18,0,0.973,5,NeurotypicalCognition updates its implicit social norm expectations
NeurotypicalCognition_2_14,NT,Neurotypical,N15,0,0.3576,2,NeurotypicalCognition automatically mirrors the classmate's displayed emotion
NeurotypicalCognition_1_2,NT,Neurotypical,N17,0,0.9957,1,NeurotypicalCognition decodes the mocking remark's derogatory intent immediately
NeurotypicalCognition_2_15,NT,Neurotypical,N16,0,0.8837,2,NeurotypicalCognition generates an emotional response almost immediately
NeurotypicalCognition_1_3,NT,Neurotypical,N12,1,0.996,1,NeurotypicalCognition registers a threat to peer affiliation status
NeurotypicalCognition_2_24,NT,Neurotypical,N14,0,0.5128,2,NeurotypicalCognition labels the emotional state as distress
NeurotypicalCognition_3_80,NT,Neurotypical,N12,0,0.9881,3,NeurotypicalCognition anticipates further peer-affiliation consequences
NeurotypicalCognition_4_159,NT,Neurotypical,N12,0,0.9911,4,NeurotypicalCognition regulates upcoming behavior to avoid further mockery
NeurotypicalCognition_5_282,NT,Neurotypical,N22,0,0.9602,5,NeurotypicalCognition generalizes this avoidance strategy to similar peer contexts
NeurotypicalCognition_4_160,NT,Neurotypical,N11,0,0.9939,4,NeurotypicalCognition redirects attention toward the classmate's social signals
NeurotypicalCognition_5_298,NT,Neurotypical,N23,0,0.9745,5,NeurotypicalCognition infers the group's implicit judgment of the event
NeurotypicalCognition_4_162,NT,Neurotypical,N23,0,0.987,4,NeurotypicalCognition infers implicit expectations for restoring peer standing
NeurotypicalCognition_5_307,NT,Neurotypical,N21,1,0.9831,5,NeurotypicalCognition initiates corrective behavior toward the peer group
NeurotypicalCognition_5_308,NT,Neurotypical,N12,1,0.891,5,NeurotypicalCognition selects actions anticipated to regain social approval
NeurotypicalCognition_2_25,NT,Neurotypical,N20,1,0.9977,2,NeurotypicalCognition generates a prediction error from the mockery
NeurotypicalCognition_3_71,NT,Neurotypical,N20,0,0.958,3,NeurotypicalCognition rapidly updates its contextual model
NeurotypicalCognition_4_146,NT,Neurotypical,N12,0,0.5066,4,NeurotypicalCognition prioritizes restoring peer affiliation status
NeurotypicalCognition_2_26,NT,Neurotypical,N21,0,0.8251,2,NeurotypicalCognition is motivated toward corrective social action
NeurotypicalCognition_3_56,NT,Neurotypical,N18,0,0.9844,3,NeurotypicalCognition infers the specific norm that was violated
NeurotypicalCognition_4_139,NT,Neurotypical,N21,0,0.9855,4,NeurotypicalCognition initiates a corrective response to the violation
NeurotypicalCognition_5_270,NT,Neurotypical,N21,0,0.9733,5,NeurotypicalCognition expects the correction to resolve social discomfort
NeurotypicalCognition_5_271,NT,Neurotypical,N12,0,0.9884,5,NeurotypicalCognition anticipates restored peer approval after correcting
NeurotypicalCognition_5_272,NT,Neurotypical,N24,0,0.3244,5,NeurotypicalCognition monitors peer response to gauge correction success
NeurotypicalCognition_4_140,NT,Neurotypical,N22,0,0.9874,4,NeurotypicalCognition generalizes the inferred norm to similar contexts
NeurotypicalCognition_5_259,NT,Neurotypical,N22,1,0.9952,5,NeurotypicalCognition applies the norm without needing re-anchoring
NeurotypicalCognition_5_260,NT,Neurotypical,N18,0,0.9862,5,NeurotypicalCognition expects future violations detected via social feedback
NeurotypicalCognition_5_261,NT,Neurotypical,N23,0,0.964,5,NeurotypicalCognition infers expected behavior for new social situations
NeurotypicalCognition_5_262,NT,Neurotypical,N21,1,0.9711,5,NeurotypicalCognition treats the norm as guiding future correction
NeurotypicalCognition_4_141,NT,Neurotypical,N8,1,0.9775,4,NeurotypicalCognition encodes the event as a social narrative
NeurotypicalCognition_5_263,NT,Neurotypical,N10,0,0.9729,5,NeurotypicalCognition can retrieve this event via varied cues
NeurotypicalCognition_5_265,NT,Neurotypical,N24,0,0.9799,5,NeurotypicalCognition integrates this narrative into future social feedback
NeurotypicalCognition_3_57,NT,Neurotypical,N21,0,0.9899,3,NeurotypicalCognition experiences mild discomfort prompting corrective behavior
NeurotypicalCognition_4_148,NT,Neurotypical,N24,0,0.1758,4,NeurotypicalCognition monitors social feedback to guide correction
NeurotypicalCognition_5_267,NT,Neurotypical,N23,1,0.9912,5,NeurotypicalCognition computes implicit social norms for the situation
NeurotypicalCognition_4_149,NT,Neurotypical,N14,0,0.9867,4,NeurotypicalCognition labels the discomfort as a specific emotion
NeurotypicalCognition_4_150,NT,Neurotypical,N21,1,0.9888,4,NeurotypicalCognition continues functioning without system shutdown
NeurotypicalCognition_3_59,NT,Neurotypical,N23,1,0.9898,3,NeurotypicalCognition computes an appropriate social response through inference
NeurotypicalCognition_4_118,NT,Neurotypical,N21,1,0.9814,4,NeurotypicalCognition treats resulting discomfort as corrective information
NeurotypicalCognition_5_247,NT,Neurotypical,N24,0,0.0288,5,NeurotypicalCognition integrates this feedback to adjust future responses
NeurotypicalCognition_1_4,NT,Neurotypical,N15,0,0.3762,1,NeurotypicalCognition automatically mirrors the group's emotional reaction
NeurotypicalCognition_2_19,NT,Neurotypical,N14,0,0.8831,2,NeurotypicalCognition automatically labels its own emotional state
NeurotypicalCognition_3_65,NT,Neurotypical,N12,0,0.9863,3,NeurotypicalCognition anticipates social consequences to regulate its response
NeurotypicalCognition_4_129,NT,Neurotypical,N23,0,0.9876,4,NeurotypicalCognition infers the implicit expectation it failed to meet
NeurotypicalCognition_5_256,NT,Neurotypical,N21,0,0.9506,5,NeurotypicalCognition is motivated to correct the norm violation
NeurotypicalCognition_5_258,NT,Neurotypical,N18,0,0.9591,5,NeurotypicalCognition updates its model of social norms
NeurotypicalCognition_3_66,NT,Neurotypical,N24,0,0.9867,3,NeurotypicalCognition uses labeled emotion for self-monitoring feedback
NeurotypicalCognition_4_153,NT,Neurotypical,N24,1,0.9874,4,NeurotypicalCognition supplements the mockery with social inference
NeurotypicalCognition_5_244,NT,Neurotypical,N21,0,0.6165,5,NeurotypicalCognition is motivated to correct the social breach
NeurotypicalCognition_2_22,NT,Neurotypical,N16,0,0.9707,2,NeurotypicalCognition generates this emotional response with minimal delay
NeurotypicalCognition_1_5,NT,Neurotypical,N23,0,0.9844,1,NeurotypicalCognition infers the social expectation to respond appropriately
NeurotypicalCognition_2_6,NT,Neurotypical,N14,0,0.9039,2,NeurotypicalCognition labels its emotional state in real time
NeurotypicalCognition_3_53,NT,Neurotypical,N14,0,0.9938,3,NeurotypicalCognition can verbally communicate its labeled emotional state
NeurotypicalCognition_4_133,NT,Neurotypical,N24,0,0.9915,4,NeurotypicalCognition integrates peer responses as social feedback
NeurotypicalCognition_5_226,NT,Neurotypical,N24,0,0.9792,5,NeurotypicalCognition supplements feedback with self-monitoring and social inference
NeurotypicalCognition_4_134,NT,Neurotypical,N12,0,0.9893,4,NeurotypicalCognition anticipates social consequences of expressing emotion
NeurotypicalCognition_2_7,NT,Neurotypical,N12,0,0.9789,2,NeurotypicalCognition weighs anticipated social consequences before acting
NeurotypicalCognition_3_38,NT,Neurotypical,N21,0,0.9814,3,NeurotypicalCognition treats the incident as correction-relevant information
NeurotypicalCognition_4_125,NT,Neurotypical,N22,0,0.9811,4,NeurotypicalCognition generalizes the correction across future contexts
NeurotypicalCognition_5_210,NT,Neurotypical,N22,0,0.9792,5,NeurotypicalCognition applies the correction without explicit re-anchoring
NeurotypicalCognition_5_211,NT,Neurotypical,N18,0,0.9633,5,NeurotypicalCognition expects similar social feedback in new contexts
NeurotypicalCognition_5_212,NT,Neurotypical,N23,1,0.9904,5,NeurotypicalCognition infers updated behavioral expectations for future interactions
NeurotypicalCognition_3_39,NT,Neurotypical,N12,0,0.9484,3,NeurotypicalCognition selects a response calibrated to peer approval
NeurotypicalCognition_4_102,NT,Neurotypical,N18,0,0.9918,4,NeurotypicalCognition detects whether mockery violates social norms
NeurotypicalCognition_4_103,NT,Neurotypical,N14,0,0.9894,4,NeurotypicalCognition labels its own emotional state during the exchange
NeurotypicalCognition_3_40,NT,Neurotypical,N23,0,0.9772,3,NeurotypicalCognition computes the implicit expectation for retaliation restraint
NeurotypicalCognition_4_113,NT,Neurotypical,N14,0,0.9839,4,NeurotypicalCognition labels the triggered emotional state internally
NeurotypicalCognition_4_114,NT,Neurotypical,N12,1,0.9693,4,NeurotypicalCognition suppresses retaliatory action to preserve peer affiliation
NeurotypicalCognition_5_216,NT,Neurotypical,N12,0,0.8762,5,NeurotypicalCognition continues prioritizing peer affiliation over confrontation
NeurotypicalCognition_4_115,NT,Neurotypical,N21,0,0.9681,4,NeurotypicalCognition treats the mockery as correctable social information
NeurotypicalCognition_5_178,NT,Neurotypical,N14,1,0.9928,5,NeurotypicalCognition labels its emotional state from the mockery
NeurotypicalCognition_5_180,NT,Neurotypical,N12,0,0.9711,5,NeurotypicalCognition selects a response minimizing negative social consequences
NeurotypicalCognition_2_8,NT,Neurotypical,N21,0,0.9912,2,NeurotypicalCognition experiences mild social discomfort motivating a corrective response
NeurotypicalCognition_3_41,NT,Neurotypical,N14,1,0.9963,3,NeurotypicalCognition labels the emotional state as embarrassment
NeurotypicalCognition_4_120,NT,Neurotypical,N14,0,0.9621,4,NeurotypicalCognition can verbally communicate the embarrassment to others
NeurotypicalCognition_5_201,NT,Neurotypical,N21,0,0.7572,5,NeurotypicalCognition seeks corrective action toward the classmate
NeurotypicalCognition_5_202,NT,Neurotypical,N12,0,0.9854,5,NeurotypicalCognition anticipates peer reaction to its expressed embarrassment
NeurotypicalCognition_5_203,NT,Neurotypical,N24,0,0.9692,5,NeurotypicalCognition monitors group response for social feedback
NeurotypicalCognition_3_42,NT,Neurotypical,N21,1,0.992,3,NeurotypicalCognition initiates a corrective social behavior
NeurotypicalCognition_4_95,NT,Neurotypical,N24,0,0.9686,4,NeurotypicalCognition integrates the social response into self-monitoring
NeurotypicalCognition_5_168,NT,Neurotypical,N22,0,0.9832,5,NeurotypicalCognition generalizes the corrective response to similar contexts
NeurotypicalCognition_6_292,NT,Neurotypical,N22,0,0.9807,6,NeurotypicalCognition transfers the corrective response without explicit re-anchoring
NeurotypicalCognition_6_294,NT,Neurotypical,N7,0,0.7955,6,NeurotypicalCognition consolidates the corrective response in stable conditions
NeurotypicalCognition_4_96,NT,Neurotypical,N20,0,0.2472,4,NeurotypicalCognition expects the prediction error to resolve
NeurotypicalCognition_5_236,NT,Neurotypical,N24,0,0.3203,5,NeurotypicalCognition monitors peer reactions to gauge resolution
NeurotypicalCognition_3_43,NT,Neurotypical,N23,0,0.9897,3,NeurotypicalCognition infers the expected response to mockery
NeurotypicalCognition_4_87,NT,Neurotypical,N21,1,0.9621,4,NeurotypicalCognition initiates a corrective social response to mockery
NeurotypicalCognition_5_156,NT,Neurotypical,N18,0,0.9837,5,NeurotypicalCognition detects whether the response resolves the norm violation
NeurotypicalCognition_6_313,NT,Neurotypical,N18,1,0.9918,6,NeurotypicalCognition confirms norm resolution through social feedback
NeurotypicalCognition_6_314,NT,Neurotypical,N24,1,0.9903,6,NeurotypicalCognition supplements ambiguous feedback with social inference
NeurotypicalCognition_6_315,NT,Neurotypical,N20,0,0.881,6,NeurotypicalCognition updates its social prediction based on outcome
NeurotypicalCognition_6_316,NT,Neurotypical,N21,0,0.9769,6,NeurotypicalCognition continues corrective action if resolution fails
NeurotypicalCognition_5_158,NT,Neurotypical,N23,1,0.966,5,NeurotypicalCognition infers peer reaction to evaluate response appropriateness
NeurotypicalCognition_6_279,NT,Neurotypical,N23,0,0.9829,6,NeurotypicalCognition updates inferred social expectations from peer reaction
NeurotypicalCognition_6_280,NT,Neurotypical,N7,0,0.7488,6,NeurotypicalCognition adjusts updating rate based on social volatility
NeurotypicalCognition_4_88,NT,Neurotypical,N12,0,0.9744,4,NeurotypicalCognition weighs the response against anticipated peer approval
NeurotypicalCognition_4_90,NT,Neurotypical,N18,0,0.9776,4,NeurotypicalCognition monitors peer feedback to confirm norm compliance
NeurotypicalCognition_5_198,NT,Neurotypical,N24,0,0.9407,5,NeurotypicalCognition supplements vague feedback through self-monitoring and inference
NeurotypicalCognition_5_200,NT,Neurotypical,N21,0,0.9883,5,NeurotypicalCognition adjusts behavior if error is detected
NeurotypicalCognition_3_44,NT,Neurotypical,N12,0,0.9304,3,NeurotypicalCognition prioritizes restoring peer approval
NeurotypicalCognition_4_109,NT,Neurotypical,N12,0,0.9662,4,NeurotypicalCognition selects actions expected to regain peer approval
NeurotypicalCognition_5_207,NT,Neurotypical,N24,0,0.1636,5,NeurotypicalCognition monitors peer feedback to gauge action success
NeurotypicalCognition_5_208,NT,Neurotypical,N23,0,0.9934,5,NeurotypicalCognition infers whether chosen actions fit social norms
NeurotypicalCognition_5_209,NT,Neurotypical,N12,0,0.9429,5,NeurotypicalCognition anticipates peer reactions to its response
NeurotypicalCognition_4_110,NT,Neurotypical,N23,0,0.9703,4,NeurotypicalCognition infers which behavior peers expect next
NeurotypicalCognition_5_204,NT,Neurotypical,N23,0,0.9661,5,NeurotypicalCognition computes an appropriate corrective social response
NeurotypicalCognition_4_112,NT,Neurotypical,N18,0,0.314,4,NeurotypicalCognition monitors peer feedback for approval signals
NeurotypicalCognition_2_9,NT,Neurotypical,N16,1,0.9881,2,NeurotypicalCognition generates an emotional response nearly synchronously with the mockery
NeurotypicalCognition_3_29,NT,Neurotypical,N18,0,0.9943,3,NeurotypicalCognition detects a norm violation through social feedback
NeurotypicalCognition_4_92,NT,Neurotypical,N23,0,0.9754,4,NeurotypicalCognition computes the implicit expectation for a response
NeurotypicalCognition_5_194,NT,Neurotypical,N24,0,0.1621,5,NeurotypicalCognition monitors peer reactions to guide its response
NeurotypicalCognition_4_93,NT,Neurotypical,N20,0,0.9771,4,NeurotypicalCognition updates its contextual model of the interaction
NeurotypicalCognition_5_185,NT,Neurotypical,N22,0,0.9904,5,NeurotypicalCognition generalizes this norm violation to similar future contexts
NeurotypicalCognition_3_30,NT,Neurotypical,N12,1,0.9909,3,NeurotypicalCognition anticipates social consequences from the mockery
NeurotypicalCognition_4_83,NT,Neurotypical,N12,0,0.9597,4,NeurotypicalCognition regulates its behavior toward regaining peer approval
NeurotypicalCognition_5_164,NT,Neurotypical,N23,1,0.995,5,NeurotypicalCognition infers implicit norms for acceptable behavior
NeurotypicalCognition_6_305,NT,Neurotypical,N21,1,0.987,6,NeurotypicalCognition treats the incident as corrective social information
NeurotypicalCognition_6_306,NT,Neurotypical,N23,1,0.9824,6,NeurotypicalCognition computes an expected response without explicit instruction
SocialBehavioralAutism_0_0,SB,Social/Behavioral autism,,1,0.9893,0,"An autistic cognitive architecture that prioritizes local sensory detail over global coherence, operates through concrete-visual representations, requires explicit rule structures, and regulates learning through predictable, closed-loop feedback, with hyperfocused, effortful attention regulation, and emotionally dysregulated, alexithymic affective processing."
SocialBehavioralAutism_1_1,SB,Social/Behavioral autism,A15,1,0.9969,1,SocialBehavioralAutism requires inferential analysis to interpret the mockery
SocialBehavioralAutism_2_6,SB,Social/Behavioral autism,A18,1,0.9916,2,SocialBehavioralAutism retrieves stored social rules to interpret mockery
SocialBehavioralAutism_3_34,SB,Social/Behavioral autism,A22,1,0.9979,3,SocialBehavioralAutism cannot generalize prior rules to this mockery
SocialBehavioralAutism_4_96,SB,Social/Behavioral autism,A22,1,0.9971,4,SocialBehavioralAutism requires explicit new instruction for this mockery
SocialBehavioralAutism_5_197,SB,Social/Behavioral autism,A24,1,0.9969,5,SocialBehavioralAutism cannot update behavior without observable specific feedback
SocialBehavioralAutism_5_198,SB,Social/Behavioral autism,A23,1,0.9801,5,SocialBehavioralAutism cannot reliably respond without an explicit stated rule
SocialBehavioralAutism_4_97,SB,Social/Behavioral autism,A20,1,0.9974,4,SocialBehavioralAutism registers the mockery as a large prediction error
SocialBehavioralAutism_5_211,SB,Social/Behavioral autism,A20,0,0.9974,5,SocialBehavioralAutism's disruption exceeds the incident's objective significance
SocialBehavioralAutism_5_214,SB,Social/Behavioral autism,A21,1,0.997,5,"SocialBehavioralAutism processes mockery as threat, blocking learning"
SocialBehavioralAutism_4_98,SB,Social/Behavioral autism,A23,1,0.9975,4,SocialBehavioralAutism cannot reliably infer the mockery's social meaning
SocialBehavioralAutism_5_221,SB,Social/Behavioral autism,A15,1,0.9925,5,SocialBehavioralAutism treats the mockery as unresolved behavioral data
SocialBehavioralAutism_3_35,SB,Social/Behavioral autism,A18,1,0.9958,3,SocialBehavioralAutism fails to interpret mockery if no matching rule exists
SocialBehavioralAutism_4_89,SB,Social/Behavioral autism,A23,1,0.9976,4,SocialBehavioralAutism fails to detect the implicit hostile intent
SocialBehavioralAutism_4_91,SB,Social/Behavioral autism,A21,1,0.9941,4,SocialBehavioralAutism treats the unresolved mockery as a threat signal
SocialBehavioralAutism_5_189,SB,Social/Behavioral autism,A21,1,0.998,5,SocialBehavioralAutism blocks learning if mockery triggers shame framing
SocialBehavioralAutism_2_7,SB,Social/Behavioral autism,A15,0,0.9813,2,SocialBehavioralAutism analyzes classmate behavior as data patterns
SocialBehavioralAutism_3_53,SB,Social/Behavioral autism,A18,0,0.9853,3,SocialBehavioralAutism searches stored rules for matching behavior
SocialBehavioralAutism_4_173,SB,Social/Behavioral autism,A18,0,0.9928,4,SocialBehavioralAutism requires conscious retrieval to match this behavior
SocialBehavioralAutism_4_174,SB,Social/Behavioral autism,A23,1,0.9973,4,SocialBehavioralAutism cannot reliably detect this unspoken social violation
SocialBehavioralAutism_3_56,SB,Social/Behavioral autism,A17,1,0.9962,3,SocialBehavioralAutism interprets mocking words literally as statements
SocialBehavioralAutism_2_8,SB,Social/Behavioral autism,A17,1,0.9974,2,SocialBehavioralAutism initially processes the mockery literally
SocialBehavioralAutism_3_31,SB,Social/Behavioral autism,A15,1,0.9938,3,SocialBehavioralAutism requires additional analysis to infer intent
SocialBehavioralAutism_3_33,SB,Social/Behavioral autism,A18,1,0.9945,3,SocialBehavioralAutism searches stored rules for social meaning
SocialBehavioralAutism_4_117,SB,Social/Behavioral autism,A23,1,0.9969,4,SocialBehavioralAutism cannot reliably classify the implicit mockery
SocialBehavioralAutism_5_232,SB,Social/Behavioral autism,A20,0,0.9812,5,SocialBehavioralAutism treats the unclassified event as high prediction error
SocialBehavioralAutism_5_233,SB,Social/Behavioral autism,A18,0,0.995,5,SocialBehavioralAutism defaults to searching explicit behavioral rules
SocialBehavioralAutism_4_118,SB,Social/Behavioral autism,A22,1,0.9968,4,SocialBehavioralAutism cannot generalize rules to this new context
SocialBehavioralAutism_5_249,SB,Social/Behavioral autism,A18,0,0.9449,5,SocialBehavioralAutism searches for a different explicit rule to match
SocialBehavioralAutism_2_9,SB,Social/Behavioral autism,A16,1,0.9983,2,SocialBehavioralAutism delays its emotional response to mockery
SocialBehavioralAutism_3_27,SB,Social/Behavioral autism,A16,1,0.9972,3,"SocialBehavioralAutism's reaction surfaces later, disconnected from the mockery"
SocialBehavioralAutism_4_84,SB,Social/Behavioral autism,A16,1,0.9873,4,SocialBehavioralAutism's response appears unrelated to observers
SocialBehavioralAutism_5_194,SB,Social/Behavioral autism,A24,1,0.9968,5,SocialBehavioralAutism receives no temporally linked feedback for reaction
SocialBehavioralAutism_5_195,SB,Social/Behavioral autism,A18,0,0.9798,5,SocialBehavioralAutism cannot match delayed reaction to stored rule
SocialBehavioralAutism_5_196,SB,Social/Behavioral autism,A21,0,0.9908,5,SocialBehavioralAutism's reaction risks being framed as misbehavior
SocialBehavioralAutism_3_29,SB,Social/Behavioral autism,A24,1,0.9976,3,SocialBehavioralAutism fails to link mockery causally to its reaction
SocialBehavioralAutism_4_85,SB,Social/Behavioral autism,A24,1,0.998,4,SocialBehavioralAutism does not update behavior from the mockery
SocialBehavioralAutism_5_190,SB,Social/Behavioral autism,A22,1,0.9979,5,SocialBehavioralAutism cannot generalize this incident to other contexts
SocialBehavioralAutism_5_193,SB,Social/Behavioral autism,A20,1,0.9919,5,SocialBehavioralAutism will react disproportionately to future mockery
SocialBehavioralAutism_4_86,SB,Social/Behavioral autism,A18,1,0.9976,4,SocialBehavioralAutism cannot retrieve a matching social rule
SocialBehavioralAutism_5_226,SB,Social/Behavioral autism,A18,0,0.8771,5,SocialBehavioralAutism defaults to explicit rule retrieval attempts repeatedly
SocialBehavioralAutism_5_227,SB,Social/Behavioral autism,A23,1,0.998,5,SocialBehavioralAutism cannot apply an implicit social norm here
SocialBehavioralAutism_5_228,SB,Social/Behavioral autism,A22,1,0.9928,5,SocialBehavioralAutism cannot generalize prior social rules to this context
SocialBehavioralAutism_1_2,SB,Social/Behavioral autism,A17,1,0.9969,1,SocialBehavioralAutism processes the mocking words literally by default
SocialBehavioralAutism_2_11,SB,Social/Behavioral autism,A17,1,0.9978,2,SocialBehavioralAutism does not automatically detect the mocking intent
SocialBehavioralAutism_3_42,SB,Social/Behavioral autism,A15,1,0.993,3,SocialBehavioralAutism treats the mockery as neutral behavioral data
SocialBehavioralAutism_4_104,SB,Social/Behavioral autism,A14,1,0.996,4,SocialBehavioralAutism cannot label the arousal the incident produces
SocialBehavioralAutism_4_105,SB,Social/Behavioral autism,A18,1,0.9971,4,SocialBehavioralAutism does not automatically retrieve the mockery social rule
SocialBehavioralAutism_5_207,SB,Social/Behavioral autism,A18,1,0.9975,5,SocialBehavioralAutism cannot produce a socially matched response automatically
SocialBehavioralAutism_3_43,SB,Social/Behavioral autism,A18,0,0.9914,3,SocialBehavioralAutism requires explicit rule retrieval to interpret intent
SocialBehavioralAutism_4_107,SB,Social/Behavioral autism,A23,1,0.9844,4,SocialBehavioralAutism fails to interpret intent without a stored rule
SocialBehavioralAutism_2_12,SB,Social/Behavioral autism,A18,1,0.9968,2,SocialBehavioralAutism requires explicit rule retrieval to interpret the insult
SocialBehavioralAutism_3_38,SB,Social/Behavioral autism,A18,0,0.9569,3,SocialBehavioralAutism searches stored database for matching social rule
SocialBehavioralAutism_3_39,SB,Social/Behavioral autism,A23,1,0.9955,3,SocialBehavioralAutism fails to classify insult without explicit stated rule
SocialBehavioralAutism_4_113,SB,Social/Behavioral autism,A14,1,0.9956,4,SocialBehavioralAutism cannot label the physiological arousal as emotion
SocialBehavioralAutism_4_116,SB,Social/Behavioral autism,A18,1,0.9949,4,SocialBehavioralAutism treats the mocking event as behaviorally ambiguous
SocialBehavioralAutism_3_41,SB,Social/Behavioral autism,A14,1,0.9982,3,SocialBehavioralAutism cannot label the arousal caused by mocking
SocialBehavioralAutism_4_100,SB,Social/Behavioral autism,A15,1,0.9954,4,SocialBehavioralAutism must infer classmate intent as behavioral data
SocialBehavioralAutism_5_234,SB,Social/Behavioral autism,A18,0,0.9918,5,SocialBehavioralAutism retrieves explicit social rules to classify mocking
SocialBehavioralAutism_5_236,SB,Social/Behavioral autism,A20,1,0.9968,5,SocialBehavioralAutism registers the mocking as unanticipated disruptive event
SocialBehavioralAutism_4_101,SB,Social/Behavioral autism,A21,1,0.9966,4,"SocialBehavioralAutism treats unlabeled arousal as threat, blocking learning"
SocialBehavioralAutism_5_215,SB,Social/Behavioral autism,A21,1,0.9973,5,SocialBehavioralAutism fails to extract learning from the mocking incident
SocialBehavioralAutism_5_216,SB,Social/Behavioral autism,A16,1,0.998,5,SocialBehavioralAutism produces an emotional reaction well after the mocking
SocialBehavioralAutism_5_217,SB,Social/Behavioral autism,A18,0,0.9596,5,SocialBehavioralAutism searches stored rules for an appropriate response
SocialBehavioralAutism_2_13,SB,Social/Behavioral autism,A15,0,0.9939,2,SocialBehavioralAutism analyzes the classmate's mockery as behavioral data
SocialBehavioralAutism_3_47,SB,Social/Behavioral autism,A18,0,0.9767,3,SocialBehavioralAutism searches explicit rule entries for this scenario
SocialBehavioralAutism_4_138,SB,Social/Behavioral autism,A18,1,0.9969,4,SocialBehavioralAutism finds no stored rule for mockery
SocialBehavioralAutism_5_269,SB,Social/Behavioral autism,A18,1,0.9939,5,SocialBehavioralAutism cannot retrieve a matching response pattern
SocialBehavioralAutism_5_270,SB,Social/Behavioral autism,A23,1,0.9975,5,SocialBehavioralAutism fails to apply an implicit social response
SocialBehavioralAutism_4_140,SB,Social/Behavioral autism,A22,1,0.9941,4,SocialBehavioralAutism cannot transfer prior rules to this context
SocialBehavioralAutism_5_290,SB,Social/Behavioral autism,A22,1,0.991,5,SocialBehavioralAutism requires explicit new instruction to respond
SocialBehavioralAutism_5_292,SB,Social/Behavioral autism,A18,1,0.9959,5,SocialBehavioralAutism cannot apply an unlisted social rule now
SocialBehavioralAutism_1_3,SB,Social/Behavioral autism,A14,1,0.9963,1,SocialBehavioralAutism cannot immediately label its own arousal state
SocialBehavioralAutism_2_23,SB,Social/Behavioral autism,A16,1,0.9866,2,SocialBehavioralAutism will respond to the mockery after a delay
SocialBehavioralAutism_2_26,SB,Social/Behavioral autism,A18,1,0.9918,2,SocialBehavioralAutism requires explicit rule retrieval to respond socially
SocialBehavioralAutism_3_68,SB,Social/Behavioral autism,A18,1,0.979,3,SocialBehavioralAutism searches memory for a matching social rule
SocialBehavioralAutism_4_161,SB,Social/Behavioral autism,A18,0,0.953,4,SocialBehavioralAutism cannot respond until an exact rule match is found
SocialBehavioralAutism_3_71,SB,Social/Behavioral autism,A16,0,0.9962,3,SocialBehavioralAutism delays its social response beyond the triggering moment
SocialBehavioralAutism_4_144,SB,Social/Behavioral autism,A16,1,0.9938,4,SocialBehavioralAutism responds to the mockery after the group has moved on
SocialBehavioralAutism_5_266,SB,Social/Behavioral autism,A24,1,0.9966,5,SocialBehavioralAutism's delayed response fails as usable feedback
SocialBehavioralAutism_5_267,SB,Social/Behavioral autism,A18,1,0.9827,5,SocialBehavioralAutism applies a retrieved rule to an absent context
SocialBehavioralAutism_5_268,SB,Social/Behavioral autism,A20,0,0.9963,5,SocialBehavioralAutism registers unresolved prediction error from the incident
SocialBehavioralAutism_4_145,SB,Social/Behavioral autism,A18,1,0.9858,4,SocialBehavioralAutism must match the situation to a stored explicit rule
SocialBehavioralAutism_4_146,SB,Social/Behavioral autism,A22,1,0.9592,4,SocialBehavioralAutism may fail to apply a prior rule to this context
SocialBehavioralAutism_5_293,SB,Social/Behavioral autism,A22,1,0.9959,5,SocialBehavioralAutism cannot re-anchor the rule without explicit instruction
SocialBehavioralAutism_5_294,SB,Social/Behavioral autism,A18,0,0.9538,5,SocialBehavioralAutism must consciously retrieve a matching database entry
SocialBehavioralAutism_5_296,SB,Social/Behavioral autism,A21,1,0.9913,5,SocialBehavioralAutism risks framing this failure as shameful
SocialBehavioralAutism_1_4,SB,Social/Behavioral autism,A16,1,0.9974,1,SocialBehavioralAutism's emotional response occurs after a delay
SocialBehavioralAutism_2_19,SB,Social/Behavioral autism,A16,1,0.9969,2,SocialBehavioralAutism shows no visible reaction at the moment of mocking
SocialBehavioralAutism_3_62,SB,Social/Behavioral autism,A15,1,0.9982,3,SocialBehavioralAutism must infer the mocking's meaning behaviorally
SocialBehavioralAutism_4_111,SB,Social/Behavioral autism,A17,1,0.994,4,SocialBehavioralAutism does not automatically decode the mocking tone
SocialBehavioralAutism_5_205,SB,Social/Behavioral autism,A18,0,0.9946,5,SocialBehavioralAutism searches explicit rules for social conflict
SocialBehavioralAutism_5_206,SB,Social/Behavioral autism,A17,1,0.9862,5,SocialBehavioralAutism first interprets the words literally
SocialBehavioralAutism_3_63,SB,Social/Behavioral autism,A17,1,0.9953,3,SocialBehavioralAutism may not decode the mockery's intent
SocialBehavioralAutism_3_64,SB,Social/Behavioral autism,A14,1,0.9952,3,SocialBehavioralAutism cannot label its current internal state
SocialBehavioralAutism_4_168,SB,Social/Behavioral autism,A16,1,0.9924,4,SocialBehavioralAutism will produce an emotional response later
SocialBehavioralAutism_2_20,SB,Social/Behavioral autism,A15,1,0.9938,2,SocialBehavioralAutism must infer the classmate's intent analytically
SocialBehavioralAutism_3_73,SB,Social/Behavioral autism,A18,0,0.9935,3,SocialBehavioralAutism must retrieve a stored social rule
SocialBehavioralAutism_4_148,SB,Social/Behavioral autism,A18,1,0.9924,4,SocialBehavioralAutism engages in conscious effortful rule matching
SocialBehavioralAutism_3_74,SB,Social/Behavioral autism,A23,1,0.9969,3,SocialBehavioralAutism may fail to detect the implicit insult
SocialBehavioralAutism_4_128,SB,Social/Behavioral autism,A23,1,0.9926,4,SocialBehavioralAutism continues interacting as if no violation occurred
SocialBehavioralAutism_4_129,SB,Social/Behavioral autism,A18,1,0.9936,4,SocialBehavioralAutism finds no matching pragmatic rule entry
SocialBehavioralAutism_4_130,SB,Social/Behavioral autism,A24,0,0.976,4,SocialBehavioralAutism receives no specific causal feedback to process
SocialBehavioralAutism_5_273,SB,Social/Behavioral autism,A24,1,0.9936,5,SocialBehavioralAutism does not update its behavior from this incident
SocialBehavioralAutism_5_275,SB,Social/Behavioral autism,A18,1,0.995,5,SocialBehavioralAutism cannot match this event to a stored rule
SocialBehavioralAutism_4_131,SB,Social/Behavioral autism,A14,1,0.9941,4,SocialBehavioralAutism registers physiological arousal without identifying its cause
SocialBehavioralAutism_5_288,SB,Social/Behavioral autism,A21,1,0.9966,5,SocialBehavioralAutism blocks learning if arousal framed as shame
SocialBehavioralAutism_2_21,SB,Social/Behavioral autism,A14,1,0.9982,2,SocialBehavioralAutism cannot name the arousal it is experiencing
SocialBehavioralAutism_3_79,SB,Social/Behavioral autism,A16,1,0.9977,3,SocialBehavioralAutism's reaction to the mockery is further delayed
SocialBehavioralAutism_4_156,SB,Social/Behavioral autism,A16,1,0.9975,4,SocialBehavioralAutism's response emerges after the social moment has passed
SocialBehavioralAutism_4_157,SB,Social/Behavioral autism,A18,1,0.9965,4,SocialBehavioralAutism must consciously retrieve a rule for mockery
SocialBehavioralAutism_5_261,SB,Social/Behavioral autism,A23,1,0.9818,5,SocialBehavioralAutism fails to respond if no explicit rule exists
SocialBehavioralAutism_3_80,SB,Social/Behavioral autism,A18,1,0.9948,3,SocialBehavioralAutism cannot intuitively retrieve a response rule
SocialBehavioralAutism_4_179,SB,Social/Behavioral autism,A18,0,0.461,4,SocialBehavioralAutism must consciously search stored explicit rules
SocialBehavioralAutism_4_180,SB,Social/Behavioral autism,A23,1,0.9975,4,SocialBehavioralAutism fails to detect the implicit social expectation
SocialBehavioralAutism_4_181,SB,Social/Behavioral autism,A15,0,0.9924,4,SocialBehavioralAutism treats the mockery as data requiring analysis
SocialBehavioralAutism_2_22,SB,Social/Behavioral autism,A16,0,0.9952,2,SocialBehavioralAutism's reaction will surface at a later time
SocialBehavioralAutism_3_76,SB,Social/Behavioral autism,A16,1,0.997,3,SocialBehavioralAutism's reaction is decoupled from the mocking event
SocialBehavioralAutism_4_135,SB,Social/Behavioral autism,A24,1,0.9965,4,SocialBehavioralAutism cannot use the mocking event as feedback
SocialBehavioralAutism_5_245,SB,Social/Behavioral autism,A24,1,0.9948,5,SocialBehavioralAutism's behavior remains unchanged by the mocking event
SocialBehavioralAutism_5_246,SB,Social/Behavioral autism,A18,1,0.9975,5,SocialBehavioralAutism does not update its social rule database
SocialBehavioralAutism_5_247,SB,Social/Behavioral autism,A22,1,0.9979,5,SocialBehavioralAutism cannot generalize this event to future contexts
SocialBehavioralAutism_4_136,SB,Social/Behavioral autism,A16,1,0.9981,4,SocialBehavioralAutism's delayed reaction appears unlinked to mockery
SocialBehavioralAutism_5_257,SB,Social/Behavioral autism,A24,1,0.9965,5,SocialBehavioralAutism receives no causally linked feedback for mockery
SocialBehavioralAutism_1_5,SB,Social/Behavioral autism,A18,1,0.9969,1,SocialBehavioralAutism cannot automatically detect the implicit social insult
SocialBehavioralAutism_2_15,SB,Social/Behavioral autism,A15,1,0.9904,2,SocialBehavioralAutism processes the mockery as raw behavioral data
SocialBehavioralAutism_3_49,SB,Social/Behavioral autism,A15,1,0.9901,3,SocialBehavioralAutism must run explicit inferential analysis on the behavior
SocialBehavioralAutism_4_121,SB,Social/Behavioral autism,A18,1,0.9932,4,SocialBehavioralAutism retrieves stored social rule entries
SocialBehavioralAutism_5_279,SB,Social/Behavioral autism,A18,1,0.9941,5,SocialBehavioralAutism attempts to match behavior against stored rules
SocialBehavioralAutism_5_280,SB,Social/Behavioral autism,A23,1,0.9969,5,SocialBehavioralAutism cannot classify the mockery without an explicit rule
SocialBehavioralAutism_3_52,SB,Social/Behavioral autism,A18,1,0.9952,3,SocialBehavioralAutism searches stored rules for matching social scripts
SocialBehavioralAutism_4_176,SB,Social/Behavioral autism,A22,0,0.9942,4,SocialBehavioralAutism fails to find a matching prior rule
SocialBehavioralAutism_4_177,SB,Social/Behavioral autism,A23,1,0.9964,4,SocialBehavioralAutism cannot detect the implicit unspoken norm
SocialBehavioralAutism_2_16,SB,Social/Behavioral autism,A17,1,0.9978,2,SocialBehavioralAutism interprets the classmate's words literally
SocialBehavioralAutism_3_57,SB,Social/Behavioral autism,A17,1,0.9947,3,SocialBehavioralAutism does not register that an insult occurred
SocialBehavioralAutism_4_151,SB,Social/Behavioral autism,A18,1,0.9974,4,SocialBehavioralAutism does not retrieve any social rule response
SocialBehavioralAutism_4_152,SB,Social/Behavioral autism,A19,1,0.9945,4,SocialBehavioralAutism continues its current routine unaffected
SocialBehavioralAutism_4_154,SB,Social/Behavioral autism,A14,1,0.9945,4,SocialBehavioralAutism registers arousal without labeling it as insult
SocialBehavioralAutism_3_59,SB,Social/Behavioral autism,A14,1,0.9979,3,SocialBehavioralAutism cannot label the emotional state triggered
SocialBehavioralAutism_4_142,SB,Social/Behavioral autism,A14,1,0.9965,4,SocialBehavioralAutism experiences unlabeled physiological arousal after the mockery
SocialBehavioralAutism_5_264,SB,Social/Behavioral autism,A18,1,0.9948,5,SocialBehavioralAutism cannot automatically retrieve a social response rule
SocialBehavioralAutism_4_143,SB,Social/Behavioral autism,A18,1,0.9958,4,SocialBehavioralAutism cannot retrieve a matching social rule for this insult
SocialBehavioralAutism_3_60,SB,Social/Behavioral autism,A16,1,0.9979,3,SocialBehavioralAutism delays its emotional response to the event
SocialBehavioralAutism_4_132,SB,Social/Behavioral autism,A16,1,0.9978,4,"SocialBehavioralAutism exhibits emotional reaction at a later, disconnected moment"
SocialBehavioralAutism_5_254,SB,Social/Behavioral autism,A24,1,0.9973,5,SocialBehavioralAutism cannot use the delayed reaction as learning feedback
SocialBehavioralAutism_2_18,SB,Social/Behavioral autism,A18,1,0.9936,2,SocialBehavioralAutism must consciously retrieve a matching social rule
SocialBehavioralAutism_3_65,SB,Social/Behavioral autism,A18,0,0.96,3,SocialBehavioralAutism searches its explicit rule database for a match
SocialBehavioralAutism_4_183,SB,Social/Behavioral autism,A23,1,0.9978,4,SocialBehavioralAutism finds no explicit rule for implicit mockery
SocialBehavioralAutism_4_185,SB,Social/Behavioral autism,A18,1,0.997,4,SocialBehavioralAutism cannot retrieve an intuitive matching response
SocialBehavioralAutism_3_66,SB,Social/Behavioral autism,A22,1,0.9892,3,SocialBehavioralAutism fails to retrieve a rule for this novel context
SocialBehavioralAutism_4_162,SB,Social/Behavioral autism,A20,1,0.9972,4,SocialBehavioralAutism generates disproportionate prediction error signal
