nodo_a_id,actor_a,nodo_b_id,actor_b,similitud_sbert
NeurotypicalCognition_3_30,NT,SocialBehavioralAutism_2_6,SB,0.924
NeurotypicalCognition_3_42,NT,SocialBehavioralAutism_4_148,SB,0.9742
NeurotypicalCognition_4_150,NT,SocialBehavioralAutism_4_152,SB,0.55
NeurotypicalCognition_4_153,NT,SocialBehavioralAutism_2_6,SB,0.9496
NeurotypicalCognition_5_267,NT,SocialBehavioralAutism_3_33,SB,0.7395
NeurotypicalCognition_5_267,NT,SocialBehavioralAutism_3_52,SB,0.5587
NeurotypicalCognition_6_300,NT,SocialBehavioralAutism_3_33,SB,0.6455
NeurotypicalCognition_6_300,NT,SocialBehavioralAutism_3_52,SB,0.653
NeurotypicalCognition_6_300,NT,SocialBehavioralAutism_4_121,SB,0.9639
NeurotypicalCognition_6_306,NT,SocialBehavioralAutism_5_267,SB,0.6744
NeurotypicalCognition_5_307,NT,SocialBehavioralAutism_4_148,SB,0.8927
NeurotypicalCognition_5_308,NT,SocialBehavioralAutism_4_121,SB,0.6201
NeurotypicalCognition_3_30,NT,MixedASDwithDelay_0_0,MX,0.6255
NeurotypicalCognition_3_41,NT,MixedASDwithDelay_1_5,MX,0.9791
NeurotypicalCognition_3_49,NT,MixedASDwithDelay_0_0,MX,0.6833
NeurotypicalCognition_4_87,NT,MixedASDwithDelay_0_0,MX,0.5607
NeurotypicalCognition_4_114,NT,MixedASDwithDelay_0_0,MX,0.6803
NeurotypicalCognition_4_150,NT,MixedASDwithDelay_5_194,MX,0.6083
NeurotypicalCognition_5_178,NT,MixedASDwithDelay_0_0,MX,0.7016
NeurotypicalCognition_5_222,NT,MixedASDwithDelay_6_284,MX,0.9787
NeurotypicalCognition_6_305,NT,MixedASDwithDelay_6_284,MX,0.5957
NeurotypicalCognition_2_25,NT,ModerateAutism_6_258,MO,0.9224
NeurotypicalCognition_3_42,NT,ModerateAutism_2_11,MO,0.8024
NeurotypicalCognition_4_141,NT,ModerateAutism_5_150,MO,0.9276
NeurotypicalCognition_5_158,NT,ModerateAutism_4_97,MO,0.7037
NeurotypicalCognition_5_176,NT,ModerateAutism_1_3,MO,0.6051
NeurotypicalCognition_5_222,NT,ModerateAutism_6_258,MO,0.6944
NeurotypicalCognition_5_259,NT,ModerateAutism_3_41,MO,0.9932
NeurotypicalCognition_5_259,NT,ModerateAutism_4_98,MO,0.987
NeurotypicalCognition_5_259,NT,ModerateAutism_5_202,MO,0.9801
NeurotypicalCognition_5_262,NT,ModerateAutism_5_202,MO,0.5625
NeurotypicalCognition_6_314,NT,ModerateAutism_6_258,MO,0.6693
NeurotypicalCognition_1_3,NT,BroadlyAffectedAutism_0_0,BR,0.5517
NeurotypicalCognition_1_3,NT,BroadlyAffectedAutism_2_27,BR,0.571
NeurotypicalCognition_1_3,NT,BroadlyAffectedAutism_3_87,BR,0.6041
NeurotypicalCognition_2_9,NT,BroadlyAffectedAutism_4_110,BR,0.5809
NeurotypicalCognition_3_41,NT,BroadlyAffectedAutism_5_230,BR,0.7649
NeurotypicalCognition_3_59,NT,BroadlyAffectedAutism_3_43,BR,0.878
NeurotypicalCognition_3_59,NT,BroadlyAffectedAutism_5_222,BR,0.5811
NeurotypicalCognition_3_61,NT,BroadlyAffectedAutism_5_230,BR,0.9549
NeurotypicalCognition_4_98,NT,BroadlyAffectedAutism_5_222,BR,0.9355
NeurotypicalCognition_4_107,NT,BroadlyAffectedAutism_5_222,BR,0.9693
NeurotypicalCognition_4_114,NT,BroadlyAffectedAutism_0_0,BR,0.6417
NeurotypicalCognition_4_118,NT,BroadlyAffectedAutism_5_230,BR,0.7869
NeurotypicalCognition_4_150,NT,BroadlyAffectedAutism_3_82,BR,0.669
NeurotypicalCognition_5_164,NT,BroadlyAffectedAutism_3_43,BR,0.9929
NeurotypicalCognition_5_178,NT,BroadlyAffectedAutism_4_110,BR,0.9517
NeurotypicalCognition_5_212,NT,BroadlyAffectedAutism_5_222,BR,0.9634
NeurotypicalCognition_5_259,NT,BroadlyAffectedAutism_5_254,BR,0.9647
NeurotypicalCognition_5_267,NT,BroadlyAffectedAutism_3_31,BR,0.775
NeurotypicalCognition_5_267,NT,BroadlyAffectedAutism_3_43,BR,0.8423
NeurotypicalCognition_5_267,NT,BroadlyAffectedAutism_5_222,BR,0.8756
NeurotypicalCognition_6_300,NT,BroadlyAffectedAutism_5_222,BR,0.8734
NeurotypicalCognition_6_313,NT,BroadlyAffectedAutism_5_222,BR,0.7666
SocialBehavioralAutism_1_1,SB,MixedASDwithDelay_1_1,MX,0.8271
SocialBehavioralAutism_1_2,SB,MixedASDwithDelay_6_231,MX,0.9954
SocialBehavioralAutism_1_5,SB,MixedASDwithDelay_1_1,MX,0.9893
SocialBehavioralAutism_1_5,SB,MixedASDwithDelay_2_12,MX,0.9743
SocialBehavioralAutism_1_5,SB,MixedASDwithDelay_3_33,MX,0.9511
SocialBehavioralAutism_1_5,SB,MixedASDwithDelay_3_34,MX,0.9754
SocialBehavioralAutism_1_5,SB,MixedASDwithDelay_4_62,MX,0.9513
SocialBehavioralAutism_1_5,SB,MixedASDwithDelay_4_72,MX,0.993
SocialBehavioralAutism_1_5,SB,MixedASDwithDelay_4_77,MX,0.5921
SocialBehavioralAutism_1_5,SB,MixedASDwithDelay_4_104,MX,0.9339
SocialBehavioralAutism_1_5,SB,MixedASDwithDelay_5_133,MX,0.8248
SocialBehavioralAutism_1_5,SB,MixedASDwithDelay_5_159,MX,0.8955
SocialBehavioralAutism_1_5,SB,MixedASDwithDelay_5_160,MX,0.9105
SocialBehavioralAutism_1_5,SB,MixedASDwithDelay_5_170,MX,0.5595
SocialBehavioralAutism_1_5,SB,MixedASDwithDelay_5_179,MX,0.9719
SocialBehavioralAutism_1_5,SB,MixedASDwithDelay_5_182,MX,0.9908
SocialBehavioralAutism_1_5,SB,MixedASDwithDelay_5_203,MX,0.9669
SocialBehavioralAutism_1_5,SB,MixedASDwithDelay_5_205,MX,0.9906
SocialBehavioralAutism_1_5,SB,MixedASDwithDelay_5_216,MX,0.9593
SocialBehavioralAutism_1_5,SB,MixedASDwithDelay_5_226,MX,0.9718
SocialBehavioralAutism_1_5,SB,MixedASDwithDelay_6_314,MX,0.9411
SocialBehavioralAutism_2_9,SB,MixedASDwithDelay_5_158,MX,0.6351
SocialBehavioralAutism_2_11,SB,MixedASDwithDelay_1_1,MX,0.9916
SocialBehavioralAutism_2_11,SB,MixedASDwithDelay_2_12,MX,0.9874
SocialBehavioralAutism_2_11,SB,MixedASDwithDelay_3_32,MX,0.9808
SocialBehavioralAutism_2_11,SB,MixedASDwithDelay_3_33,MX,0.9579
SocialBehavioralAutism_2_11,SB,MixedASDwithDelay_4_72,MX,0.9834
SocialBehavioralAutism_2_11,SB,MixedASDwithDelay_4_77,MX,0.8924
SocialBehavioralAutism_2_11,SB,MixedASDwithDelay_4_113,MX,0.7689
SocialBehavioralAutism_2_11,SB,MixedASDwithDelay_5_159,MX,0.9882
SocialBehavioralAutism_2_11,SB,MixedASDwithDelay_5_182,MX,0.5718
SocialBehavioralAutism_2_11,SB,MixedASDwithDelay_5_216,MX,0.9814
SocialBehavioralAutism_2_11,SB,MixedASDwithDelay_6_232,MX,0.981
SocialBehavioralAutism_2_12,SB,MixedASDwithDelay_3_35,MX,0.683
SocialBehavioralAutism_2_12,SB,MixedASDwithDelay_5_144,MX,0.9914
SocialBehavioralAutism_2_12,SB,MixedASDwithDelay_5_181,MX,0.9664
SocialBehavioralAutism_2_12,SB,MixedASDwithDelay_6_233,MX,0.9753
SocialBehavioralAutism_2_16,SB,MixedASDwithDelay_3_29,MX,0.9972
SocialBehavioralAutism_2_16,SB,MixedASDwithDelay_4_75,MX,0.9935
SocialBehavioralAutism_2_18,SB,MixedASDwithDelay_3_50,MX,0.7881
SocialBehavioralAutism_2_19,SB,MixedASDwithDelay_5_158,MX,0.6515
SocialBehavioralAutism_2_26,SB,MixedASDwithDelay_5_140,MX,0.6958
SocialBehavioralAutism_2_26,SB,MixedASDwithDelay_6_281,MX,0.9287
SocialBehavioralAutism_2_26,SB,MixedASDwithDelay_6_291,MX,0.6995
SocialBehavioralAutism_3_27,SB,MixedASDwithDelay_4_61,MX,0.9821
SocialBehavioralAutism_3_29,SB,MixedASDwithDelay_1_1,MX,0.6973
SocialBehavioralAutism_3_29,SB,MixedASDwithDelay_3_33,MX,0.9215
SocialBehavioralAutism_3_29,SB,MixedASDwithDelay_3_60,MX,0.9894
SocialBehavioralAutism_3_29,SB,MixedASDwithDelay_4_110,MX,0.9669
SocialBehavioralAutism_3_29,SB,MixedASDwithDelay_4_113,MX,0.9286
SocialBehavioralAutism_3_29,SB,MixedASDwithDelay_5_159,MX,0.5928
SocialBehavioralAutism_3_29,SB,MixedASDwithDelay_6_304,MX,0.5837
SocialBehavioralAutism_3_29,SB,MixedASDwithDelay_6_314,MX,0.6014
SocialBehavioralAutism_3_34,SB,MixedASDwithDelay_4_104,MX,0.8816
SocialBehavioralAutism_3_34,SB,MixedASDwithDelay_5_158,MX,0.9131
SocialBehavioralAutism_3_34,SB,MixedASDwithDelay_6_304,MX,0.6863
SocialBehavioralAutism_3_34,SB,MixedASDwithDelay_6_314,MX,0.5768
SocialBehavioralAutism_3_35,SB,MixedASDwithDelay_4_64,MX,0.9538
SocialBehavioralAutism_3_35,SB,MixedASDwithDelay_6_260,MX,0.9908
SocialBehavioralAutism_3_39,SB,MixedASDwithDelay_2_12,MX,0.9896
SocialBehavioralAutism_3_39,SB,MixedASDwithDelay_4_64,MX,0.9714
SocialBehavioralAutism_3_39,SB,MixedASDwithDelay_4_68,MX,0.9604
SocialBehavioralAutism_3_39,SB,MixedASDwithDelay_5_137,MX,0.7561
SocialBehavioralAutism_3_39,SB,MixedASDwithDelay_5_144,MX,0.5899
SocialBehavioralAutism_3_39,SB,MixedASDwithDelay_5_155,MX,0.8994
SocialBehavioralAutism_3_39,SB,MixedASDwithDelay_5_158,MX,0.6905
SocialBehavioralAutism_3_39,SB,MixedASDwithDelay_5_182,MX,0.9219
SocialBehavioralAutism_3_39,SB,MixedASDwithDelay_6_232,MX,0.6083
SocialBehavioralAutism_3_39,SB,MixedASDwithDelay_6_260,MX,0.9843
SocialBehavioralAutism_3_57,SB,MixedASDwithDelay_1_1,MX,0.6714
SocialBehavioralAutism_3_57,SB,MixedASDwithDelay_2_12,MX,0.982
SocialBehavioralAutism_3_57,SB,MixedASDwithDelay_3_31,MX,0.9814
SocialBehavioralAutism_3_57,SB,MixedASDwithDelay_3_32,MX,0.9693
SocialBehavioralAutism_3_57,SB,MixedASDwithDelay_4_110,MX,0.6106
SocialBehavioralAutism_3_57,SB,MixedASDwithDelay_5_159,MX,0.9856
SocialBehavioralAutism_3_57,SB,MixedASDwithDelay_6_289,MX,0.9
SocialBehavioralAutism_3_63,SB,MixedASDwithDelay_3_33,MX,0.9465
SocialBehavioralAutism_3_66,SB,MixedASDwithDelay_4_87,MX,0.974
SocialBehavioralAutism_3_66,SB,MixedASDwithDelay_5_149,MX,0.9175
SocialBehavioralAutism_3_66,SB,MixedASDwithDelay_5_193,MX,0.6167
SocialBehavioralAutism_3_74,SB,MixedASDwithDelay_1_1,MX,0.9723
SocialBehavioralAutism_3_76,SB,MixedASDwithDelay_1_1,MX,0.7177
SocialBehavioralAutism_3_76,SB,MixedASDwithDelay_3_60,MX,0.9914
SocialBehavioralAutism_3_79,SB,MixedASDwithDelay_4_61,MX,0.9921
SocialBehavioralAutism_3_80,SB,MixedASDwithDelay_3_56,MX,0.9948
SocialBehavioralAutism_4_85,SB,MixedASDwithDelay_1_5,MX,0.6987
SocialBehavioralAutism_4_85,SB,MixedASDwithDelay_3_57,MX,0.9942
SocialBehavioralAutism_4_85,SB,MixedASDwithDelay_4_61,MX,0.7668
SocialBehavioralAutism_4_85,SB,MixedASDwithDelay_4_77,MX,0.8064
SocialBehavioralAutism_4_85,SB,MixedASDwithDelay_4_104,MX,0.9913
SocialBehavioralAutism_4_85,SB,MixedASDwithDelay_4_108,MX,0.9308
SocialBehavioralAutism_4_85,SB,MixedASDwithDelay_4_110,MX,0.9979
SocialBehavioralAutism_4_85,SB,MixedASDwithDelay_4_113,MX,0.8108
SocialBehavioralAutism_4_85,SB,MixedASDwithDelay_5_139,MX,0.939
SocialBehavioralAutism_4_85,SB,MixedASDwithDelay_5_158,MX,0.9804
SocialBehavioralAutism_4_85,SB,MixedASDwithDelay_6_266,MX,0.9603
SocialBehavioralAutism_4_85,SB,MixedASDwithDelay_6_279,MX,0.6739
SocialBehavioralAutism_4_85,SB,MixedASDwithDelay_6_289,MX,0.9725
SocialBehavioralAutism_4_86,SB,MixedASDwithDelay_3_53,MX,0.961
SocialBehavioralAutism_4_86,SB,MixedASDwithDelay_3_54,MX,0.9956
SocialBehavioralAutism_4_86,SB,MixedASDwithDelay_3_56,MX,0.9733
SocialBehavioralAutism_4_86,SB,MixedASDwithDelay_4_96,MX,0.8532
SocialBehavioralAutism_4_86,SB,MixedASDwithDelay_4_109,MX,0.8542
SocialBehavioralAutism_4_86,SB,MixedASDwithDelay_5_170,MX,0.7387
SocialBehavioralAutism_4_86,SB,MixedASDwithDelay_5_203,MX,0.9754
SocialBehavioralAutism_4_86,SB,MixedASDwithDelay_5_229,MX,0.9963
SocialBehavioralAutism_4_86,SB,MixedASDwithDelay_6_247,MX,0.7798
SocialBehavioralAutism_4_86,SB,MixedASDwithDelay_6_255,MX,0.5586
SocialBehavioralAutism_4_89,SB,MixedASDwithDelay_3_32,MX,0.6461
SocialBehavioralAutism_4_89,SB,MixedASDwithDelay_6_232,MX,0.9817
SocialBehavioralAutism_4_91,SB,MixedASDwithDelay_3_40,MX,0.567
SocialBehavioralAutism_4_96,SB,MixedASDwithDelay_2_11,MX,0.8271
SocialBehavioralAutism_4_96,SB,MixedASDwithDelay_5_144,MX,0.9649
SocialBehavioralAutism_4_96,SB,MixedASDwithDelay_5_181,MX,0.9745
SocialBehavioralAutism_4_97,SB,MixedASDwithDelay_1_4,MX,0.9819
SocialBehavioralAutism_4_98,SB,MixedASDwithDelay_1_1,MX,0.9813
SocialBehavioralAutism_4_98,SB,MixedASDwithDelay_2_12,MX,0.989
SocialBehavioralAutism_4_98,SB,MixedASDwithDelay_3_33,MX,0.9852
SocialBehavioralAutism_4_98,SB,MixedASDwithDelay_4_72,MX,0.9926
SocialBehavioralAutism_4_98,SB,MixedASDwithDelay_4_77,MX,0.7824
SocialBehavioralAutism_4_98,SB,MixedASDwithDelay_4_108,MX,0.7651
SocialBehavioralAutism_4_98,SB,MixedASDwithDelay_5_139,MX,0.7493
SocialBehavioralAutism_4_98,SB,MixedASDwithDelay_5_158,MX,0.9371
SocialBehavioralAutism_4_98,SB,MixedASDwithDelay_5_182,MX,0.8811
SocialBehavioralAutism_4_98,SB,MixedASDwithDelay_5_205,MX,0.9554
SocialBehavioralAutism_4_98,SB,MixedASDwithDelay_5_216,MX,0.9937
SocialBehavioralAutism_4_98,SB,MixedASDwithDelay_6_266,MX,0.9831
SocialBehavioralAutism_4_101,SB,MixedASDwithDelay_1_5,MX,0.6364
SocialBehavioralAutism_4_101,SB,MixedASDwithDelay_2_20,MX,0.9765
SocialBehavioralAutism_4_101,SB,MixedASDwithDelay_5_179,MX,0.9728
SocialBehavioralAutism_4_101,SB,MixedASDwithDelay_6_264,MX,0.9639
SocialBehavioralAutism_4_105,SB,MixedASDwithDelay_3_33,MX,0.9877
SocialBehavioralAutism_4_105,SB,MixedASDwithDelay_4_72,MX,0.9943
SocialBehavioralAutism_4_105,SB,MixedASDwithDelay_4_77,MX,0.9495
SocialBehavioralAutism_4_105,SB,MixedASDwithDelay_4_109,MX,0.6777
SocialBehavioralAutism_4_105,SB,MixedASDwithDelay_5_170,MX,0.9848
SocialBehavioralAutism_4_105,SB,MixedASDwithDelay_5_205,MX,0.5706
SocialBehavioralAutism_4_107,SB,MixedASDwithDelay_3_56,MX,0.8117
SocialBehavioralAutism_4_111,SB,MixedASDwithDelay_2_12,MX,0.9843
SocialBehavioralAutism_4_111,SB,MixedASDwithDelay_3_32,MX,0.9759
SocialBehavioralAutism_4_111,SB,MixedASDwithDelay_3_33,MX,0.9366
SocialBehavioralAutism_4_111,SB,MixedASDwithDelay_4_61,MX,0.9791
SocialBehavioralAutism_4_111,SB,MixedASDwithDelay_4_72,MX,0.9803
SocialBehavioralAutism_4_111,SB,MixedASDwithDelay_4_104,MX,0.8264
SocialBehavioralAutism_4_111,SB,MixedASDwithDelay_5_133,MX,0.976
SocialBehavioralAutism_4_111,SB,MixedASDwithDelay_5_139,MX,0.8663
SocialBehavioralAutism_4_111,SB,MixedASDwithDelay_5_159,MX,0.9248
SocialBehavioralAutism_4_111,SB,MixedASDwithDelay_5_182,MX,0.9767
SocialBehavioralAutism_4_111,SB,MixedASDwithDelay_5_216,MX,0.9769
SocialBehavioralAutism_4_116,SB,MixedASDwithDelay_1_1,MX,0.6703
SocialBehavioralAutism_4_116,SB,MixedASDwithDelay_3_33,MX,0.8459
SocialBehavioralAutism_4_116,SB,MixedASDwithDelay_3_57,MX,0.7483
SocialBehavioralAutism_4_116,SB,MixedASDwithDelay_6_272,MX,0.9736
SocialBehavioralAutism_4_117,SB,MixedASDwithDelay_1_1,MX,0.973
SocialBehavioralAutism_4_117,SB,MixedASDwithDelay_2_12,MX,0.9944
SocialBehavioralAutism_4_117,SB,MixedASDwithDelay_3_33,MX,0.9626
SocialBehavioralAutism_4_117,SB,MixedASDwithDelay_3_60,MX,0.9454
SocialBehavioralAutism_4_117,SB,MixedASDwithDelay_5_134,MX,0.7414
SocialBehavioralAutism_4_117,SB,MixedASDwithDelay_5_182,MX,0.9415
SocialBehavioralAutism_4_117,SB,MixedASDwithDelay_5_205,MX,0.9406
SocialBehavioralAutism_4_117,SB,MixedASDwithDelay_5_216,MX,0.9918
SocialBehavioralAutism_4_117,SB,MixedASDwithDelay_6_260,MX,0.6193
SocialBehavioralAutism_4_117,SB,MixedASDwithDelay_6_266,MX,0.7504
SocialBehavioralAutism_4_118,SB,MixedASDwithDelay_4_87,MX,0.9949
SocialBehavioralAutism_4_118,SB,MixedASDwithDelay_5_149,MX,0.9902
SocialBehavioralAutism_4_129,SB,MixedASDwithDelay_5_193,MX,0.9172
SocialBehavioralAutism_4_129,SB,MixedASDwithDelay_5_229,MX,0.867
SocialBehavioralAutism_4_135,SB,MixedASDwithDelay_1_1,MX,0.6118
SocialBehavioralAutism_4_135,SB,MixedASDwithDelay_2_6,MX,0.995
SocialBehavioralAutism_4_135,SB,MixedASDwithDelay_3_33,MX,0.5977
SocialBehavioralAutism_4_135,SB,MixedASDwithDelay_3_57,MX,0.5803
SocialBehavioralAutism_4_135,SB,MixedASDwithDelay_3_60,MX,0.9839
SocialBehavioralAutism_4_135,SB,MixedASDwithDelay_4_104,MX,0.9905
SocialBehavioralAutism_4_135,SB,MixedASDwithDelay_4_108,MX,0.985
SocialBehavioralAutism_4_135,SB,MixedASDwithDelay_4_110,MX,0.962
SocialBehavioralAutism_4_135,SB,MixedASDwithDelay_4_113,MX,0.9388
SocialBehavioralAutism_4_135,SB,MixedASDwithDelay_5_139,MX,0.9815
SocialBehavioralAutism_4_135,SB,MixedASDwithDelay_5_159,MX,0.8887
SocialBehavioralAutism_4_135,SB,MixedASDwithDelay_5_160,MX,0.5647
SocialBehavioralAutism_4_135,SB,MixedASDwithDelay_5_182,MX,0.9913
SocialBehavioralAutism_4_135,SB,MixedASDwithDelay_5_205,MX,0.6279
SocialBehavioralAutism_4_135,SB,MixedASDwithDelay_6_266,MX,0.9483
SocialBehavioralAutism_4_135,SB,MixedASDwithDelay_6_289,MX,0.9106
SocialBehavioralAutism_4_135,SB,MixedASDwithDelay_6_314,MX,0.8719
SocialBehavioralAutism_4_136,SB,MixedASDwithDelay_5_137,MX,0.7913
SocialBehavioralAutism_4_138,SB,MixedASDwithDelay_4_77,MX,0.691
SocialBehavioralAutism_4_138,SB,MixedASDwithDelay_5_129,MX,0.9326
SocialBehavioralAutism_4_138,SB,MixedASDwithDelay_5_155,MX,0.9322
SocialBehavioralAutism_4_138,SB,MixedASDwithDelay_5_158,MX,0.9672
SocialBehavioralAutism_4_138,SB,MixedASDwithDelay_5_200,MX,0.9953
SocialBehavioralAutism_4_138,SB,MixedASDwithDelay_6_270,MX,0.9784
SocialBehavioralAutism_4_138,SB,MixedASDwithDelay_6_289,MX,0.7762
SocialBehavioralAutism_4_140,SB,MixedASDwithDelay_4_87,MX,0.9877
SocialBehavioralAutism_4_140,SB,MixedASDwithDelay_5_149,MX,0.9891
SocialBehavioralAutism_4_140,SB,MixedASDwithDelay_6_310,MX,0.9239
SocialBehavioralAutism_4_142,SB,MixedASDwithDelay_4_108,MX,0.6085
SocialBehavioralAutism_4_143,SB,MixedASDwithDelay_3_33,MX,0.981
SocialBehavioralAutism_4_143,SB,MixedASDwithDelay_3_57,MX,0.9891
SocialBehavioralAutism_4_143,SB,MixedASDwithDelay_4_77,MX,0.8085
SocialBehavioralAutism_4_143,SB,MixedASDwithDelay_4_104,MX,0.6163
SocialBehavioralAutism_4_143,SB,MixedASDwithDelay_4_108,MX,0.9692
SocialBehavioralAutism_4_143,SB,MixedASDwithDelay_4_113,MX,0.9827
SocialBehavioralAutism_4_143,SB,MixedASDwithDelay_5_129,MX,0.6536
SocialBehavioralAutism_4_143,SB,MixedASDwithDelay_5_137,MX,0.5578
SocialBehavioralAutism_4_143,SB,MixedASDwithDelay_5_139,MX,0.7029
SocialBehavioralAutism_4_143,SB,MixedASDwithDelay_5_158,MX,0.9878
SocialBehavioralAutism_4_143,SB,MixedASDwithDelay_5_179,MX,0.9666
SocialBehavioralAutism_4_143,SB,MixedASDwithDelay_5_182,MX,0.9918
SocialBehavioralAutism_4_143,SB,MixedASDwithDelay_5_190,MX,0.8
SocialBehavioralAutism_4_143,SB,MixedASDwithDelay_5_205,MX,0.9932
SocialBehavioralAutism_4_143,SB,MixedASDwithDelay_6_266,MX,0.9889
SocialBehavioralAutism_4_143,SB,MixedASDwithDelay_6_289,MX,0.6776
SocialBehavioralAutism_4_143,SB,MixedASDwithDelay_6_314,MX,0.5828
SocialBehavioralAutism_4_148,SB,MixedASDwithDelay_1_2,MX,0.6047
SocialBehavioralAutism_4_151,SB,MixedASDwithDelay_4_82,MX,0.9872
SocialBehavioralAutism_4_151,SB,MixedASDwithDelay_4_109,MX,0.5545
SocialBehavioralAutism_4_151,SB,MixedASDwithDelay_5_203,MX,0.9849
SocialBehavioralAutism_4_151,SB,MixedASDwithDelay_5_229,MX,0.9651
SocialBehavioralAutism_4_151,SB,MixedASDwithDelay_6_271,MX,0.9108
SocialBehavioralAutism_4_156,SB,MixedASDwithDelay_2_15,MX,0.9923
SocialBehavioralAutism_4_157,SB,MixedASDwithDelay_2_11,MX,0.7473
SocialBehavioralAutism_4_157,SB,MixedASDwithDelay_5_144,MX,0.9022
SocialBehavioralAutism_4_157,SB,MixedASDwithDelay_5_181,MX,0.9854
SocialBehavioralAutism_4_157,SB,MixedASDwithDelay_6_233,MX,0.9914
SocialBehavioralAutism_4_168,SB,MixedASDwithDelay_0_0,MX,0.5926
SocialBehavioralAutism_4_174,SB,MixedASDwithDelay_1_1,MX,0.9443
SocialBehavioralAutism_4_174,SB,MixedASDwithDelay_3_33,MX,0.9515
SocialBehavioralAutism_4_174,SB,MixedASDwithDelay_3_34,MX,0.9955
SocialBehavioralAutism_4_174,SB,MixedASDwithDelay_5_203,MX,0.9891
SocialBehavioralAutism_4_174,SB,MixedASDwithDelay_5_216,MX,0.997
SocialBehavioralAutism_4_174,SB,MixedASDwithDelay_6_232,MX,0.9907
SocialBehavioralAutism_4_177,SB,MixedASDwithDelay_2_14,MX,0.9843
SocialBehavioralAutism_4_177,SB,MixedASDwithDelay_3_56,MX,0.9925
SocialBehavioralAutism_4_177,SB,MixedASDwithDelay_4_96,MX,0.6742
SocialBehavioralAutism_4_177,SB,MixedASDwithDelay_4_124,MX,0.866
SocialBehavioralAutism_4_177,SB,MixedASDwithDelay_5_179,MX,0.7543
SocialBehavioralAutism_4_177,SB,MixedASDwithDelay_5_203,MX,0.9779
SocialBehavioralAutism_4_177,SB,MixedASDwithDelay_5_216,MX,0.7573
SocialBehavioralAutism_4_177,SB,MixedASDwithDelay_6_240,MX,0.9641
SocialBehavioralAutism_4_177,SB,MixedASDwithDelay_6_291,MX,0.9335
SocialBehavioralAutism_4_180,SB,MixedASDwithDelay_2_14,MX,0.9848
SocialBehavioralAutism_4_180,SB,MixedASDwithDelay_3_34,MX,0.8589
SocialBehavioralAutism_4_180,SB,MixedASDwithDelay_3_56,MX,0.9881
SocialBehavioralAutism_4_180,SB,MixedASDwithDelay_5_170,MX,0.8951
SocialBehavioralAutism_4_180,SB,MixedASDwithDelay_5_203,MX,0.9968
SocialBehavioralAutism_4_180,SB,MixedASDwithDelay_6_240,MX,0.9401
SocialBehavioralAutism_4_180,SB,MixedASDwithDelay_6_255,MX,0.66
SocialBehavioralAutism_4_183,SB,MixedASDwithDelay_3_32,MX,0.6718
SocialBehavioralAutism_4_183,SB,MixedASDwithDelay_3_33,MX,0.7973
SocialBehavioralAutism_4_183,SB,MixedASDwithDelay_3_57,MX,0.7698
SocialBehavioralAutism_4_183,SB,MixedASDwithDelay_4_77,MX,0.9679
SocialBehavioralAutism_4_183,SB,MixedASDwithDelay_4_89,MX,0.9977
SocialBehavioralAutism_4_183,SB,MixedASDwithDelay_5_155,MX,0.8748
SocialBehavioralAutism_4_183,SB,MixedASDwithDelay_5_159,MX,0.9734
SocialBehavioralAutism_4_183,SB,MixedASDwithDelay_5_200,MX,0.9536
SocialBehavioralAutism_4_185,SB,MixedASDwithDelay_1_1,MX,0.9228
SocialBehavioralAutism_4_185,SB,MixedASDwithDelay_3_56,MX,0.9952
SocialBehavioralAutism_4_185,SB,MixedASDwithDelay_4_80,MX,0.9033
SocialBehavioralAutism_4_185,SB,MixedASDwithDelay_4_100,MX,0.6988
SocialBehavioralAutism_4_185,SB,MixedASDwithDelay_6_251,MX,0.9594
SocialBehavioralAutism_4_185,SB,MixedASDwithDelay_6_310,MX,0.8794
SocialBehavioralAutism_5_189,SB,MixedASDwithDelay_2_12,MX,0.9817
SocialBehavioralAutism_5_189,SB,MixedASDwithDelay_3_40,MX,0.9561
SocialBehavioralAutism_5_189,SB,MixedASDwithDelay_3_42,MX,0.9958
SocialBehavioralAutism_5_189,SB,MixedASDwithDelay_5_179,MX,0.9874
SocialBehavioralAutism_5_189,SB,MixedASDwithDelay_5_216,MX,0.9739
SocialBehavioralAutism_5_190,SB,MixedASDwithDelay_1_1,MX,0.5765
SocialBehavioralAutism_5_190,SB,MixedASDwithDelay_4_87,MX,0.9356
SocialBehavioralAutism_5_190,SB,MixedASDwithDelay_5_149,MX,0.9667
SocialBehavioralAutism_5_190,SB,MixedASDwithDelay_6_310,MX,0.9949
SocialBehavioralAutism_5_190,SB,MixedASDwithDelay_6_313,MX,0.9973
SocialBehavioralAutism_5_193,SB,MixedASDwithDelay_0_0,MX,0.6338
SocialBehavioralAutism_5_197,SB,MixedASDwithDelay_4_80,MX,0.9881
SocialBehavioralAutism_5_197,SB,MixedASDwithDelay_4_109,MX,0.9123
SocialBehavioralAutism_5_197,SB,MixedASDwithDelay_6_285,MX,0.5755
SocialBehavioralAutism_5_206,SB,MixedASDwithDelay_5_157,MX,0.9733
SocialBehavioralAutism_5_207,SB,MixedASDwithDelay_2_14,MX,0.9488
SocialBehavioralAutism_5_207,SB,MixedASDwithDelay_3_54,MX,0.6131
SocialBehavioralAutism_5_207,SB,MixedASDwithDelay_5_140,MX,0.5863
SocialBehavioralAutism_5_207,SB,MixedASDwithDelay_5_170,MX,0.936
SocialBehavioralAutism_5_207,SB,MixedASDwithDelay_5_229,MX,0.9855
SocialBehavioralAutism_5_207,SB,MixedASDwithDelay_6_247,MX,0.9542
SocialBehavioralAutism_5_214,SB,MixedASDwithDelay_1_5,MX,0.9894
SocialBehavioralAutism_5_214,SB,MixedASDwithDelay_3_40,MX,0.9856
SocialBehavioralAutism_5_215,SB,MixedASDwithDelay_2_6,MX,0.9964
SocialBehavioralAutism_5_215,SB,MixedASDwithDelay_2_12,MX,0.972
SocialBehavioralAutism_5_215,SB,MixedASDwithDelay_3_26,MX,0.6689
SocialBehavioralAutism_5_215,SB,MixedASDwithDelay_3_60,MX,0.97
SocialBehavioralAutism_5_215,SB,MixedASDwithDelay_4_104,MX,0.9884
SocialBehavioralAutism_5_215,SB,MixedASDwithDelay_4_108,MX,0.8915
SocialBehavioralAutism_5_215,SB,MixedASDwithDelay_4_110,MX,0.99
SocialBehavioralAutism_5_215,SB,MixedASDwithDelay_4_113,MX,0.579
SocialBehavioralAutism_5_215,SB,MixedASDwithDelay_5_134,MX,0.983
SocialBehavioralAutism_5_215,SB,MixedASDwithDelay_5_139,MX,0.9797
SocialBehavioralAutism_5_215,SB,MixedASDwithDelay_5_160,MX,0.9863
SocialBehavioralAutism_5_215,SB,MixedASDwithDelay_5_182,MX,0.9213
SocialBehavioralAutism_5_215,SB,MixedASDwithDelay_5_216,MX,0.9852
SocialBehavioralAutism_5_215,SB,MixedASDwithDelay_6_266,MX,0.9749
SocialBehavioralAutism_5_215,SB,MixedASDwithDelay_6_279,MX,0.9807
SocialBehavioralAutism_5_215,SB,MixedASDwithDelay_6_314,MX,0.9508
SocialBehavioralAutism_5_216,SB,MixedASDwithDelay_4_61,MX,0.9894
SocialBehavioralAutism_5_227,SB,MixedASDwithDelay_1_1,MX,0.9244
SocialBehavioralAutism_5_227,SB,MixedASDwithDelay_2_14,MX,0.8154
SocialBehavioralAutism_5_227,SB,MixedASDwithDelay_3_56,MX,0.9867
SocialBehavioralAutism_5_227,SB,MixedASDwithDelay_4_69,MX,0.9841
SocialBehavioralAutism_5_227,SB,MixedASDwithDelay_4_82,MX,0.9372
SocialBehavioralAutism_5_227,SB,MixedASDwithDelay_4_96,MX,0.9185
SocialBehavioralAutism_5_227,SB,MixedASDwithDelay_4_109,MX,0.9845
SocialBehavioralAutism_5_227,SB,MixedASDwithDelay_4_124,MX,0.9842
SocialBehavioralAutism_5_227,SB,MixedASDwithDelay_5_170,MX,0.9951
SocialBehavioralAutism_5_227,SB,MixedASDwithDelay_5_203,MX,0.6593
SocialBehavioralAutism_5_227,SB,MixedASDwithDelay_6_240,MX,0.9797
SocialBehavioralAutism_5_227,SB,MixedASDwithDelay_6_255,MX,0.8831
SocialBehavioralAutism_5_227,SB,MixedASDwithDelay_6_287,MX,0.9952
SocialBehavioralAutism_5_227,SB,MixedASDwithDelay_6_291,MX,0.9868
SocialBehavioralAutism_5_228,SB,MixedASDwithDelay_4_96,MX,0.9772
SocialBehavioralAutism_5_228,SB,MixedASDwithDelay_5_170,MX,0.9812
SocialBehavioralAutism_5_228,SB,MixedASDwithDelay_5_206,MX,0.9799
SocialBehavioralAutism_5_228,SB,MixedASDwithDelay_6_287,MX,0.9896
SocialBehavioralAutism_5_236,SB,MixedASDwithDelay_6_234,MX,0.988
SocialBehavioralAutism_5_245,SB,MixedASDwithDelay_3_57,MX,0.984
SocialBehavioralAutism_5_245,SB,MixedASDwithDelay_4_110,MX,0.9785
SocialBehavioralAutism_5_247,SB,MixedASDwithDelay_6_313,MX,0.9973
SocialBehavioralAutism_5_257,SB,MixedASDwithDelay_1_1,MX,0.9424
SocialBehavioralAutism_5_257,SB,MixedASDwithDelay_2_6,MX,0.5524
SocialBehavioralAutism_5_257,SB,MixedASDwithDelay_3_31,MX,0.6401
SocialBehavioralAutism_5_257,SB,MixedASDwithDelay_3_32,MX,0.8378
SocialBehavioralAutism_5_257,SB,MixedASDwithDelay_3_60,MX,0.9884
SocialBehavioralAutism_5_257,SB,MixedASDwithDelay_4_77,MX,0.9758
SocialBehavioralAutism_5_257,SB,MixedASDwithDelay_4_110,MX,0.7131
SocialBehavioralAutism_5_257,SB,MixedASDwithDelay_5_158,MX,0.9893
SocialBehavioralAutism_5_257,SB,MixedASDwithDelay_5_159,MX,0.9371
SocialBehavioralAutism_5_257,SB,MixedASDwithDelay_5_182,MX,0.5645
SocialBehavioralAutism_5_264,SB,MixedASDwithDelay_3_54,MX,0.5659
SocialBehavioralAutism_5_264,SB,MixedASDwithDelay_4_109,MX,0.9788
SocialBehavioralAutism_5_264,SB,MixedASDwithDelay_5_140,MX,0.7498
SocialBehavioralAutism_5_264,SB,MixedASDwithDelay_5_170,MX,0.9926
SocialBehavioralAutism_5_264,SB,MixedASDwithDelay_5_203,MX,0.919
SocialBehavioralAutism_5_264,SB,MixedASDwithDelay_5_229,MX,0.9894
SocialBehavioralAutism_5_264,SB,MixedASDwithDelay_6_247,MX,0.847
SocialBehavioralAutism_5_264,SB,MixedASDwithDelay_6_291,MX,0.8833
SocialBehavioralAutism_5_267,SB,MixedASDwithDelay_4_101,MX,0.6216
SocialBehavioralAutism_5_269,SB,MixedASDwithDelay_3_56,MX,0.9777
SocialBehavioralAutism_5_270,SB,MixedASDwithDelay_1_1,MX,0.9787
SocialBehavioralAutism_5_270,SB,MixedASDwithDelay_2_14,MX,0.9588
SocialBehavioralAutism_5_270,SB,MixedASDwithDelay_3_56,MX,0.9586
SocialBehavioralAutism_5_270,SB,MixedASDwithDelay_4_73,MX,0.9943
SocialBehavioralAutism_5_270,SB,MixedASDwithDelay_4_82,MX,0.9943
SocialBehavioralAutism_5_270,SB,MixedASDwithDelay_4_109,MX,0.9927
SocialBehavioralAutism_5_270,SB,MixedASDwithDelay_5_170,MX,0.9965
SocialBehavioralAutism_5_270,SB,MixedASDwithDelay_5_203,MX,0.9921
SocialBehavioralAutism_5_270,SB,MixedASDwithDelay_6_255,MX,0.7423
SocialBehavioralAutism_5_270,SB,MixedASDwithDelay_6_287,MX,0.5591
SocialBehavioralAutism_5_270,SB,MixedASDwithDelay_6_301,MX,0.7323
SocialBehavioralAutism_5_273,SB,MixedASDwithDelay_4_100,MX,0.881
SocialBehavioralAutism_5_275,SB,MixedASDwithDelay_5_193,MX,0.59
SocialBehavioralAutism_5_280,SB,MixedASDwithDelay_2_11,MX,0.7579
SocialBehavioralAutism_5_280,SB,MixedASDwithDelay_4_64,MX,0.9964
SocialBehavioralAutism_5_280,SB,MixedASDwithDelay_5_144,MX,0.9624
SocialBehavioralAutism_5_280,SB,MixedASDwithDelay_6_260,MX,0.9931
SocialBehavioralAutism_5_288,SB,MixedASDwithDelay_2_6,MX,0.9769
SocialBehavioralAutism_5_288,SB,MixedASDwithDelay_3_40,MX,0.9349
SocialBehavioralAutism_5_288,SB,MixedASDwithDelay_3_42,MX,0.9754
SocialBehavioralAutism_5_288,SB,MixedASDwithDelay_4_113,MX,0.7512
SocialBehavioralAutism_5_288,SB,MixedASDwithDelay_6_317,MX,0.7997
SocialBehavioralAutism_5_292,SB,MixedASDwithDelay_4_109,MX,0.9881
SocialBehavioralAutism_5_292,SB,MixedASDwithDelay_5_170,MX,0.9615
SocialBehavioralAutism_5_292,SB,MixedASDwithDelay_6_291,MX,0.855
SocialBehavioralAutism_5_293,SB,MixedASDwithDelay_6_282,MX,0.9621
SocialBehavioralAutism_5_296,SB,MixedASDwithDelay_3_40,MX,0.7807
SocialBehavioralAutism_1_5,SB,ModerateAutism_1_1,MO,0.9922
SocialBehavioralAutism_1_5,SB,ModerateAutism_1_2,MO,0.5933
SocialBehavioralAutism_1_5,SB,ModerateAutism_1_4,MO,0.9874
SocialBehavioralAutism_1_5,SB,ModerateAutism_2_7,MO,0.9888
SocialBehavioralAutism_1_5,SB,ModerateAutism_2_12,MO,0.9892
SocialBehavioralAutism_1_5,SB,ModerateAutism_2_15,MO,0.9954
SocialBehavioralAutism_1_5,SB,ModerateAutism_3_40,MO,0.9819
SocialBehavioralAutism_1_5,SB,ModerateAutism_4_93,MO,0.6055
SocialBehavioralAutism_1_5,SB,ModerateAutism_5_181,MO,0.5509
SocialBehavioralAutism_1_5,SB,ModerateAutism_5_186,MO,0.9849
SocialBehavioralAutism_1_5,SB,ModerateAutism_5_233,MO,0.8511
SocialBehavioralAutism_1_5,SB,ModerateAutism_5_236,MO,0.6412
SocialBehavioralAutism_1_5,SB,ModerateAutism_6_240,MO,0.9724
SocialBehavioralAutism_1_5,SB,ModerateAutism_6_245,MO,0.7328
SocialBehavioralAutism_2_8,SB,ModerateAutism_5_159,MO,0.9799
SocialBehavioralAutism_2_8,SB,ModerateAutism_5_180,MO,0.9666
SocialBehavioralAutism_2_11,SB,ModerateAutism_1_1,MO,0.9967
SocialBehavioralAutism_2_11,SB,ModerateAutism_2_7,MO,0.7438
SocialBehavioralAutism_2_11,SB,ModerateAutism_2_15,MO,0.689
SocialBehavioralAutism_2_11,SB,ModerateAutism_4_64,MO,0.8521
SocialBehavioralAutism_2_11,SB,ModerateAutism_4_86,MO,0.6895
SocialBehavioralAutism_2_11,SB,ModerateAutism_4_119,MO,0.974
SocialBehavioralAutism_2_11,SB,ModerateAutism_5_128,MO,0.962
SocialBehavioralAutism_2_11,SB,ModerateAutism_5_133,MO,0.555
SocialBehavioralAutism_2_11,SB,ModerateAutism_5_181,MO,0.9942
SocialBehavioralAutism_2_11,SB,ModerateAutism_5_233,MO,0.9918
SocialBehavioralAutism_2_11,SB,ModerateAutism_6_253,MO,0.6322
SocialBehavioralAutism_2_11,SB,ModerateAutism_6_260,MO,0.5611
SocialBehavioralAutism_2_12,SB,ModerateAutism_3_56,MO,0.9515
SocialBehavioralAutism_2_12,SB,ModerateAutism_5_152,MO,0.6957
SocialBehavioralAutism_2_12,SB,ModerateAutism_5_239,MO,0.9354
SocialBehavioralAutism_2_12,SB,ModerateAutism_6_246,MO,0.7748
SocialBehavioralAutism_2_16,SB,ModerateAutism_3_38,MO,0.9972
SocialBehavioralAutism_2_16,SB,ModerateAutism_5_166,MO,0.9897
SocialBehavioralAutism_2_18,SB,ModerateAutism_2_11,MO,0.9936
SocialBehavioralAutism_2_18,SB,ModerateAutism_4_114,MO,0.8442
SocialBehavioralAutism_2_19,SB,ModerateAutism_5_129,MO,0.9575
SocialBehavioralAutism_2_19,SB,ModerateAutism_5_181,MO,0.6911
SocialBehavioralAutism_2_26,SB,ModerateAutism_2_11,MO,0.9693
SocialBehavioralAutism_2_26,SB,ModerateAutism_3_30,MO,0.7972
SocialBehavioralAutism_3_29,SB,ModerateAutism_5_129,MO,0.5702
SocialBehavioralAutism_3_29,SB,ModerateAutism_5_175,MO,0.6067
SocialBehavioralAutism_3_29,SB,ModerateAutism_5_181,MO,0.9702
SocialBehavioralAutism_3_29,SB,ModerateAutism_5_193,MO,0.8605
SocialBehavioralAutism_3_29,SB,ModerateAutism_5_226,MO,0.9807
SocialBehavioralAutism_3_29,SB,ModerateAutism_6_250,MO,0.9817
SocialBehavioralAutism_3_29,SB,ModerateAutism_6_253,MO,0.9355
SocialBehavioralAutism_3_29,SB,ModerateAutism_6_261,MO,0.6555
SocialBehavioralAutism_3_34,SB,ModerateAutism_1_4,MO,0.9357
SocialBehavioralAutism_3_34,SB,ModerateAutism_4_87,MO,0.9979
SocialBehavioralAutism_3_34,SB,ModerateAutism_5_186,MO,0.9409
SocialBehavioralAutism_3_34,SB,ModerateAutism_5_193,MO,0.8939
SocialBehavioralAutism_3_34,SB,ModerateAutism_6_250,MO,0.9833
SocialBehavioralAutism_3_39,SB,ModerateAutism_1_4,MO,0.9765
SocialBehavioralAutism_3_39,SB,ModerateAutism_2_12,MO,0.9799
SocialBehavioralAutism_3_39,SB,ModerateAutism_3_56,MO,0.8615
SocialBehavioralAutism_3_39,SB,ModerateAutism_5_186,MO,0.6189
SocialBehavioralAutism_3_39,SB,ModerateAutism_5_239,MO,0.6461
SocialBehavioralAutism_3_39,SB,ModerateAutism_6_245,MO,0.989
SocialBehavioralAutism_3_56,SB,ModerateAutism_5_159,MO,0.9889
SocialBehavioralAutism_3_56,SB,ModerateAutism_5_180,MO,0.9013
SocialBehavioralAutism_3_56,SB,ModerateAutism_6_261,MO,0.9834
SocialBehavioralAutism_3_57,SB,ModerateAutism_1_1,MO,0.6345
SocialBehavioralAutism_3_57,SB,ModerateAutism_2_7,MO,0.9755
SocialBehavioralAutism_3_57,SB,ModerateAutism_3_40,MO,0.608
SocialBehavioralAutism_3_57,SB,ModerateAutism_5_128,MO,0.9922
SocialBehavioralAutism_3_57,SB,ModerateAutism_5_129,MO,0.6396
SocialBehavioralAutism_3_57,SB,ModerateAutism_5_182,MO,0.5986
SocialBehavioralAutism_3_63,SB,ModerateAutism_1_1,MO,0.9939
SocialBehavioralAutism_3_66,SB,ModerateAutism_4_126,MO,0.7075
SocialBehavioralAutism_3_66,SB,ModerateAutism_5_203,MO,0.8586
SocialBehavioralAutism_3_66,SB,ModerateAutism_5_236,MO,0.794
SocialBehavioralAutism_3_74,SB,ModerateAutism_1_1,MO,0.9864
SocialBehavioralAutism_3_76,SB,ModerateAutism_6_250,MO,0.9415
SocialBehavioralAutism_3_80,SB,ModerateAutism_4_126,MO,0.5517
SocialBehavioralAutism_4_85,SB,ModerateAutism_5_129,MO,0.9541
SocialBehavioralAutism_4_85,SB,ModerateAutism_5_170,MO,0.9912
SocialBehavioralAutism_4_85,SB,ModerateAutism_5_228,MO,0.9894
SocialBehavioralAutism_4_85,SB,ModerateAutism_6_250,MO,0.9809
SocialBehavioralAutism_4_85,SB,ModerateAutism_6_253,MO,0.5863
SocialBehavioralAutism_4_86,SB,ModerateAutism_2_9,MO,0.7661
SocialBehavioralAutism_4_86,SB,ModerateAutism_3_33,MO,0.648
SocialBehavioralAutism_4_86,SB,ModerateAutism_3_47,MO,0.9956
SocialBehavioralAutism_4_86,SB,ModerateAutism_4_93,MO,0.9826
SocialBehavioralAutism_4_86,SB,ModerateAutism_4_105,MO,0.9724
SocialBehavioralAutism_4_86,SB,ModerateAutism_4_106,MO,0.9279
SocialBehavioralAutism_4_86,SB,ModerateAutism_5_178,MO,0.9834
SocialBehavioralAutism_4_86,SB,ModerateAutism_5_187,MO,0.5545
SocialBehavioralAutism_4_86,SB,ModerateAutism_5_200,MO,0.991
SocialBehavioralAutism_4_86,SB,ModerateAutism_5_237,MO,0.5605
SocialBehavioralAutism_4_89,SB,ModerateAutism_2_12,MO,0.9938
SocialBehavioralAutism_4_89,SB,ModerateAutism_3_40,MO,0.9901
SocialBehavioralAutism_4_89,SB,ModerateAutism_4_119,MO,0.9892
SocialBehavioralAutism_4_89,SB,ModerateAutism_5_181,MO,0.9974
SocialBehavioralAutism_4_91,SB,ModerateAutism_1_3,MO,0.9888
SocialBehavioralAutism_4_96,SB,ModerateAutism_5_152,MO,0.9908
SocialBehavioralAutism_4_97,SB,ModerateAutism_4_95,MO,0.9913
SocialBehavioralAutism_4_98,SB,ModerateAutism_2_12,MO,0.99
SocialBehavioralAutism_4_98,SB,ModerateAutism_2_15,MO,0.9969
SocialBehavioralAutism_4_98,SB,ModerateAutism_4_64,MO,0.9672
SocialBehavioralAutism_4_98,SB,ModerateAutism_4_86,MO,0.9945
SocialBehavioralAutism_4_98,SB,ModerateAutism_4_119,MO,0.9885
SocialBehavioralAutism_4_98,SB,ModerateAutism_5_181,MO,0.9644
SocialBehavioralAutism_4_98,SB,ModerateAutism_6_245,MO,0.9405
SocialBehavioralAutism_4_98,SB,ModerateAutism_6_260,MO,0.7107
SocialBehavioralAutism_4_101,SB,ModerateAutism_5_158,MO,0.9677
SocialBehavioralAutism_4_105,SB,ModerateAutism_2_15,MO,0.9931
SocialBehavioralAutism_4_105,SB,ModerateAutism_4_64,MO,0.9698
SocialBehavioralAutism_4_105,SB,ModerateAutism_4_93,MO,0.9188
SocialBehavioralAutism_4_105,SB,ModerateAutism_4_106,MO,0.9598
SocialBehavioralAutism_4_105,SB,ModerateAutism_4_126,MO,0.9635
SocialBehavioralAutism_4_105,SB,ModerateAutism_5_128,MO,0.5823
SocialBehavioralAutism_4_105,SB,ModerateAutism_5_133,MO,0.9109
SocialBehavioralAutism_4_105,SB,ModerateAutism_5_160,MO,0.5952
SocialBehavioralAutism_4_105,SB,ModerateAutism_5_175,MO,0.7288
SocialBehavioralAutism_4_107,SB,ModerateAutism_4_106,MO,0.6099
SocialBehavioralAutism_4_111,SB,ModerateAutism_2_12,MO,0.9772
SocialBehavioralAutism_4_111,SB,ModerateAutism_2_15,MO,0.9919
SocialBehavioralAutism_4_111,SB,ModerateAutism_4_64,MO,0.8449
SocialBehavioralAutism_4_111,SB,ModerateAutism_4_86,MO,0.9224
SocialBehavioralAutism_4_111,SB,ModerateAutism_5_128,MO,0.9728
SocialBehavioralAutism_4_111,SB,ModerateAutism_5_181,MO,0.9751
SocialBehavioralAutism_4_111,SB,ModerateAutism_5_233,MO,0.9824
SocialBehavioralAutism_4_116,SB,ModerateAutism_2_15,MO,0.988
SocialBehavioralAutism_4_117,SB,ModerateAutism_1_1,MO,0.9908
SocialBehavioralAutism_4_117,SB,ModerateAutism_1_4,MO,0.9863
SocialBehavioralAutism_4_117,SB,ModerateAutism_2_12,MO,0.9948
SocialBehavioralAutism_4_117,SB,ModerateAutism_2_15,MO,0.9865
SocialBehavioralAutism_4_117,SB,ModerateAutism_4_86,MO,0.9896
SocialBehavioralAutism_4_117,SB,ModerateAutism_4_119,MO,0.9934
SocialBehavioralAutism_4_117,SB,ModerateAutism_5_181,MO,0.9861
SocialBehavioralAutism_4_117,SB,ModerateAutism_5_186,MO,0.5946
SocialBehavioralAutism_4_117,SB,ModerateAutism_5_233,MO,0.8936
SocialBehavioralAutism_4_117,SB,ModerateAutism_6_240,MO,0.9965
SocialBehavioralAutism_4_118,SB,ModerateAutism_3_44,MO,0.7436
SocialBehavioralAutism_4_128,SB,ModerateAutism_3_41,MO,0.9309
SocialBehavioralAutism_4_129,SB,ModerateAutism_2_9,MO,0.9583
SocialBehavioralAutism_4_129,SB,ModerateAutism_4_105,MO,0.8665
SocialBehavioralAutism_4_129,SB,ModerateAutism_5_187,MO,0.6691
SocialBehavioralAutism_4_129,SB,ModerateAutism_5_236,MO,0.5674
SocialBehavioralAutism_4_135,SB,ModerateAutism_1_4,MO,0.9868
SocialBehavioralAutism_4_135,SB,ModerateAutism_2_15,MO,0.9807
SocialBehavioralAutism_4_135,SB,ModerateAutism_4_86,MO,0.6369
SocialBehavioralAutism_4_135,SB,ModerateAutism_5_165,MO,0.995
SocialBehavioralAutism_4_135,SB,ModerateAutism_5_181,MO,0.8861
SocialBehavioralAutism_4_135,SB,ModerateAutism_5_186,MO,0.9807
SocialBehavioralAutism_4_135,SB,ModerateAutism_5_193,MO,0.789
SocialBehavioralAutism_4_135,SB,ModerateAutism_5_233,MO,0.98
SocialBehavioralAutism_4_135,SB,ModerateAutism_6_250,MO,0.586
SocialBehavioralAutism_4_135,SB,ModerateAutism_6_253,MO,0.9708
SocialBehavioralAutism_4_136,SB,ModerateAutism_6_258,MO,0.9656
SocialBehavioralAutism_4_138,SB,ModerateAutism_2_12,MO,0.5919
SocialBehavioralAutism_4_138,SB,ModerateAutism_4_64,MO,0.9803
SocialBehavioralAutism_4_138,SB,ModerateAutism_5_128,MO,0.5608
SocialBehavioralAutism_4_138,SB,ModerateAutism_5_141,MO,0.9326
SocialBehavioralAutism_4_138,SB,ModerateAutism_5_181,MO,0.9555
SocialBehavioralAutism_4_138,SB,ModerateAutism_6_250,MO,0.9679
SocialBehavioralAutism_4_138,SB,ModerateAutism_6_254,MO,0.9952
SocialBehavioralAutism_4_140,SB,ModerateAutism_3_44,MO,0.9822
SocialBehavioralAutism_4_140,SB,ModerateAutism_4_67,MO,0.5577
SocialBehavioralAutism_4_140,SB,ModerateAutism_5_203,MO,0.9833
SocialBehavioralAutism_4_143,SB,ModerateAutism_1_4,MO,0.8693
SocialBehavioralAutism_4_143,SB,ModerateAutism_2_12,MO,0.7422
SocialBehavioralAutism_4_143,SB,ModerateAutism_2_15,MO,0.9879
SocialBehavioralAutism_4_143,SB,ModerateAutism_3_40,MO,0.9609
SocialBehavioralAutism_4_143,SB,ModerateAutism_4_64,MO,0.972
SocialBehavioralAutism_4_143,SB,ModerateAutism_4_87,MO,0.9816
SocialBehavioralAutism_4_143,SB,ModerateAutism_5_141,MO,0.6536
SocialBehavioralAutism_4_143,SB,ModerateAutism_5_186,MO,0.9719
SocialBehavioralAutism_4_143,SB,ModerateAutism_5_233,MO,0.9664
SocialBehavioralAutism_4_143,SB,ModerateAutism_6_245,MO,0.9785
SocialBehavioralAutism_4_145,SB,ModerateAutism_4_69,MO,0.8976
SocialBehavioralAutism_4_145,SB,ModerateAutism_4_124,MO,0.9788
SocialBehavioralAutism_4_146,SB,ModerateAutism_3_44,MO,0.9178
SocialBehavioralAutism_4_146,SB,ModerateAutism_5_145,MO,0.9058
SocialBehavioralAutism_4_148,SB,ModerateAutism_3_25,MO,0.9687
SocialBehavioralAutism_4_151,SB,ModerateAutism_2_22,MO,0.9736
SocialBehavioralAutism_4_151,SB,ModerateAutism_3_40,MO,0.9312
SocialBehavioralAutism_4_151,SB,ModerateAutism_4_93,MO,0.9448
SocialBehavioralAutism_4_151,SB,ModerateAutism_4_106,MO,0.9826
SocialBehavioralAutism_4_151,SB,ModerateAutism_4_126,MO,0.9784
SocialBehavioralAutism_4_151,SB,ModerateAutism_5_182,MO,0.5739
SocialBehavioralAutism_4_151,SB,ModerateAutism_5_187,MO,0.9852
SocialBehavioralAutism_4_151,SB,ModerateAutism_5_200,MO,0.9849
SocialBehavioralAutism_4_151,SB,ModerateAutism_5_236,MO,0.9704
SocialBehavioralAutism_4_151,SB,ModerateAutism_6_247,MO,0.5737
SocialBehavioralAutism_4_151,SB,ModerateAutism_6_251,MO,0.9967
SocialBehavioralAutism_4_152,SB,ModerateAutism_3_41,MO,0.9943
SocialBehavioralAutism_4_157,SB,ModerateAutism_3_56,MO,0.9683
SocialBehavioralAutism_4_157,SB,ModerateAutism_5_152,MO,0.9863
SocialBehavioralAutism_4_157,SB,ModerateAutism_5_239,MO,0.9889
SocialBehavioralAutism_4_174,SB,ModerateAutism_1_1,MO,0.9795
SocialBehavioralAutism_4_174,SB,ModerateAutism_1_2,MO,0.9946
SocialBehavioralAutism_4_174,SB,ModerateAutism_2_7,MO,0.9963
SocialBehavioralAutism_4_174,SB,ModerateAutism_2_12,MO,0.5737
SocialBehavioralAutism_4_174,SB,ModerateAutism_3_40,MO,0.9953
SocialBehavioralAutism_4_174,SB,ModerateAutism_4_86,MO,0.9968
SocialBehavioralAutism_4_174,SB,ModerateAutism_4_93,MO,0.9533
SocialBehavioralAutism_4_174,SB,ModerateAutism_4_119,MO,0.9643
SocialBehavioralAutism_4_174,SB,ModerateAutism_5_160,MO,0.6045
SocialBehavioralAutism_4_177,SB,ModerateAutism_1_2,MO,0.9627
SocialBehavioralAutism_4_177,SB,ModerateAutism_2_7,MO,0.9819
SocialBehavioralAutism_4_177,SB,ModerateAutism_2_9,MO,0.9791
SocialBehavioralAutism_4_177,SB,ModerateAutism_3_33,MO,0.9779
SocialBehavioralAutism_4_177,SB,ModerateAutism_3_40,MO,0.9715
SocialBehavioralAutism_4_177,SB,ModerateAutism_4_126,MO,0.9824
SocialBehavioralAutism_4_177,SB,ModerateAutism_5_178,MO,0.7534
SocialBehavioralAutism_4_177,SB,ModerateAutism_6_251,MO,0.8453
SocialBehavioralAutism_4_180,SB,ModerateAutism_1_2,MO,0.9936
SocialBehavioralAutism_4_180,SB,ModerateAutism_4_93,MO,0.9649
SocialBehavioralAutism_4_180,SB,ModerateAutism_4_106,MO,0.9912
SocialBehavioralAutism_4_180,SB,ModerateAutism_4_126,MO,0.6549
SocialBehavioralAutism_4_180,SB,ModerateAutism_5_236,MO,0.9908
SocialBehavioralAutism_4_180,SB,ModerateAutism_6_251,MO,0.9814
SocialBehavioralAutism_4_183,SB,ModerateAutism_4_64,MO,0.966
SocialBehavioralAutism_4_183,SB,ModerateAutism_5_128,MO,0.9602
SocialBehavioralAutism_4_183,SB,ModerateAutism_5_181,MO,0.9868
SocialBehavioralAutism_4_183,SB,ModerateAutism_6_250,MO,0.7354
SocialBehavioralAutism_4_185,SB,ModerateAutism_3_37,MO,0.9778
SocialBehavioralAutism_4_185,SB,ModerateAutism_5_200,MO,0.8227
SocialBehavioralAutism_5_189,SB,ModerateAutism_2_12,MO,0.6174
SocialBehavioralAutism_5_189,SB,ModerateAutism_4_86,MO,0.7297
SocialBehavioralAutism_5_189,SB,ModerateAutism_6_245,MO,0.9872
SocialBehavioralAutism_5_190,SB,ModerateAutism_2_16,MO,0.8869
SocialBehavioralAutism_5_190,SB,ModerateAutism_3_36,MO,0.9973
SocialBehavioralAutism_5_190,SB,ModerateAutism_3_57,MO,0.9975
SocialBehavioralAutism_5_190,SB,ModerateAutism_4_88,MO,0.9799
SocialBehavioralAutism_5_190,SB,ModerateAutism_4_90,MO,0.9969
SocialBehavioralAutism_5_190,SB,ModerateAutism_5_216,MO,0.9924
SocialBehavioralAutism_5_190,SB,ModerateAutism_5_229,MO,0.9677
SocialBehavioralAutism_5_190,SB,ModerateAutism_6_263,MO,0.992
SocialBehavioralAutism_5_194,SB,ModerateAutism_3_32,MO,0.9405
SocialBehavioralAutism_5_194,SB,ModerateAutism_3_37,MO,0.9967
SocialBehavioralAutism_5_197,SB,ModerateAutism_2_17,MO,0.9811
SocialBehavioralAutism_5_197,SB,ModerateAutism_4_104,MO,0.989
SocialBehavioralAutism_5_197,SB,ModerateAutism_5_162,MO,0.9949
SocialBehavioralAutism_5_197,SB,ModerateAutism_5_201,MO,0.9785
SocialBehavioralAutism_5_197,SB,ModerateAutism_6_262,MO,0.9194
SocialBehavioralAutism_5_206,SB,ModerateAutism_3_49,MO,0.8728
SocialBehavioralAutism_5_206,SB,ModerateAutism_4_63,MO,0.9637
SocialBehavioralAutism_5_206,SB,ModerateAutism_6_264,MO,0.8318
SocialBehavioralAutism_5_207,SB,ModerateAutism_2_9,MO,0.6506
SocialBehavioralAutism_5_207,SB,ModerateAutism_3_47,MO,0.6131
SocialBehavioralAutism_5_207,SB,ModerateAutism_5_178,MO,0.7084
SocialBehavioralAutism_5_215,SB,ModerateAutism_1_1,MO,0.8607
SocialBehavioralAutism_5_215,SB,ModerateAutism_2_15,MO,0.9747
SocialBehavioralAutism_5_215,SB,ModerateAutism_4_86,MO,0.9832
SocialBehavioralAutism_5_215,SB,ModerateAutism_4_87,MO,0.8046
SocialBehavioralAutism_5_215,SB,ModerateAutism_4_119,MO,0.9215
SocialBehavioralAutism_5_215,SB,ModerateAutism_5_165,MO,0.9964
SocialBehavioralAutism_5_215,SB,ModerateAutism_5_186,MO,0.584
SocialBehavioralAutism_5_215,SB,ModerateAutism_5_193,MO,0.9826
SocialBehavioralAutism_5_215,SB,ModerateAutism_5_233,MO,0.9762
SocialBehavioralAutism_5_215,SB,ModerateAutism_6_253,MO,0.6253
SocialBehavioralAutism_5_215,SB,ModerateAutism_6_260,MO,0.9882
SocialBehavioralAutism_5_221,SB,ModerateAutism_6_258,MO,0.9862
SocialBehavioralAutism_5_227,SB,ModerateAutism_1_2,MO,0.9271
SocialBehavioralAutism_5_227,SB,ModerateAutism_2_9,MO,0.9602
SocialBehavioralAutism_5_227,SB,ModerateAutism_3_33,MO,0.9773
SocialBehavioralAutism_5_227,SB,ModerateAutism_3_40,MO,0.7915
SocialBehavioralAutism_5_227,SB,ModerateAutism_4_93,MO,0.9974
SocialBehavioralAutism_5_227,SB,ModerateAutism_4_106,MO,0.9947
SocialBehavioralAutism_5_227,SB,ModerateAutism_4_126,MO,0.9955
SocialBehavioralAutism_5_227,SB,ModerateAutism_5_178,MO,0.9268
SocialBehavioralAutism_5_227,SB,ModerateAutism_5_200,MO,0.709
SocialBehavioralAutism_5_227,SB,ModerateAutism_5_236,MO,0.7434
SocialBehavioralAutism_5_227,SB,ModerateAutism_6_247,MO,0.5909
SocialBehavioralAutism_5_227,SB,ModerateAutism_6_251,MO,0.6605
SocialBehavioralAutism_5_228,SB,ModerateAutism_3_33,MO,0.7388
SocialBehavioralAutism_5_228,SB,ModerateAutism_4_93,MO,0.9561
SocialBehavioralAutism_5_228,SB,ModerateAutism_4_105,MO,0.9108
SocialBehavioralAutism_5_228,SB,ModerateAutism_5_178,MO,0.9873
SocialBehavioralAutism_5_228,SB,ModerateAutism_5_200,MO,0.6411
SocialBehavioralAutism_5_228,SB,ModerateAutism_5_237,MO,0.978
SocialBehavioralAutism_5_236,SB,ModerateAutism_6_258,MO,0.9776
SocialBehavioralAutism_5_245,SB,ModerateAutism_5_170,MO,0.6765
SocialBehavioralAutism_5_245,SB,ModerateAutism_5_228,MO,0.9902
SocialBehavioralAutism_5_247,SB,ModerateAutism_2_16,MO,0.9925
SocialBehavioralAutism_5_247,SB,ModerateAutism_3_36,MO,0.9973
SocialBehavioralAutism_5_247,SB,ModerateAutism_3_57,MO,0.9969
SocialBehavioralAutism_5_247,SB,ModerateAutism_4_88,MO,0.839
SocialBehavioralAutism_5_247,SB,ModerateAutism_4_90,MO,0.9956
SocialBehavioralAutism_5_247,SB,ModerateAutism_5_229,MO,0.9833
SocialBehavioralAutism_5_247,SB,ModerateAutism_6_263,MO,0.9747
SocialBehavioralAutism_5_254,SB,ModerateAutism_4_126,MO,0.5689
SocialBehavioralAutism_5_257,SB,ModerateAutism_4_64,MO,0.9597
SocialBehavioralAutism_5_257,SB,ModerateAutism_5_129,MO,0.6788
SocialBehavioralAutism_5_257,SB,ModerateAutism_5_165,MO,0.5524
SocialBehavioralAutism_5_257,SB,ModerateAutism_5_181,MO,0.812
SocialBehavioralAutism_5_257,SB,ModerateAutism_6_261,MO,0.9732
SocialBehavioralAutism_5_264,SB,ModerateAutism_3_33,MO,0.7075
SocialBehavioralAutism_5_264,SB,ModerateAutism_3_47,MO,0.5659
SocialBehavioralAutism_5_264,SB,ModerateAutism_4_93,MO,0.9737
SocialBehavioralAutism_5_264,SB,ModerateAutism_4_106,MO,0.9709
SocialBehavioralAutism_5_264,SB,ModerateAutism_4_126,MO,0.9689
SocialBehavioralAutism_5_264,SB,ModerateAutism_5_178,MO,0.5882
SocialBehavioralAutism_5_264,SB,ModerateAutism_5_200,MO,0.9636
SocialBehavioralAutism_5_269,SB,ModerateAutism_3_37,MO,0.5645
SocialBehavioralAutism_5_270,SB,ModerateAutism_1_5,MO,0.9943
SocialBehavioralAutism_5_270,SB,ModerateAutism_2_7,MO,0.7939
SocialBehavioralAutism_5_270,SB,ModerateAutism_3_40,MO,0.9755
SocialBehavioralAutism_5_270,SB,ModerateAutism_4_93,MO,0.9764
SocialBehavioralAutism_5_270,SB,ModerateAutism_4_106,MO,0.997
SocialBehavioralAutism_5_270,SB,ModerateAutism_4_126,MO,0.9894
SocialBehavioralAutism_5_270,SB,ModerateAutism_5_200,MO,0.9823
SocialBehavioralAutism_5_270,SB,ModerateAutism_5_236,MO,0.9901
SocialBehavioralAutism_5_270,SB,ModerateAutism_6_247,MO,0.9506
SocialBehavioralAutism_5_270,SB,ModerateAutism_6_251,MO,0.8155
SocialBehavioralAutism_5_273,SB,ModerateAutism_4_90,MO,0.609
SocialBehavioralAutism_5_275,SB,ModerateAutism_5_229,MO,0.986
SocialBehavioralAutism_5_275,SB,ModerateAutism_5_236,MO,0.6495
SocialBehavioralAutism_5_280,SB,ModerateAutism_2_12,MO,0.8115
SocialBehavioralAutism_5_280,SB,ModerateAutism_3_56,MO,0.9846
SocialBehavioralAutism_5_280,SB,ModerateAutism_5_233,MO,0.9681
SocialBehavioralAutism_5_288,SB,ModerateAutism_1_4,MO,0.963
SocialBehavioralAutism_5_288,SB,ModerateAutism_3_40,MO,0.6673
SocialBehavioralAutism_5_288,SB,ModerateAutism_5_165,MO,0.9769
SocialBehavioralAutism_5_288,SB,ModerateAutism_6_245,MO,0.9439
SocialBehavioralAutism_5_290,SB,ModerateAutism_4_114,MO,0.9821
SocialBehavioralAutism_5_290,SB,ModerateAutism_5_201,MO,0.9558
SocialBehavioralAutism_5_292,SB,ModerateAutism_4_93,MO,0.9577
SocialBehavioralAutism_5_292,SB,ModerateAutism_4_106,MO,0.9422
SocialBehavioralAutism_5_292,SB,ModerateAutism_4_126,MO,0.9756
SocialBehavioralAutism_5_292,SB,ModerateAutism_6_251,MO,0.7018
SocialBehavioralAutism_5_293,SB,ModerateAutism_3_25,MO,0.7837
SocialBehavioralAutism_5_293,SB,ModerateAutism_4_102,MO,0.9899
SocialBehavioralAutism_0_0,SB,BroadlyAffectedAutism_4_91,BR,0.5569
SocialBehavioralAutism_0_0,SB,BroadlyAffectedAutism_5_264,BR,0.5727
SocialBehavioralAutism_1_1,SB,BroadlyAffectedAutism_2_19,BR,0.9966
SocialBehavioralAutism_1_1,SB,BroadlyAffectedAutism_3_35,BR,0.8931
SocialBehavioralAutism_1_2,SB,BroadlyAffectedAutism_2_17,BR,0.9962
SocialBehavioralAutism_1_3,SB,BroadlyAffectedAutism_2_10,BR,0.8558
SocialBehavioralAutism_1_3,SB,BroadlyAffectedAutism_2_22,BR,0.9952
SocialBehavioralAutism_1_3,SB,BroadlyAffectedAutism_2_26,BR,0.9774
SocialBehavioralAutism_1_3,SB,BroadlyAffectedAutism_3_79,BR,0.7064
SocialBehavioralAutism_1_3,SB,BroadlyAffectedAutism_3_82,BR,0.9857
SocialBehavioralAutism_1_3,SB,BroadlyAffectedAutism_4_161,BR,0.6089
SocialBehavioralAutism_1_3,SB,BroadlyAffectedAutism_5_292,BR,0.9569
SocialBehavioralAutism_1_4,SB,BroadlyAffectedAutism_2_24,BR,0.995
SocialBehavioralAutism_1_4,SB,BroadlyAffectedAutism_3_81,BR,0.9963
SocialBehavioralAutism_1_5,SB,BroadlyAffectedAutism_1_1,BR,0.9866
SocialBehavioralAutism_1_5,SB,BroadlyAffectedAutism_2_20,BR,0.9929
SocialBehavioralAutism_1_5,SB,BroadlyAffectedAutism_3_35,BR,0.8633
SocialBehavioralAutism_1_5,SB,BroadlyAffectedAutism_3_41,BR,0.9888
SocialBehavioralAutism_1_5,SB,BroadlyAffectedAutism_4_118,BR,0.985
SocialBehavioralAutism_1_5,SB,BroadlyAffectedAutism_4_139,BR,0.9104
SocialBehavioralAutism_1_5,SB,BroadlyAffectedAutism_4_149,BR,0.9736
SocialBehavioralAutism_1_5,SB,BroadlyAffectedAutism_4_185,BR,0.9339
SocialBehavioralAutism_1_5,SB,BroadlyAffectedAutism_5_237,BR,0.9951
SocialBehavioralAutism_2_9,SB,BroadlyAffectedAutism_2_9,BR,0.998
SocialBehavioralAutism_2_9,SB,BroadlyAffectedAutism_3_39,BR,0.8404
SocialBehavioralAutism_2_9,SB,BroadlyAffectedAutism_3_44,BR,0.9973
SocialBehavioralAutism_2_9,SB,BroadlyAffectedAutism_4_97,BR,0.994
SocialBehavioralAutism_2_9,SB,BroadlyAffectedAutism_4_179,BR,0.5799
SocialBehavioralAutism_2_11,SB,BroadlyAffectedAutism_2_20,BR,0.9887
SocialBehavioralAutism_2_11,SB,BroadlyAffectedAutism_3_35,BR,0.5662
SocialBehavioralAutism_2_11,SB,BroadlyAffectedAutism_3_54,BR,0.9878
SocialBehavioralAutism_2_11,SB,BroadlyAffectedAutism_3_66,BR,0.5978
SocialBehavioralAutism_2_11,SB,BroadlyAffectedAutism_4_122,BR,0.9967
SocialBehavioralAutism_2_11,SB,BroadlyAffectedAutism_4_139,BR,0.8088
SocialBehavioralAutism_2_11,SB,BroadlyAffectedAutism_5_237,BR,0.9355
SocialBehavioralAutism_2_12,SB,BroadlyAffectedAutism_2_8,BR,0.9747
SocialBehavioralAutism_2_12,SB,BroadlyAffectedAutism_3_36,BR,0.9941
SocialBehavioralAutism_2_12,SB,BroadlyAffectedAutism_3_52,BR,0.85
SocialBehavioralAutism_2_12,SB,BroadlyAffectedAutism_5_233,BR,0.9897
SocialBehavioralAutism_2_12,SB,BroadlyAffectedAutism_5_238,BR,0.965
SocialBehavioralAutism_2_15,SB,BroadlyAffectedAutism_4_131,BR,0.7163
SocialBehavioralAutism_2_19,SB,BroadlyAffectedAutism_0_0,BR,0.5773
SocialBehavioralAutism_2_19,SB,BroadlyAffectedAutism_3_28,BR,0.9968
SocialBehavioralAutism_2_20,SB,BroadlyAffectedAutism_4_209,BR,0.984
SocialBehavioralAutism_2_21,SB,BroadlyAffectedAutism_1_3,BR,0.9788
SocialBehavioralAutism_2_21,SB,BroadlyAffectedAutism_2_22,BR,0.9982
SocialBehavioralAutism_2_21,SB,BroadlyAffectedAutism_3_82,BR,0.9756
SocialBehavioralAutism_2_21,SB,BroadlyAffectedAutism_5_216,BR,0.9927
SocialBehavioralAutism_2_21,SB,BroadlyAffectedAutism_5_292,BR,0.9812
SocialBehavioralAutism_2_23,SB,BroadlyAffectedAutism_4_91,BR,0.9768
SocialBehavioralAutism_2_26,SB,BroadlyAffectedAutism_4_189,BR,0.8497
SocialBehavioralAutism_3_27,SB,BroadlyAffectedAutism_4_159,BR,0.9857
SocialBehavioralAutism_3_29,SB,BroadlyAffectedAutism_2_11,BR,0.9738
SocialBehavioralAutism_3_29,SB,BroadlyAffectedAutism_3_39,BR,0.9905
SocialBehavioralAutism_3_29,SB,BroadlyAffectedAutism_4_93,BR,0.9966
SocialBehavioralAutism_3_29,SB,BroadlyAffectedAutism_4_179,BR,0.9573
SocialBehavioralAutism_3_29,SB,BroadlyAffectedAutism_5_288,BR,0.8988
SocialBehavioralAutism_3_31,SB,BroadlyAffectedAutism_3_55,BR,0.9907
SocialBehavioralAutism_3_33,SB,BroadlyAffectedAutism_3_31,BR,0.5666
SocialBehavioralAutism_3_33,SB,BroadlyAffectedAutism_5_222,BR,0.9889
SocialBehavioralAutism_3_34,SB,BroadlyAffectedAutism_3_58,BR,0.9979
SocialBehavioralAutism_3_34,SB,BroadlyAffectedAutism_4_185,BR,0.8816
SocialBehavioralAutism_3_34,SB,BroadlyAffectedAutism_5_305,BR,0.6633
SocialBehavioralAutism_3_35,SB,BroadlyAffectedAutism_4_96,BR,0.9872
SocialBehavioralAutism_3_35,SB,BroadlyAffectedAutism_5_233,BR,0.9791
SocialBehavioralAutism_3_39,SB,BroadlyAffectedAutism_4_96,BR,0.9878
SocialBehavioralAutism_3_39,SB,BroadlyAffectedAutism_4_122,BR,0.8452
SocialBehavioralAutism_3_39,SB,BroadlyAffectedAutism_4_154,BR,0.6461
SocialBehavioralAutism_3_39,SB,BroadlyAffectedAutism_5_233,BR,0.9932
SocialBehavioralAutism_3_39,SB,BroadlyAffectedAutism_5_305,BR,0.9912
SocialBehavioralAutism_3_41,SB,BroadlyAffectedAutism_3_39,BR,0.998
SocialBehavioralAutism_3_41,SB,BroadlyAffectedAutism_3_44,BR,0.9195
SocialBehavioralAutism_3_41,SB,BroadlyAffectedAutism_4_110,BR,0.9822
SocialBehavioralAutism_3_42,SB,BroadlyAffectedAutism_4_144,BR,0.993
SocialBehavioralAutism_3_42,SB,BroadlyAffectedAutism_5_228,BR,0.916
SocialBehavioralAutism_3_49,SB,BroadlyAffectedAutism_5_282,BR,0.749
SocialBehavioralAutism_3_52,SB,BroadlyAffectedAutism_3_31,BR,0.9941
SocialBehavioralAutism_3_52,SB,BroadlyAffectedAutism_5_222,BR,0.6803
SocialBehavioralAutism_3_56,SB,BroadlyAffectedAutism_5_230,BR,0.9352
SocialBehavioralAutism_3_57,SB,BroadlyAffectedAutism_3_28,BR,0.9509
SocialBehavioralAutism_3_57,SB,BroadlyAffectedAutism_5_237,BR,0.9802
SocialBehavioralAutism_3_57,SB,BroadlyAffectedAutism_5_305,BR,0.6259
SocialBehavioralAutism_3_59,SB,BroadlyAffectedAutism_2_10,BR,0.987
SocialBehavioralAutism_3_59,SB,BroadlyAffectedAutism_2_22,BR,0.5766
SocialBehavioralAutism_3_59,SB,BroadlyAffectedAutism_2_26,BR,0.9919
SocialBehavioralAutism_3_59,SB,BroadlyAffectedAutism_3_29,BR,0.9845
SocialBehavioralAutism_3_59,SB,BroadlyAffectedAutism_3_79,BR,0.9907
SocialBehavioralAutism_3_59,SB,BroadlyAffectedAutism_4_161,BR,0.9904
SocialBehavioralAutism_3_59,SB,BroadlyAffectedAutism_5_292,BR,0.8657
SocialBehavioralAutism_3_60,SB,BroadlyAffectedAutism_1_4,BR,0.9948
SocialBehavioralAutism_3_60,SB,BroadlyAffectedAutism_3_81,BR,0.594
SocialBehavioralAutism_3_60,SB,BroadlyAffectedAutism_5_264,BR,0.85
SocialBehavioralAutism_3_62,SB,BroadlyAffectedAutism_2_25,BR,0.9949
SocialBehavioralAutism_3_63,SB,BroadlyAffectedAutism_2_20,BR,0.9892
SocialBehavioralAutism_3_63,SB,BroadlyAffectedAutism_3_66,BR,0.8285
SocialBehavioralAutism_3_64,SB,BroadlyAffectedAutism_3_82,BR,0.9847
SocialBehavioralAutism_3_66,SB,BroadlyAffectedAutism_4_95,BR,0.9796
SocialBehavioralAutism_3_66,SB,BroadlyAffectedAutism_4_148,BR,0.9413
SocialBehavioralAutism_3_68,SB,BroadlyAffectedAutism_4_137,BR,0.819
SocialBehavioralAutism_3_74,SB,BroadlyAffectedAutism_1_1,BR,0.9839
SocialBehavioralAutism_3_74,SB,BroadlyAffectedAutism_4_139,BR,0.996
SocialBehavioralAutism_3_76,SB,BroadlyAffectedAutism_2_11,BR,0.9857
SocialBehavioralAutism_3_76,SB,BroadlyAffectedAutism_3_39,BR,0.553
SocialBehavioralAutism_3_76,SB,BroadlyAffectedAutism_4_93,BR,0.9911
SocialBehavioralAutism_3_80,SB,BroadlyAffectedAutism_5_277,BR,0.7586
SocialBehavioralAutism_3_80,SB,BroadlyAffectedAutism_5_294,BR,0.5573
SocialBehavioralAutism_4_84,SB,BroadlyAffectedAutism_5_201,BR,0.844
SocialBehavioralAutism_4_85,SB,BroadlyAffectedAutism_3_65,BR,0.9884
SocialBehavioralAutism_4_85,SB,BroadlyAffectedAutism_4_185,BR,0.9913
SocialBehavioralAutism_4_85,SB,BroadlyAffectedAutism_5_204,BR,0.9948
SocialBehavioralAutism_4_85,SB,BroadlyAffectedAutism_5_246,BR,0.9533
SocialBehavioralAutism_4_86,SB,BroadlyAffectedAutism_3_68,BR,0.7661
SocialBehavioralAutism_4_86,SB,BroadlyAffectedAutism_4_130,BR,0.6409
SocialBehavioralAutism_4_86,SB,BroadlyAffectedAutism_4_147,BR,0.9975
SocialBehavioralAutism_4_89,SB,BroadlyAffectedAutism_2_20,BR,0.7249
SocialBehavioralAutism_4_89,SB,BroadlyAffectedAutism_3_54,BR,0.996
SocialBehavioralAutism_4_89,SB,BroadlyAffectedAutism_5_237,BR,0.8424
SocialBehavioralAutism_4_96,SB,BroadlyAffectedAutism_2_8,BR,0.9665
SocialBehavioralAutism_4_97,SB,BroadlyAffectedAutism_1_5,BR,0.9861
SocialBehavioralAutism_4_98,SB,BroadlyAffectedAutism_1_1,BR,0.9814
SocialBehavioralAutism_4_98,SB,BroadlyAffectedAutism_2_20,BR,0.9911
SocialBehavioralAutism_4_98,SB,BroadlyAffectedAutism_3_54,BR,0.9545
SocialBehavioralAutism_4_98,SB,BroadlyAffectedAutism_3_66,BR,0.9695
SocialBehavioralAutism_4_98,SB,BroadlyAffectedAutism_4_118,BR,0.9829
SocialBehavioralAutism_4_98,SB,BroadlyAffectedAutism_4_122,BR,0.9845
SocialBehavioralAutism_4_98,SB,BroadlyAffectedAutism_4_149,BR,0.992
SocialBehavioralAutism_4_98,SB,BroadlyAffectedAutism_5_246,BR,0.9241
SocialBehavioralAutism_4_100,SB,BroadlyAffectedAutism_4_109,BR,0.9954
SocialBehavioralAutism_4_100,SB,BroadlyAffectedAutism_4_191,BR,0.9925
SocialBehavioralAutism_4_101,SB,BroadlyAffectedAutism_3_80,BR,0.9718
SocialBehavioralAutism_4_101,SB,BroadlyAffectedAutism_4_119,BR,0.9639
SocialBehavioralAutism_4_104,SB,BroadlyAffectedAutism_5_292,BR,0.9911
SocialBehavioralAutism_4_105,SB,BroadlyAffectedAutism_4_141,BR,0.9203
SocialBehavioralAutism_4_105,SB,BroadlyAffectedAutism_4_189,BR,0.8901
SocialBehavioralAutism_4_107,SB,BroadlyAffectedAutism_2_10,BR,0.6084
SocialBehavioralAutism_4_111,SB,BroadlyAffectedAutism_2_19,BR,0.6772
SocialBehavioralAutism_4_111,SB,BroadlyAffectedAutism_3_35,BR,0.9542
SocialBehavioralAutism_4_111,SB,BroadlyAffectedAutism_3_66,BR,0.9673
SocialBehavioralAutism_4_111,SB,BroadlyAffectedAutism_4_118,BR,0.6152
SocialBehavioralAutism_4_111,SB,BroadlyAffectedAutism_4_139,BR,0.5566
SocialBehavioralAutism_4_111,SB,BroadlyAffectedAutism_4_185,BR,0.8264
SocialBehavioralAutism_4_111,SB,BroadlyAffectedAutism_5_305,BR,0.9442
SocialBehavioralAutism_4_113,SB,BroadlyAffectedAutism_1_3,BR,0.9536
SocialBehavioralAutism_4_113,SB,BroadlyAffectedAutism_2_10,BR,0.8922
SocialBehavioralAutism_4_113,SB,BroadlyAffectedAutism_2_26,BR,0.985
SocialBehavioralAutism_4_113,SB,BroadlyAffectedAutism_3_29,BR,0.9852
SocialBehavioralAutism_4_113,SB,BroadlyAffectedAutism_3_79,BR,0.9404
SocialBehavioralAutism_4_113,SB,BroadlyAffectedAutism_4_161,BR,0.9861
SocialBehavioralAutism_4_116,SB,BroadlyAffectedAutism_5_228,BR,0.9916
SocialBehavioralAutism_4_117,SB,BroadlyAffectedAutism_1_1,BR,0.9937
SocialBehavioralAutism_4_117,SB,BroadlyAffectedAutism_2_20,BR,0.9931
SocialBehavioralAutism_4_117,SB,BroadlyAffectedAutism_3_54,BR,0.9948
SocialBehavioralAutism_4_117,SB,BroadlyAffectedAutism_3_66,BR,0.9681
SocialBehavioralAutism_4_117,SB,BroadlyAffectedAutism_4_122,BR,0.9862
SocialBehavioralAutism_4_117,SB,BroadlyAffectedAutism_4_149,BR,0.9889
SocialBehavioralAutism_4_117,SB,BroadlyAffectedAutism_5_237,BR,0.9791
SocialBehavioralAutism_4_129,SB,BroadlyAffectedAutism_3_68,BR,0.9583
SocialBehavioralAutism_4_129,SB,BroadlyAffectedAutism_4_147,BR,0.9711
SocialBehavioralAutism_4_129,SB,BroadlyAffectedAutism_5_277,BR,0.9927
SocialBehavioralAutism_4_131,SB,BroadlyAffectedAutism_3_82,BR,0.9891
SocialBehavioralAutism_4_131,SB,BroadlyAffectedAutism_4_161,BR,0.5784
SocialBehavioralAutism_4_131,SB,BroadlyAffectedAutism_5_292,BR,0.9926
SocialBehavioralAutism_4_132,SB,BroadlyAffectedAutism_1_4,BR,0.9824
SocialBehavioralAutism_4_132,SB,BroadlyAffectedAutism_2_24,BR,0.6517
SocialBehavioralAutism_4_132,SB,BroadlyAffectedAutism_3_81,BR,0.9943
SocialBehavioralAutism_4_132,SB,BroadlyAffectedAutism_3_82,BR,0.9529
SocialBehavioralAutism_4_132,SB,BroadlyAffectedAutism_5_264,BR,0.7039
SocialBehavioralAutism_4_135,SB,BroadlyAffectedAutism_2_11,BR,0.8859
SocialBehavioralAutism_4_135,SB,BroadlyAffectedAutism_2_13,BR,0.9937
SocialBehavioralAutism_4_135,SB,BroadlyAffectedAutism_3_66,BR,0.9403
SocialBehavioralAutism_4_135,SB,BroadlyAffectedAutism_4_93,BR,0.9841
SocialBehavioralAutism_4_135,SB,BroadlyAffectedAutism_4_185,BR,0.9905
SocialBehavioralAutism_4_135,SB,BroadlyAffectedAutism_5_288,BR,0.9774
SocialBehavioralAutism_4_135,SB,BroadlyAffectedAutism_5_305,BR,0.9477
SocialBehavioralAutism_4_136,SB,BroadlyAffectedAutism_4_159,BR,0.9953
SocialBehavioralAutism_4_138,SB,BroadlyAffectedAutism_3_66,BR,0.5878
SocialBehavioralAutism_4_138,SB,BroadlyAffectedAutism_4_132,BR,0.5868
SocialBehavioralAutism_4_138,SB,BroadlyAffectedAutism_4_153,BR,0.9946
SocialBehavioralAutism_4_138,SB,BroadlyAffectedAutism_5_305,BR,0.9584
SocialBehavioralAutism_4_140,SB,BroadlyAffectedAutism_5_277,BR,0.8574
SocialBehavioralAutism_4_142,SB,BroadlyAffectedAutism_3_39,BR,0.9912
SocialBehavioralAutism_4_142,SB,BroadlyAffectedAutism_4_110,BR,0.9961
SocialBehavioralAutism_4_142,SB,BroadlyAffectedAutism_4_179,BR,0.9958
SocialBehavioralAutism_4_143,SB,BroadlyAffectedAutism_2_20,BR,0.8522
SocialBehavioralAutism_4_143,SB,BroadlyAffectedAutism_3_58,BR,0.9816
SocialBehavioralAutism_4_143,SB,BroadlyAffectedAutism_4_132,BR,0.5676
SocialBehavioralAutism_4_143,SB,BroadlyAffectedAutism_4_185,BR,0.6163
SocialBehavioralAutism_4_143,SB,BroadlyAffectedAutism_5_228,BR,0.9859
SocialBehavioralAutism_4_143,SB,BroadlyAffectedAutism_5_288,BR,0.9851
SocialBehavioralAutism_4_144,SB,BroadlyAffectedAutism_3_77,BR,0.7361
SocialBehavioralAutism_4_148,SB,BroadlyAffectedAutism_4_151,BR,0.9508
SocialBehavioralAutism_4_151,SB,BroadlyAffectedAutism_4_130,BR,0.8801
SocialBehavioralAutism_4_151,SB,BroadlyAffectedAutism_4_147,BR,0.7197
SocialBehavioralAutism_4_151,SB,BroadlyAffectedAutism_4_189,BR,0.5874
SocialBehavioralAutism_4_151,SB,BroadlyAffectedAutism_5_240,BR,0.9872
SocialBehavioralAutism_4_151,SB,BroadlyAffectedAutism_5_304,BR,0.9737
SocialBehavioralAutism_4_152,SB,BroadlyAffectedAutism_5_240,BR,0.5625
SocialBehavioralAutism_4_152,SB,BroadlyAffectedAutism_5_254,BR,0.8121
SocialBehavioralAutism_4_154,SB,BroadlyAffectedAutism_4_110,BR,0.9597
SocialBehavioralAutism_4_154,SB,BroadlyAffectedAutism_4_179,BR,0.9856
SocialBehavioralAutism_4_156,SB,BroadlyAffectedAutism_5_264,BR,0.9974
SocialBehavioralAutism_4_157,SB,BroadlyAffectedAutism_2_8,BR,0.8901
SocialBehavioralAutism_4_157,SB,BroadlyAffectedAutism_3_36,BR,0.9931
SocialBehavioralAutism_4_157,SB,BroadlyAffectedAutism_4_154,BR,0.9889
SocialBehavioralAutism_4_157,SB,BroadlyAffectedAutism_5_230,BR,0.5578
SocialBehavioralAutism_4_157,SB,BroadlyAffectedAutism_5_231,BR,0.5567
SocialBehavioralAutism_4_157,SB,BroadlyAffectedAutism_5_238,BR,0.9666
SocialBehavioralAutism_4_162,SB,BroadlyAffectedAutism_4_173,BR,0.9967
SocialBehavioralAutism_4_168,SB,BroadlyAffectedAutism_3_81,BR,0.9824
SocialBehavioralAutism_4_174,SB,BroadlyAffectedAutism_1_1,BR,0.9613
SocialBehavioralAutism_4_174,SB,BroadlyAffectedAutism_2_20,BR,0.9039
SocialBehavioralAutism_4_174,SB,BroadlyAffectedAutism_3_41,BR,0.9881
SocialBehavioralAutism_4_174,SB,BroadlyAffectedAutism_3_66,BR,0.8885
SocialBehavioralAutism_4_174,SB,BroadlyAffectedAutism_4_122,BR,0.9608
SocialBehavioralAutism_4_174,SB,BroadlyAffectedAutism_4_130,BR,0.9932
SocialBehavioralAutism_4_174,SB,BroadlyAffectedAutism_5_237,BR,0.9935
SocialBehavioralAutism_4_177,SB,BroadlyAffectedAutism_3_68,BR,0.9791
SocialBehavioralAutism_4_177,SB,BroadlyAffectedAutism_4_130,BR,0.9955
SocialBehavioralAutism_4_177,SB,BroadlyAffectedAutism_4_147,BR,0.7929
SocialBehavioralAutism_4_177,SB,BroadlyAffectedAutism_4_175,BR,0.9808
SocialBehavioralAutism_4_177,SB,BroadlyAffectedAutism_4_189,BR,0.5867
SocialBehavioralAutism_4_177,SB,BroadlyAffectedAutism_4_211,BR,0.9847
SocialBehavioralAutism_4_177,SB,BroadlyAffectedAutism_5_237,BR,0.5987
SocialBehavioralAutism_4_177,SB,BroadlyAffectedAutism_5_277,BR,0.9724
SocialBehavioralAutism_4_180,SB,BroadlyAffectedAutism_3_41,BR,0.9949
SocialBehavioralAutism_4_180,SB,BroadlyAffectedAutism_4_130,BR,0.9975
SocialBehavioralAutism_4_180,SB,BroadlyAffectedAutism_4_141,BR,0.9786
SocialBehavioralAutism_4_180,SB,BroadlyAffectedAutism_4_147,BR,0.5799
SocialBehavioralAutism_4_180,SB,BroadlyAffectedAutism_4_175,BR,0.9868
SocialBehavioralAutism_4_180,SB,BroadlyAffectedAutism_4_211,BR,0.9889
SocialBehavioralAutism_4_180,SB,BroadlyAffectedAutism_5_237,BR,0.9621
SocialBehavioralAutism_4_183,SB,BroadlyAffectedAutism_3_82,BR,0.6206
SocialBehavioralAutism_4_183,SB,BroadlyAffectedAutism_5_305,BR,0.9793
SocialBehavioralAutism_4_185,SB,BroadlyAffectedAutism_4_188,BR,0.9884
SocialBehavioralAutism_4_185,SB,BroadlyAffectedAutism_5_252,BR,0.7563
SocialBehavioralAutism_4_185,SB,BroadlyAffectedAutism_5_277,BR,0.9708
SocialBehavioralAutism_4_185,SB,BroadlyAffectedAutism_5_294,BR,0.9832
SocialBehavioralAutism_5_189,SB,BroadlyAffectedAutism_3_80,BR,0.9977
SocialBehavioralAutism_5_189,SB,BroadlyAffectedAutism_4_182,BR,0.9948
SocialBehavioralAutism_5_190,SB,BroadlyAffectedAutism_4_157,BR,0.9931
SocialBehavioralAutism_5_190,SB,BroadlyAffectedAutism_5_285,BR,0.9977
SocialBehavioralAutism_5_193,SB,BroadlyAffectedAutism_0_0,BR,0.5693
SocialBehavioralAutism_5_194,SB,BroadlyAffectedAutism_4_155,BR,0.8557
SocialBehavioralAutism_5_194,SB,BroadlyAffectedAutism_4_160,BR,0.9069
SocialBehavioralAutism_5_197,SB,BroadlyAffectedAutism_5_312,BR,0.9822
SocialBehavioralAutism_5_198,SB,BroadlyAffectedAutism_5_250,BR,0.8698
SocialBehavioralAutism_5_207,SB,BroadlyAffectedAutism_3_68,BR,0.6506
SocialBehavioralAutism_5_207,SB,BroadlyAffectedAutism_4_189,BR,0.6879
SocialBehavioralAutism_5_207,SB,BroadlyAffectedAutism_5_277,BR,0.9762
SocialBehavioralAutism_5_215,SB,BroadlyAffectedAutism_2_11,BR,0.5621
SocialBehavioralAutism_5_215,SB,BroadlyAffectedAutism_2_13,BR,0.996
SocialBehavioralAutism_5_215,SB,BroadlyAffectedAutism_2_20,BR,0.9611
SocialBehavioralAutism_5_215,SB,BroadlyAffectedAutism_3_39,BR,0.9527
SocialBehavioralAutism_5_215,SB,BroadlyAffectedAutism_3_54,BR,0.9735
SocialBehavioralAutism_5_215,SB,BroadlyAffectedAutism_3_58,BR,0.8046
SocialBehavioralAutism_5_215,SB,BroadlyAffectedAutism_3_66,BR,0.6248
SocialBehavioralAutism_5_215,SB,BroadlyAffectedAutism_4_93,BR,0.9285
SocialBehavioralAutism_5_215,SB,BroadlyAffectedAutism_4_149,BR,0.9475
SocialBehavioralAutism_5_215,SB,BroadlyAffectedAutism_4_185,BR,0.9884
SocialBehavioralAutism_5_215,SB,BroadlyAffectedAutism_5_204,BR,0.991
SocialBehavioralAutism_5_215,SB,BroadlyAffectedAutism_5_246,BR,0.9929
SocialBehavioralAutism_5_215,SB,BroadlyAffectedAutism_5_286,BR,0.6758
SocialBehavioralAutism_5_216,SB,BroadlyAffectedAutism_2_9,BR,0.9916
SocialBehavioralAutism_5_216,SB,BroadlyAffectedAutism_4_97,BR,0.9975
SocialBehavioralAutism_5_216,SB,BroadlyAffectedAutism_4_179,BR,0.9956
SocialBehavioralAutism_5_221,SB,BroadlyAffectedAutism_2_7,BR,0.7642
SocialBehavioralAutism_5_221,SB,BroadlyAffectedAutism_5_228,BR,0.9834
SocialBehavioralAutism_5_227,SB,BroadlyAffectedAutism_3_41,BR,0.9907
SocialBehavioralAutism_5_227,SB,BroadlyAffectedAutism_3_68,BR,0.9602
SocialBehavioralAutism_5_227,SB,BroadlyAffectedAutism_4_141,BR,0.9974
SocialBehavioralAutism_5_227,SB,BroadlyAffectedAutism_4_175,BR,0.9543
SocialBehavioralAutism_5_227,SB,BroadlyAffectedAutism_4_189,BR,0.998
SocialBehavioralAutism_5_227,SB,BroadlyAffectedAutism_4_211,BR,0.9715
SocialBehavioralAutism_5_227,SB,BroadlyAffectedAutism_5_240,BR,0.9372
SocialBehavioralAutism_5_227,SB,BroadlyAffectedAutism_5_251,BR,0.5838
SocialBehavioralAutism_5_227,SB,BroadlyAffectedAutism_5_277,BR,0.6635
SocialBehavioralAutism_5_228,SB,BroadlyAffectedAutism_4_141,BR,0.9876
SocialBehavioralAutism_5_228,SB,BroadlyAffectedAutism_4_189,BR,0.9709
SocialBehavioralAutism_5_245,SB,BroadlyAffectedAutism_3_28,BR,0.9639
SocialBehavioralAutism_5_245,SB,BroadlyAffectedAutism_5_204,BR,0.9911
SocialBehavioralAutism_5_246,SB,BroadlyAffectedAutism_5_304,BR,0.996
SocialBehavioralAutism_5_247,SB,BroadlyAffectedAutism_4_157,BR,0.9936
SocialBehavioralAutism_5_247,SB,BroadlyAffectedAutism_5_252,BR,0.9794
SocialBehavioralAutism_5_247,SB,BroadlyAffectedAutism_5_277,BR,0.9443
SocialBehavioralAutism_5_247,SB,BroadlyAffectedAutism_5_285,BR,0.9967
SocialBehavioralAutism_5_254,SB,BroadlyAffectedAutism_4_180,BR,0.9972
SocialBehavioralAutism_5_257,SB,BroadlyAffectedAutism_4_93,BR,0.9902
SocialBehavioralAutism_5_257,SB,BroadlyAffectedAutism_4_179,BR,0.6989
SocialBehavioralAutism_5_261,SB,BroadlyAffectedAutism_5_251,BR,0.9182
SocialBehavioralAutism_5_264,SB,BroadlyAffectedAutism_4_189,BR,0.9743
SocialBehavioralAutism_5_264,SB,BroadlyAffectedAutism_4_211,BR,0.6176
SocialBehavioralAutism_5_264,SB,BroadlyAffectedAutism_5_279,BR,0.9873
SocialBehavioralAutism_5_266,SB,BroadlyAffectedAutism_5_199,BR,0.6254
SocialBehavioralAutism_5_269,SB,BroadlyAffectedAutism_4_148,BR,0.9369
SocialBehavioralAutism_5_269,SB,BroadlyAffectedAutism_4_188,BR,0.945
SocialBehavioralAutism_5_269,SB,BroadlyAffectedAutism_5_292,BR,0.8637
SocialBehavioralAutism_5_269,SB,BroadlyAffectedAutism_5_294,BR,0.9607
SocialBehavioralAutism_5_270,SB,BroadlyAffectedAutism_3_41,BR,0.9687
SocialBehavioralAutism_5_270,SB,BroadlyAffectedAutism_4_130,BR,0.9757
SocialBehavioralAutism_5_270,SB,BroadlyAffectedAutism_4_141,BR,0.9897
SocialBehavioralAutism_5_270,SB,BroadlyAffectedAutism_4_147,BR,0.5657
SocialBehavioralAutism_5_270,SB,BroadlyAffectedAutism_4_175,BR,0.904
SocialBehavioralAutism_5_270,SB,BroadlyAffectedAutism_4_189,BR,0.9895
SocialBehavioralAutism_5_270,SB,BroadlyAffectedAutism_4_211,BR,0.9807
SocialBehavioralAutism_5_270,SB,BroadlyAffectedAutism_5_237,BR,0.9813
SocialBehavioralAutism_5_270,SB,BroadlyAffectedAutism_5_240,BR,0.9943
SocialBehavioralAutism_5_273,SB,BroadlyAffectedAutism_3_42,BR,0.9458
SocialBehavioralAutism_5_273,SB,BroadlyAffectedAutism_4_157,BR,0.9567
SocialBehavioralAutism_5_273,SB,BroadlyAffectedAutism_4_172,BR,0.9699
SocialBehavioralAutism_5_275,SB,BroadlyAffectedAutism_4_148,BR,0.7203
SocialBehavioralAutism_5_279,SB,BroadlyAffectedAutism_4_126,BR,0.9602
SocialBehavioralAutism_5_280,SB,BroadlyAffectedAutism_2_8,BR,0.5566
SocialBehavioralAutism_5_280,SB,BroadlyAffectedAutism_4_96,BR,0.9826
SocialBehavioralAutism_5_280,SB,BroadlyAffectedAutism_5_233,BR,0.996
SocialBehavioralAutism_5_280,SB,BroadlyAffectedAutism_5_238,BR,0.9702
SocialBehavioralAutism_5_288,SB,BroadlyAffectedAutism_2_13,BR,0.909
SocialBehavioralAutism_5_288,SB,BroadlyAffectedAutism_5_276,BR,0.9652
SocialBehavioralAutism_5_292,SB,BroadlyAffectedAutism_4_141,BR,0.9951
SocialBehavioralAutism_5_292,SB,BroadlyAffectedAutism_4_189,BR,0.9937
SocialBehavioralAutism_5_293,SB,BroadlyAffectedAutism_4_174,BR,0.99
MixedASDwithDelay_1_1,MX,ModerateAutism_2_12,MO,0.5993
MixedASDwithDelay_1_1,MX,ModerateAutism_2_15,MO,0.5676
MixedASDwithDelay_1_1,MX,ModerateAutism_3_36,MO,0.7007
MixedASDwithDelay_1_1,MX,ModerateAutism_5_128,MO,0.9409
MixedASDwithDelay_1_1,MX,ModerateAutism_5_181,MO,0.9771
MixedASDwithDelay_1_1,MX,ModerateAutism_5_233,MO,0.9759
MixedASDwithDelay_1_1,MX,ModerateAutism_6_240,MO,0.8238
MixedASDwithDelay_1_1,MX,ModerateAutism_6_250,MO,0.968
MixedASDwithDelay_1_1,MX,ModerateAutism_6_253,MO,0.9657
MixedASDwithDelay_1_2,MX,ModerateAutism_4_102,MO,0.9045
MixedASDwithDelay_1_2,MX,ModerateAutism_4_124,MO,0.937
MixedASDwithDelay_1_4,MX,ModerateAutism_4_95,MO,0.9978
MixedASDwithDelay_1_5,MX,ModerateAutism_1_4,MO,0.9899
MixedASDwithDelay_1_5,MX,ModerateAutism_5_165,MO,0.9362
MixedASDwithDelay_1_5,MX,ModerateAutism_5_193,MO,0.9842
MixedASDwithDelay_2_6,MX,ModerateAutism_1_4,MO,0.5851
MixedASDwithDelay_2_6,MX,ModerateAutism_5_165,MO,0.9967
MixedASDwithDelay_2_6,MX,ModerateAutism_5_186,MO,0.55
MixedASDwithDelay_2_6,MX,ModerateAutism_5_193,MO,0.7414
MixedASDwithDelay_2_7,MX,ModerateAutism_5_158,MO,0.9918
MixedASDwithDelay_2_7,MX,ModerateAutism_5_176,MO,0.9753
MixedASDwithDelay_2_10,MX,ModerateAutism_2_8,MO,0.9962
MixedASDwithDelay_2_10,MX,ModerateAutism_5_159,MO,0.9863
MixedASDwithDelay_2_10,MX,ModerateAutism_5_180,MO,0.9732
MixedASDwithDelay_2_11,MX,ModerateAutism_1_4,MO,0.5716
MixedASDwithDelay_2_11,MX,ModerateAutism_4_121,MO,0.5832
MixedASDwithDelay_2_11,MX,ModerateAutism_5_152,MO,0.9278
MixedASDwithDelay_2_11,MX,ModerateAutism_5_233,MO,0.9147
MixedASDwithDelay_2_11,MX,ModerateAutism_5_239,MO,0.8872
MixedASDwithDelay_2_11,MX,ModerateAutism_6_246,MO,0.9774
MixedASDwithDelay_2_12,MX,ModerateAutism_1_1,MO,0.9744
MixedASDwithDelay_2_12,MX,ModerateAutism_1_4,MO,0.9444
MixedASDwithDelay_2_12,MX,ModerateAutism_2_12,MO,0.9975
MixedASDwithDelay_2_12,MX,ModerateAutism_2_15,MO,0.988
MixedASDwithDelay_2_12,MX,ModerateAutism_4_64,MO,0.9824
MixedASDwithDelay_2_12,MX,ModerateAutism_4_86,MO,0.9888
MixedASDwithDelay_2_12,MX,ModerateAutism_4_119,MO,0.9925
MixedASDwithDelay_2_12,MX,ModerateAutism_5_181,MO,0.997
MixedASDwithDelay_2_12,MX,ModerateAutism_5_186,MO,0.5527
MixedASDwithDelay_2_12,MX,ModerateAutism_5_193,MO,0.6634
MixedASDwithDelay_2_12,MX,ModerateAutism_5_233,MO,0.9956
MixedASDwithDelay_2_14,MX,ModerateAutism_1_2,MO,0.8486
MixedASDwithDelay_2_14,MX,ModerateAutism_4_93,MO,0.9804
MixedASDwithDelay_2_14,MX,ModerateAutism_4_126,MO,0.9752
MixedASDwithDelay_2_17,MX,ModerateAutism_4_96,MO,0.9683
MixedASDwithDelay_2_18,MX,ModerateAutism_5_157,MO,0.997
MixedASDwithDelay_2_20,MX,ModerateAutism_3_34,MO,0.6881
MixedASDwithDelay_2_20,MX,ModerateAutism_5_158,MO,0.9607
MixedASDwithDelay_3_26,MX,ModerateAutism_5_233,MO,0.9483
MixedASDwithDelay_3_26,MX,ModerateAutism_6_240,MO,0.9975
MixedASDwithDelay_3_29,MX,ModerateAutism_3_38,MO,0.9972
MixedASDwithDelay_3_29,MX,ModerateAutism_5_166,MO,0.9897
MixedASDwithDelay_3_31,MX,ModerateAutism_1_1,MO,0.9056
MixedASDwithDelay_3_31,MX,ModerateAutism_3_40,MO,0.6186
MixedASDwithDelay_3_31,MX,ModerateAutism_4_72,MO,0.5844
MixedASDwithDelay_3_31,MX,ModerateAutism_5_129,MO,0.9415
MixedASDwithDelay_3_31,MX,ModerateAutism_5_171,MO,0.896
MixedASDwithDelay_3_31,MX,ModerateAutism_5_236,MO,0.5841
MixedASDwithDelay_3_32,MX,ModerateAutism_2_12,MO,0.7077
MixedASDwithDelay_3_32,MX,ModerateAutism_3_40,MO,0.8288
MixedASDwithDelay_3_32,MX,ModerateAutism_4_64,MO,0.7111
MixedASDwithDelay_3_32,MX,ModerateAutism_4_86,MO,0.6204
MixedASDwithDelay_3_32,MX,ModerateAutism_4_119,MO,0.6446
MixedASDwithDelay_3_32,MX,ModerateAutism_5_128,MO,0.9894
MixedASDwithDelay_3_32,MX,ModerateAutism_5_129,MO,0.9906
MixedASDwithDelay_3_32,MX,ModerateAutism_5_133,MO,0.9399
MixedASDwithDelay_3_32,MX,ModerateAutism_5_181,MO,0.9961
MixedASDwithDelay_3_32,MX,ModerateAutism_5_182,MO,0.6791
MixedASDwithDelay_3_32,MX,ModerateAutism_6_251,MO,0.5782
MixedASDwithDelay_3_33,MX,ModerateAutism_1_1,MO,0.6563
MixedASDwithDelay_3_33,MX,ModerateAutism_1_4,MO,0.9274
MixedASDwithDelay_3_33,MX,ModerateAutism_2_15,MO,0.9911
MixedASDwithDelay_3_33,MX,ModerateAutism_3_40,MO,0.686
MixedASDwithDelay_3_33,MX,ModerateAutism_4_64,MO,0.9617
MixedASDwithDelay_3_33,MX,ModerateAutism_4_86,MO,0.6527
MixedASDwithDelay_3_33,MX,ModerateAutism_5_128,MO,0.9735
MixedASDwithDelay_3_33,MX,ModerateAutism_5_133,MO,0.9188
MixedASDwithDelay_3_33,MX,ModerateAutism_5_160,MO,0.9798
MixedASDwithDelay_3_33,MX,ModerateAutism_5_186,MO,0.6343
MixedASDwithDelay_3_33,MX,ModerateAutism_5_206,MO,0.9135
MixedASDwithDelay_3_33,MX,ModerateAutism_5_226,MO,0.5602
MixedASDwithDelay_3_33,MX,ModerateAutism_5_233,MO,0.9423
MixedASDwithDelay_3_33,MX,ModerateAutism_6_240,MO,0.9403
MixedASDwithDelay_3_33,MX,ModerateAutism_6_245,MO,0.9434
MixedASDwithDelay_3_33,MX,ModerateAutism_6_253,MO,0.6023
MixedASDwithDelay_3_33,MX,ModerateAutism_6_254,MO,0.9248
MixedASDwithDelay_3_34,MX,ModerateAutism_1_2,MO,0.9938
MixedASDwithDelay_3_34,MX,ModerateAutism_3_40,MO,0.9968
MixedASDwithDelay_3_34,MX,ModerateAutism_4_64,MO,0.5819
MixedASDwithDelay_3_34,MX,ModerateAutism_4_86,MO,0.9939
MixedASDwithDelay_3_34,MX,ModerateAutism_4_93,MO,0.9692
MixedASDwithDelay_3_34,MX,ModerateAutism_4_106,MO,0.9752
MixedASDwithDelay_3_34,MX,ModerateAutism_5_236,MO,0.9906
MixedASDwithDelay_3_39,MX,ModerateAutism_5_137,MO,0.9918
MixedASDwithDelay_3_40,MX,ModerateAutism_6_258,MO,0.9722
MixedASDwithDelay_3_49,MX,ModerateAutism_6_240,MO,0.997
MixedASDwithDelay_3_49,MX,ModerateAutism_6_258,MO,0.9301
MixedASDwithDelay_3_50,MX,ModerateAutism_2_11,MO,0.7881
MixedASDwithDelay_3_51,MX,ModerateAutism_3_32,MO,0.9827
MixedASDwithDelay_3_51,MX,ModerateAutism_5_222,MO,0.9399
MixedASDwithDelay_3_53,MX,ModerateAutism_3_33,MO,0.6937
MixedASDwithDelay_3_53,MX,ModerateAutism_3_47,MO,0.6745
MixedASDwithDelay_3_53,MX,ModerateAutism_4_96,MO,0.975
MixedASDwithDelay_3_53,MX,ModerateAutism_4_105,MO,0.9928
MixedASDwithDelay_3_53,MX,ModerateAutism_5_137,MO,0.9971
MixedASDwithDelay_3_53,MX,ModerateAutism_6_251,MO,0.9825
MixedASDwithDelay_3_54,MX,ModerateAutism_2_9,MO,0.9819
MixedASDwithDelay_3_54,MX,ModerateAutism_3_33,MO,0.9717
MixedASDwithDelay_3_54,MX,ModerateAutism_3_47,MO,0.9976
MixedASDwithDelay_3_54,MX,ModerateAutism_4_105,MO,0.9972
MixedASDwithDelay_3_54,MX,ModerateAutism_4_106,MO,0.8773
MixedASDwithDelay_3_54,MX,ModerateAutism_5_127,MO,0.9321
MixedASDwithDelay_3_54,MX,ModerateAutism_5_178,MO,0.7632
MixedASDwithDelay_3_54,MX,ModerateAutism_5_200,MO,0.997
MixedASDwithDelay_3_54,MX,ModerateAutism_6_251,MO,0.9693
MixedASDwithDelay_3_56,MX,ModerateAutism_2_9,MO,0.9509
MixedASDwithDelay_3_56,MX,ModerateAutism_3_33,MO,0.974
MixedASDwithDelay_3_56,MX,ModerateAutism_4_71,MO,0.9696
MixedASDwithDelay_3_56,MX,ModerateAutism_4_105,MO,0.7925
MixedASDwithDelay_3_56,MX,ModerateAutism_4_106,MO,0.9652
MixedASDwithDelay_3_56,MX,ModerateAutism_5_178,MO,0.6974
MixedASDwithDelay_3_57,MX,ModerateAutism_2_15,MO,0.5818
MixedASDwithDelay_3_57,MX,ModerateAutism_4_64,MO,0.9909
MixedASDwithDelay_3_57,MX,ModerateAutism_4_109,MO,0.9737
MixedASDwithDelay_3_57,MX,ModerateAutism_5_128,MO,0.9316
MixedASDwithDelay_3_57,MX,ModerateAutism_5_170,MO,0.9769
MixedASDwithDelay_3_57,MX,ModerateAutism_5_206,MO,0.5989
MixedASDwithDelay_3_57,MX,ModerateAutism_5_228,MO,0.9727
MixedASDwithDelay_3_57,MX,ModerateAutism_6_250,MO,0.9927
MixedASDwithDelay_3_57,MX,ModerateAutism_6_253,MO,0.9598
MixedASDwithDelay_3_57,MX,ModerateAutism_6_254,MO,0.9804
MixedASDwithDelay_3_60,MX,ModerateAutism_1_4,MO,0.9209
MixedASDwithDelay_3_60,MX,ModerateAutism_4_119,MO,0.8973
MixedASDwithDelay_3_60,MX,ModerateAutism_5_129,MO,0.5743
MixedASDwithDelay_3_60,MX,ModerateAutism_5_175,MO,0.7775
MixedASDwithDelay_3_60,MX,ModerateAutism_5_181,MO,0.9735
MixedASDwithDelay_3_60,MX,ModerateAutism_5_182,MO,0.893
MixedASDwithDelay_3_60,MX,ModerateAutism_5_193,MO,0.6269
MixedASDwithDelay_3_60,MX,ModerateAutism_6_240,MO,0.9287
MixedASDwithDelay_3_60,MX,ModerateAutism_6_250,MO,0.8851
MixedASDwithDelay_3_60,MX,ModerateAutism_6_253,MO,0.7883
MixedASDwithDelay_4_61,MX,ModerateAutism_2_15,MO,0.5957
MixedASDwithDelay_4_62,MX,ModerateAutism_1_4,MO,0.9894
MixedASDwithDelay_4_62,MX,ModerateAutism_2_15,MO,0.6349
MixedASDwithDelay_4_62,MX,ModerateAutism_4_86,MO,0.9214
MixedASDwithDelay_4_62,MX,ModerateAutism_4_119,MO,0.8361
MixedASDwithDelay_4_62,MX,ModerateAutism_4_121,MO,0.9634
MixedASDwithDelay_4_62,MX,ModerateAutism_5_183,MO,0.9097
MixedASDwithDelay_4_62,MX,ModerateAutism_5_186,MO,0.7265
MixedASDwithDelay_4_62,MX,ModerateAutism_5_193,MO,0.9895
MixedASDwithDelay_4_62,MX,ModerateAutism_6_253,MO,0.8956
MixedASDwithDelay_4_62,MX,ModerateAutism_6_260,MO,0.8349
MixedASDwithDelay_4_64,MX,ModerateAutism_3_56,MO,0.977
MixedASDwithDelay_4_64,MX,ModerateAutism_5_233,MO,0.9645
MixedASDwithDelay_4_65,MX,ModerateAutism_3_30,MO,0.9888
MixedASDwithDelay_4_68,MX,ModerateAutism_1_4,MO,0.566
MixedASDwithDelay_4_68,MX,ModerateAutism_4_121,MO,0.8788
MixedASDwithDelay_4_68,MX,ModerateAutism_5_186,MO,0.9005
MixedASDwithDelay_4_68,MX,ModerateAutism_5_233,MO,0.5518
MixedASDwithDelay_4_68,MX,ModerateAutism_6_246,MO,0.6765
MixedASDwithDelay_4_69,MX,ModerateAutism_3_33,MO,0.8993
MixedASDwithDelay_4_69,MX,ModerateAutism_4_71,MO,0.996
MixedASDwithDelay_4_69,MX,ModerateAutism_4_93,MO,0.9836
MixedASDwithDelay_4_69,MX,ModerateAutism_4_105,MO,0.6878
MixedASDwithDelay_4_69,MX,ModerateAutism_4_106,MO,0.9612
MixedASDwithDelay_4_69,MX,ModerateAutism_4_126,MO,0.9842
MixedASDwithDelay_4_69,MX,ModerateAutism_5_127,MO,0.9947
MixedASDwithDelay_4_69,MX,ModerateAutism_5_178,MO,0.9835
MixedASDwithDelay_4_69,MX,ModerateAutism_5_200,MO,0.9383
MixedASDwithDelay_4_69,MX,ModerateAutism_5_236,MO,0.5779
MixedASDwithDelay_4_69,MX,ModerateAutism_5_237,MO,0.9364
MixedASDwithDelay_4_70,MX,ModerateAutism_3_53,MO,0.9969
MixedASDwithDelay_4_70,MX,ModerateAutism_6_261,MO,0.9794
MixedASDwithDelay_4_72,MX,ModerateAutism_1_1,MO,0.7315
MixedASDwithDelay_4_72,MX,ModerateAutism_1_4,MO,0.9819
MixedASDwithDelay_4_72,MX,ModerateAutism_2_12,MO,0.9931
MixedASDwithDelay_4_72,MX,ModerateAutism_2_15,MO,0.9959
MixedASDwithDelay_4_72,MX,ModerateAutism_4_86,MO,0.9903
MixedASDwithDelay_4_72,MX,ModerateAutism_4_119,MO,0.9351
MixedASDwithDelay_4_72,MX,ModerateAutism_5_181,MO,0.6103
MixedASDwithDelay_4_72,MX,ModerateAutism_5_186,MO,0.9892
MixedASDwithDelay_4_72,MX,ModerateAutism_6_245,MO,0.993
MixedASDwithDelay_4_72,MX,ModerateAutism_6_253,MO,0.9742
MixedASDwithDelay_4_73,MX,ModerateAutism_1_5,MO,0.9959
MixedASDwithDelay_4_74,MX,ModerateAutism_1_4,MO,0.8711
MixedASDwithDelay_4_74,MX,ModerateAutism_4_121,MO,0.996
MixedASDwithDelay_4_74,MX,ModerateAutism_5_186,MO,0.9735
MixedASDwithDelay_4_74,MX,ModerateAutism_5_233,MO,0.6718
MixedASDwithDelay_4_74,MX,ModerateAutism_6_246,MO,0.8246
MixedASDwithDelay_4_75,MX,ModerateAutism_3_38,MO,0.9899
MixedASDwithDelay_4_75,MX,ModerateAutism_5_166,MO,0.6094
MixedASDwithDelay_4_77,MX,ModerateAutism_2_12,MO,0.5854
MixedASDwithDelay_4_77,MX,ModerateAutism_2_15,MO,0.62
MixedASDwithDelay_4_77,MX,ModerateAutism_4_64,MO,0.9926
MixedASDwithDelay_4_77,MX,ModerateAutism_4_86,MO,0.6633
MixedASDwithDelay_4_77,MX,ModerateAutism_5_128,MO,0.9945
MixedASDwithDelay_4_77,MX,ModerateAutism_5_133,MO,0.9656
MixedASDwithDelay_4_77,MX,ModerateAutism_5_160,MO,0.9953
MixedASDwithDelay_4_77,MX,ModerateAutism_5_170,MO,0.6293
MixedASDwithDelay_4_77,MX,ModerateAutism_5_171,MO,0.9692
MixedASDwithDelay_4_77,MX,ModerateAutism_5_182,MO,0.9788
MixedASDwithDelay_4_80,MX,ModerateAutism_2_17,MO,0.9962
MixedASDwithDelay_4_80,MX,ModerateAutism_5_162,MO,0.9865
MixedASDwithDelay_4_80,MX,ModerateAutism_6_262,MO,0.9478
MixedASDwithDelay_4_82,MX,ModerateAutism_3_40,MO,0.9167
MixedASDwithDelay_4_82,MX,ModerateAutism_4_106,MO,0.9973
MixedASDwithDelay_4_82,MX,ModerateAutism_5_175,MO,0.5629
MixedASDwithDelay_4_82,MX,ModerateAutism_5_178,MO,0.9495
MixedASDwithDelay_4_82,MX,ModerateAutism_5_187,MO,0.9337
MixedASDwithDelay_4_82,MX,ModerateAutism_5_200,MO,0.7599
MixedASDwithDelay_4_82,MX,ModerateAutism_5_236,MO,0.9815
MixedASDwithDelay_4_82,MX,ModerateAutism_6_247,MO,0.9884
MixedASDwithDelay_4_82,MX,ModerateAutism_6_251,MO,0.9869
MixedASDwithDelay_4_87,MX,ModerateAutism_3_36,MO,0.8887
MixedASDwithDelay_4_87,MX,ModerateAutism_4_90,MO,0.6602
MixedASDwithDelay_4_87,MX,ModerateAutism_5_216,MO,0.9187
MixedASDwithDelay_4_89,MX,ModerateAutism_3_40,MO,0.8597
MixedASDwithDelay_4_89,MX,ModerateAutism_4_126,MO,0.6248
MixedASDwithDelay_4_89,MX,ModerateAutism_5_181,MO,0.9582
MixedASDwithDelay_4_90,MX,ModerateAutism_4_114,MO,0.5852
MixedASDwithDelay_4_96,MX,ModerateAutism_1_2,MO,0.5859
MixedASDwithDelay_4_96,MX,ModerateAutism_2_9,MO,0.9676
MixedASDwithDelay_4_96,MX,ModerateAutism_3_33,MO,0.9963
MixedASDwithDelay_4_96,MX,ModerateAutism_3_47,MO,0.9803
MixedASDwithDelay_4_96,MX,ModerateAutism_4_93,MO,0.9959
MixedASDwithDelay_4_96,MX,ModerateAutism_4_126,MO,0.8351
MixedASDwithDelay_4_96,MX,ModerateAutism_5_178,MO,0.643
MixedASDwithDelay_4_96,MX,ModerateAutism_5_200,MO,0.9665
MixedASDwithDelay_4_100,MX,ModerateAutism_3_32,MO,0.9872
MixedASDwithDelay_4_104,MX,ModerateAutism_2_15,MO,0.9809
MixedASDwithDelay_4_104,MX,ModerateAutism_4_86,MO,0.9807
MixedASDwithDelay_4_104,MX,ModerateAutism_4_87,MO,0.8816
MixedASDwithDelay_4_104,MX,ModerateAutism_4_119,MO,0.9697
MixedASDwithDelay_4_104,MX,ModerateAutism_5_165,MO,0.997
MixedASDwithDelay_4_104,MX,ModerateAutism_5_181,MO,0.954
MixedASDwithDelay_4_104,MX,ModerateAutism_5_186,MO,0.9182
MixedASDwithDelay_4_104,MX,ModerateAutism_5_193,MO,0.9893
MixedASDwithDelay_4_104,MX,ModerateAutism_5_233,MO,0.9897
MixedASDwithDelay_4_104,MX,ModerateAutism_6_253,MO,0.718
MixedASDwithDelay_4_104,MX,ModerateAutism_6_260,MO,0.8084
MixedASDwithDelay_4_107,MX,ModerateAutism_5_205,MO,0.9862
MixedASDwithDelay_4_108,MX,ModerateAutism_1_4,MO,0.9914
MixedASDwithDelay_4_108,MX,ModerateAutism_2_15,MO,0.7419
MixedASDwithDelay_4_108,MX,ModerateAutism_5_186,MO,0.9892
MixedASDwithDelay_4_108,MX,ModerateAutism_5_193,MO,0.9924
MixedASDwithDelay_4_108,MX,ModerateAutism_6_250,MO,0.9538
MixedASDwithDelay_4_108,MX,ModerateAutism_6_253,MO,0.9763
MixedASDwithDelay_4_108,MX,ModerateAutism_6_254,MO,0.938
MixedASDwithDelay_4_109,MX,ModerateAutism_1_2,MO,0.8387
MixedASDwithDelay_4_109,MX,ModerateAutism_2_9,MO,0.9709
MixedASDwithDelay_4_109,MX,ModerateAutism_3_33,MO,0.971
MixedASDwithDelay_4_109,MX,ModerateAutism_3_40,MO,0.9257
MixedASDwithDelay_4_109,MX,ModerateAutism_3_47,MO,0.7928
MixedASDwithDelay_4_109,MX,ModerateAutism_4_71,MO,0.5791
MixedASDwithDelay_4_109,MX,ModerateAutism_4_93,MO,0.9887
MixedASDwithDelay_4_109,MX,ModerateAutism_4_106,MO,0.9878
MixedASDwithDelay_4_109,MX,ModerateAutism_4_126,MO,0.9922
MixedASDwithDelay_4_109,MX,ModerateAutism_5_160,MO,0.9005
MixedASDwithDelay_4_109,MX,ModerateAutism_5_178,MO,0.9639
MixedASDwithDelay_4_109,MX,ModerateAutism_5_201,MO,0.9773
MixedASDwithDelay_4_109,MX,ModerateAutism_6_251,MO,0.9638
MixedASDwithDelay_4_110,MX,ModerateAutism_5_170,MO,0.9878
MixedASDwithDelay_4_110,MX,ModerateAutism_5_228,MO,0.9884
MixedASDwithDelay_4_110,MX,ModerateAutism_6_250,MO,0.8379
MixedASDwithDelay_4_110,MX,ModerateAutism_6_253,MO,0.9688
MixedASDwithDelay_4_110,MX,ModerateAutism_6_254,MO,0.7883
MixedASDwithDelay_4_111,MX,ModerateAutism_3_53,MO,0.9862
MixedASDwithDelay_4_111,MX,ModerateAutism_6_256,MO,0.9924
MixedASDwithDelay_4_113,MX,ModerateAutism_1_4,MO,0.967
MixedASDwithDelay_4_113,MX,ModerateAutism_2_15,MO,0.8306
MixedASDwithDelay_4_113,MX,ModerateAutism_5_186,MO,0.6642
MixedASDwithDelay_4_113,MX,ModerateAutism_5_193,MO,0.99
MixedASDwithDelay_4_113,MX,ModerateAutism_6_250,MO,0.9936
MixedASDwithDelay_4_113,MX,ModerateAutism_6_253,MO,0.9847
MixedASDwithDelay_4_120,MX,ModerateAutism_4_106,MO,0.7551
MixedASDwithDelay_4_120,MX,ModerateAutism_4_126,MO,0.9168
MixedASDwithDelay_4_120,MX,ModerateAutism_5_197,MO,0.9861
MixedASDwithDelay_4_120,MX,ModerateAutism_6_247,MO,0.9786
MixedASDwithDelay_4_120,MX,ModerateAutism_6_251,MO,0.899
MixedASDwithDelay_4_124,MX,ModerateAutism_1_2,MO,0.9261
MixedASDwithDelay_4_124,MX,ModerateAutism_3_47,MO,0.9733
MixedASDwithDelay_4_124,MX,ModerateAutism_4_93,MO,0.9918
MixedASDwithDelay_4_124,MX,ModerateAutism_5_200,MO,0.9826
MixedASDwithDelay_5_129,MX,ModerateAutism_4_64,MO,0.8859
MixedASDwithDelay_5_129,MX,ModerateAutism_5_141,MO,0.998
MixedASDwithDelay_5_129,MX,ModerateAutism_5_181,MO,0.9724
MixedASDwithDelay_5_129,MX,ModerateAutism_6_258,MO,0.8981
MixedASDwithDelay_5_135,MX,ModerateAutism_4_64,MO,0.9692
MixedASDwithDelay_5_137,MX,ModerateAutism_1_4,MO,0.9837
MixedASDwithDelay_5_137,MX,ModerateAutism_2_8,MO,0.8637
MixedASDwithDelay_5_137,MX,ModerateAutism_5_165,MO,0.7344
MixedASDwithDelay_5_137,MX,ModerateAutism_5_186,MO,0.9829
MixedASDwithDelay_5_137,MX,ModerateAutism_5_193,MO,0.9164
MixedASDwithDelay_5_137,MX,ModerateAutism_6_250,MO,0.7805
MixedASDwithDelay_5_137,MX,ModerateAutism_6_253,MO,0.7223
MixedASDwithDelay_5_139,MX,ModerateAutism_1_4,MO,0.9912
MixedASDwithDelay_5_139,MX,ModerateAutism_2_15,MO,0.8047
MixedASDwithDelay_5_139,MX,ModerateAutism_5_165,MO,0.9738
MixedASDwithDelay_5_139,MX,ModerateAutism_5_183,MO,0.9461
MixedASDwithDelay_5_139,MX,ModerateAutism_5_186,MO,0.9519
MixedASDwithDelay_5_139,MX,ModerateAutism_5_193,MO,0.9833
MixedASDwithDelay_5_139,MX,ModerateAutism_5_233,MO,0.8981
MixedASDwithDelay_5_139,MX,ModerateAutism_6_250,MO,0.9667
MixedASDwithDelay_5_139,MX,ModerateAutism_6_253,MO,0.9759
MixedASDwithDelay_5_140,MX,ModerateAutism_3_30,MO,0.9859
MixedASDwithDelay_5_140,MX,ModerateAutism_3_33,MO,0.8236
MixedASDwithDelay_5_140,MX,ModerateAutism_4_105,MO,0.9065
MixedASDwithDelay_5_140,MX,ModerateAutism_4_106,MO,0.6137
MixedASDwithDelay_5_140,MX,ModerateAutism_5_200,MO,0.572
MixedASDwithDelay_5_143,MX,ModerateAutism_1_5,MO,0.9681
MixedASDwithDelay_5_143,MX,ModerateAutism_2_23,MO,0.8288
MixedASDwithDelay_5_143,MX,ModerateAutism_4_71,MO,0.9943
MixedASDwithDelay_5_143,MX,ModerateAutism_5_127,MO,0.9886
MixedASDwithDelay_5_143,MX,ModerateAutism_5_178,MO,0.9941
MixedASDwithDelay_5_143,MX,ModerateAutism_5_237,MO,0.9783
MixedASDwithDelay_5_144,MX,ModerateAutism_3_56,MO,0.9938
MixedASDwithDelay_5_144,MX,ModerateAutism_5_152,MO,0.9646
MixedASDwithDelay_5_144,MX,ModerateAutism_6_246,MO,0.707
MixedASDwithDelay_5_149,MX,ModerateAutism_2_16,MO,0.9739
MixedASDwithDelay_5_149,MX,ModerateAutism_3_36,MO,0.9834
MixedASDwithDelay_5_149,MX,ModerateAutism_3_44,MO,0.8102
MixedASDwithDelay_5_149,MX,ModerateAutism_3_57,MO,0.702
MixedASDwithDelay_5_149,MX,ModerateAutism_4_90,MO,0.9526
MixedASDwithDelay_5_149,MX,ModerateAutism_6_263,MO,0.9753
MixedASDwithDelay_5_152,MX,ModerateAutism_5_176,MO,0.9806
MixedASDwithDelay_5_155,MX,ModerateAutism_4_64,MO,0.662
MixedASDwithDelay_5_155,MX,ModerateAutism_5_170,MO,0.7181
MixedASDwithDelay_5_155,MX,ModerateAutism_5_181,MO,0.9677
MixedASDwithDelay_5_155,MX,ModerateAutism_6_250,MO,0.9736
MixedASDwithDelay_5_155,MX,ModerateAutism_6_254,MO,0.9867
MixedASDwithDelay_5_158,MX,ModerateAutism_2_15,MO,0.9731
MixedASDwithDelay_5_158,MX,ModerateAutism_4_64,MO,0.976
MixedASDwithDelay_5_158,MX,ModerateAutism_4_87,MO,0.9131
MixedASDwithDelay_5_158,MX,ModerateAutism_4_109,MO,0.9725
MixedASDwithDelay_5_158,MX,ModerateAutism_5_128,MO,0.7762
MixedASDwithDelay_5_158,MX,ModerateAutism_5_129,MO,0.9648
MixedASDwithDelay_5_158,MX,ModerateAutism_5_133,MO,0.9606
MixedASDwithDelay_5_158,MX,ModerateAutism_5_141,MO,0.9739
MixedASDwithDelay_5_158,MX,ModerateAutism_5_170,MO,0.9869
MixedASDwithDelay_5_158,MX,ModerateAutism_5_171,MO,0.7304
MixedASDwithDelay_5_158,MX,ModerateAutism_5_181,MO,0.7964
MixedASDwithDelay_5_158,MX,ModerateAutism_5_182,MO,0.5534
MixedASDwithDelay_5_158,MX,ModerateAutism_5_183,MO,0.5556
MixedASDwithDelay_5_158,MX,ModerateAutism_5_233,MO,0.9
MixedASDwithDelay_5_158,MX,ModerateAutism_5_236,MO,0.6569
MixedASDwithDelay_5_158,MX,ModerateAutism_6_245,MO,0.9809
MixedASDwithDelay_5_158,MX,ModerateAutism_6_250,MO,0.992
MixedASDwithDelay_5_158,MX,ModerateAutism_6_253,MO,0.9428
MixedASDwithDelay_5_158,MX,ModerateAutism_6_254,MO,0.9931
MixedASDwithDelay_5_159,MX,ModerateAutism_1_1,MO,0.9648
MixedASDwithDelay_5_159,MX,ModerateAutism_4_64,MO,0.9781
MixedASDwithDelay_5_159,MX,ModerateAutism_5_128,MO,0.9171
MixedASDwithDelay_5_159,MX,ModerateAutism_5_175,MO,0.5553
MixedASDwithDelay_5_159,MX,ModerateAutism_5_181,MO,0.99
MixedASDwithDelay_5_159,MX,ModerateAutism_5_233,MO,0.6066
MixedASDwithDelay_5_159,MX,ModerateAutism_6_250,MO,0.9588
MixedASDwithDelay_5_160,MX,ModerateAutism_5_186,MO,0.9935
MixedASDwithDelay_5_160,MX,ModerateAutism_5_233,MO,0.9775
MixedASDwithDelay_5_160,MX,ModerateAutism_6_240,MO,0.9798
MixedASDwithDelay_5_160,MX,ModerateAutism_6_253,MO,0.6416
MixedASDwithDelay_5_164,MX,ModerateAutism_4_88,MO,0.9911
MixedASDwithDelay_5_170,MX,ModerateAutism_1_5,MO,0.9623
MixedASDwithDelay_5_170,MX,ModerateAutism_2_9,MO,0.9394
MixedASDwithDelay_5_170,MX,ModerateAutism_3_33,MO,0.9578
MixedASDwithDelay_5_170,MX,ModerateAutism_3_47,MO,0.6121
MixedASDwithDelay_5_170,MX,ModerateAutism_4_105,MO,0.971
MixedASDwithDelay_5_170,MX,ModerateAutism_4_106,MO,0.9789
MixedASDwithDelay_5_170,MX,ModerateAutism_5_178,MO,0.9729
MixedASDwithDelay_5_170,MX,ModerateAutism_5_200,MO,0.9805
MixedASDwithDelay_5_170,MX,ModerateAutism_6_251,MO,0.9383
MixedASDwithDelay_5_173,MX,ModerateAutism_6_258,MO,0.9797
MixedASDwithDelay_5_176,MX,ModerateAutism_4_66,MO,0.9968
MixedASDwithDelay_5_179,MX,ModerateAutism_1_2,MO,0.9646
MixedASDwithDelay_5_179,MX,ModerateAutism_2_12,MO,0.9676
MixedASDwithDelay_5_179,MX,ModerateAutism_4_71,MO,0.8752
MixedASDwithDelay_5_179,MX,ModerateAutism_4_86,MO,0.9868
MixedASDwithDelay_5_179,MX,ModerateAutism_4_93,MO,0.5711
MixedASDwithDelay_5_179,MX,ModerateAutism_5_220,MO,0.881
MixedASDwithDelay_5_179,MX,ModerateAutism_6_245,MO,0.9795
MixedASDwithDelay_5_180,MX,ModerateAutism_5_148,MO,0.9815
MixedASDwithDelay_5_180,MX,ModerateAutism_6_258,MO,0.9821
MixedASDwithDelay_5_181,MX,ModerateAutism_3_56,MO,0.6082
MixedASDwithDelay_5_181,MX,ModerateAutism_5_152,MO,0.9556
MixedASDwithDelay_5_182,MX,ModerateAutism_1_4,MO,0.9955
MixedASDwithDelay_5_182,MX,ModerateAutism_2_12,MO,0.9725
MixedASDwithDelay_5_182,MX,ModerateAutism_2_15,MO,0.9766
MixedASDwithDelay_5_182,MX,ModerateAutism_4_86,MO,0.9927
MixedASDwithDelay_5_182,MX,ModerateAutism_4_119,MO,0.8433
MixedASDwithDelay_5_182,MX,ModerateAutism_4_121,MO,0.9809
MixedASDwithDelay_5_182,MX,ModerateAutism_5_165,MO,0.7355
MixedASDwithDelay_5_182,MX,ModerateAutism_5_175,MO,0.8571
MixedASDwithDelay_5_182,MX,ModerateAutism_5_186,MO,0.645
MixedASDwithDelay_5_182,MX,ModerateAutism_5_193,MO,0.9913
MixedASDwithDelay_5_182,MX,ModerateAutism_6_253,MO,0.828
MixedASDwithDelay_5_193,MX,ModerateAutism_5_229,MO,0.9919
MixedASDwithDelay_5_193,MX,ModerateAutism_5_236,MO,0.9422
MixedASDwithDelay_5_196,MX,ModerateAutism_4_66,MO,0.9325
MixedASDwithDelay_5_200,MX,ModerateAutism_5_141,MO,0.6346
MixedASDwithDelay_5_200,MX,ModerateAutism_6_250,MO,0.9843
MixedASDwithDelay_5_200,MX,ModerateAutism_6_254,MO,0.6645
MixedASDwithDelay_5_203,MX,ModerateAutism_1_2,MO,0.9954
MixedASDwithDelay_5_203,MX,ModerateAutism_2_7,MO,0.9787
MixedASDwithDelay_5_203,MX,ModerateAutism_2_9,MO,0.9174
MixedASDwithDelay_5_203,MX,ModerateAutism_3_33,MO,0.9606
MixedASDwithDelay_5_203,MX,ModerateAutism_3_40,MO,0.9901
MixedASDwithDelay_5_203,MX,ModerateAutism_4_86,MO,0.9819
MixedASDwithDelay_5_203,MX,ModerateAutism_4_93,MO,0.806
MixedASDwithDelay_5_203,MX,ModerateAutism_4_106,MO,0.9882
MixedASDwithDelay_5_203,MX,ModerateAutism_4_126,MO,0.7899
MixedASDwithDelay_5_203,MX,ModerateAutism_5_160,MO,0.971
MixedASDwithDelay_5_203,MX,ModerateAutism_6_251,MO,0.9918
MixedASDwithDelay_5_205,MX,ModerateAutism_1_1,MO,0.5807
MixedASDwithDelay_5_205,MX,ModerateAutism_1_4,MO,0.6034
MixedASDwithDelay_5_205,MX,ModerateAutism_2_12,MO,0.9937
MixedASDwithDelay_5_205,MX,ModerateAutism_2_15,MO,0.9944
MixedASDwithDelay_5_205,MX,ModerateAutism_4_64,MO,0.9645
MixedASDwithDelay_5_205,MX,ModerateAutism_4_86,MO,0.9959
MixedASDwithDelay_5_205,MX,ModerateAutism_4_119,MO,0.9894
MixedASDwithDelay_5_205,MX,ModerateAutism_5_181,MO,0.8934
MixedASDwithDelay_5_205,MX,ModerateAutism_5_186,MO,0.5958
MixedASDwithDelay_5_205,MX,ModerateAutism_6_245,MO,0.9938
MixedASDwithDelay_5_205,MX,ModerateAutism_6_260,MO,0.975
MixedASDwithDelay_5_206,MX,ModerateAutism_4_93,MO,0.6946
MixedASDwithDelay_5_206,MX,ModerateAutism_5_178,MO,0.6113
MixedASDwithDelay_5_206,MX,ModerateAutism_5_237,MO,0.9943
MixedASDwithDelay_5_208,MX,ModerateAutism_4_79,MO,0.5738
MixedASDwithDelay_5_216,MX,ModerateAutism_1_1,MO,0.6107
MixedASDwithDelay_5_216,MX,ModerateAutism_1_2,MO,0.9553
MixedASDwithDelay_5_216,MX,ModerateAutism_1_4,MO,0.9863
MixedASDwithDelay_5_216,MX,ModerateAutism_2_7,MO,0.997
MixedASDwithDelay_5_216,MX,ModerateAutism_2_12,MO,0.9962
MixedASDwithDelay_5_216,MX,ModerateAutism_2_15,MO,0.9873
MixedASDwithDelay_5_216,MX,ModerateAutism_3_40,MO,0.9981
MixedASDwithDelay_5_216,MX,ModerateAutism_4_64,MO,0.8928
MixedASDwithDelay_5_216,MX,ModerateAutism_4_86,MO,0.9974
MixedASDwithDelay_5_216,MX,ModerateAutism_4_93,MO,0.9356
MixedASDwithDelay_5_216,MX,ModerateAutism_5_133,MO,0.7188
MixedASDwithDelay_5_216,MX,ModerateAutism_5_186,MO,0.8851
MixedASDwithDelay_5_216,MX,ModerateAutism_5_193,MO,0.9539
MixedASDwithDelay_5_216,MX,ModerateAutism_5_233,MO,0.8876
MixedASDwithDelay_5_216,MX,ModerateAutism_5_236,MO,0.9909
MixedASDwithDelay_5_217,MX,ModerateAutism_3_34,MO,0.9974
MixedASDwithDelay_5_217,MX,ModerateAutism_5_158,MO,0.9957
MixedASDwithDelay_5_217,MX,ModerateAutism_6_243,MO,0.9588
MixedASDwithDelay_5_226,MX,ModerateAutism_5_183,MO,0.8235
MixedASDwithDelay_5_226,MX,ModerateAutism_6_253,MO,0.9964
MixedASDwithDelay_5_229,MX,ModerateAutism_2_9,MO,0.9932
MixedASDwithDelay_5_229,MX,ModerateAutism_2_22,MO,0.563
MixedASDwithDelay_5_229,MX,ModerateAutism_3_33,MO,0.9866
MixedASDwithDelay_5_229,MX,ModerateAutism_3_47,MO,0.988
MixedASDwithDelay_5_229,MX,ModerateAutism_4_105,MO,0.9953
MixedASDwithDelay_5_229,MX,ModerateAutism_5_178,MO,0.6163
MixedASDwithDelay_5_229,MX,ModerateAutism_5_200,MO,0.9967
MixedASDwithDelay_5_229,MX,ModerateAutism_6_251,MO,0.9896
MixedASDwithDelay_6_231,MX,ModerateAutism_2_8,MO,0.5691
MixedASDwithDelay_6_231,MX,ModerateAutism_5_159,MO,0.9249
MixedASDwithDelay_6_231,MX,ModerateAutism_5_180,MO,0.9709
MixedASDwithDelay_6_232,MX,ModerateAutism_1_1,MO,0.9103
MixedASDwithDelay_6_232,MX,ModerateAutism_2_12,MO,0.9893
MixedASDwithDelay_6_232,MX,ModerateAutism_3_40,MO,0.9901
MixedASDwithDelay_6_232,MX,ModerateAutism_4_119,MO,0.9852
MixedASDwithDelay_6_232,MX,ModerateAutism_5_181,MO,0.9943
MixedASDwithDelay_6_233,MX,ModerateAutism_3_56,MO,0.6362
MixedASDwithDelay_6_234,MX,ModerateAutism_5_148,MO,0.9862
MixedASDwithDelay_6_234,MX,ModerateAutism_5_198,MO,0.5775
MixedASDwithDelay_6_234,MX,ModerateAutism_6_254,MO,0.5593
MixedASDwithDelay_6_234,MX,ModerateAutism_6_258,MO,0.9937
MixedASDwithDelay_6_234,MX,ModerateAutism_6_261,MO,0.6428
MixedASDwithDelay_6_240,MX,ModerateAutism_1_2,MO,0.9721
MixedASDwithDelay_6_240,MX,ModerateAutism_2_13,MO,0.837
MixedASDwithDelay_6_240,MX,ModerateAutism_3_33,MO,0.8247
MixedASDwithDelay_6_240,MX,ModerateAutism_3_47,MO,0.9266
MixedASDwithDelay_6_240,MX,ModerateAutism_4_71,MO,0.9859
MixedASDwithDelay_6_240,MX,ModerateAutism_4_93,MO,0.9888
MixedASDwithDelay_6_240,MX,ModerateAutism_4_105,MO,0.596
MixedASDwithDelay_6_240,MX,ModerateAutism_4_106,MO,0.7581
MixedASDwithDelay_6_240,MX,ModerateAutism_4_126,MO,0.9559
MixedASDwithDelay_6_240,MX,ModerateAutism_5_127,MO,0.9814
MixedASDwithDelay_6_240,MX,ModerateAutism_5_178,MO,0.7073
MixedASDwithDelay_6_240,MX,ModerateAutism_5_187,MO,0.8216
MixedASDwithDelay_6_240,MX,ModerateAutism_5_200,MO,0.9679
MixedASDwithDelay_6_240,MX,ModerateAutism_5_237,MO,0.8938
MixedASDwithDelay_6_244,MX,ModerateAutism_2_16,MO,0.9788
MixedASDwithDelay_6_244,MX,ModerateAutism_3_36,MO,0.8652
MixedASDwithDelay_6_244,MX,ModerateAutism_3_57,MO,0.9584
MixedASDwithDelay_6_244,MX,ModerateAutism_5_216,MO,0.9711
MixedASDwithDelay_6_244,MX,ModerateAutism_6_263,MO,0.9829
MixedASDwithDelay_6_247,MX,ModerateAutism_2_22,MO,0.9574
MixedASDwithDelay_6_247,MX,ModerateAutism_3_47,MO,0.8562
MixedASDwithDelay_6_247,MX,ModerateAutism_4_105,MO,0.8001
MixedASDwithDelay_6_247,MX,ModerateAutism_5_127,MO,0.9389
MixedASDwithDelay_6_247,MX,ModerateAutism_5_187,MO,0.873
MixedASDwithDelay_6_247,MX,ModerateAutism_5_200,MO,0.9896
MixedASDwithDelay_6_251,MX,ModerateAutism_2_16,MO,0.7413
MixedASDwithDelay_6_251,MX,ModerateAutism_5_222,MO,0.9847
MixedASDwithDelay_6_255,MX,ModerateAutism_2_9,MO,0.6949
MixedASDwithDelay_6_255,MX,ModerateAutism_3_33,MO,0.9944
MixedASDwithDelay_6_255,MX,ModerateAutism_3_47,MO,0.9724
MixedASDwithDelay_6_255,MX,ModerateAutism_4_93,MO,0.994
MixedASDwithDelay_6_255,MX,ModerateAutism_4_105,MO,0.8144
MixedASDwithDelay_6_255,MX,ModerateAutism_4_106,MO,0.9105
MixedASDwithDelay_6_255,MX,ModerateAutism_4_126,MO,0.6513
MixedASDwithDelay_6_255,MX,ModerateAutism_5_178,MO,0.9268
MixedASDwithDelay_6_255,MX,ModerateAutism_5_200,MO,0.9495
MixedASDwithDelay_6_256,MX,ModerateAutism_1_5,MO,0.9924
MixedASDwithDelay_6_256,MX,ModerateAutism_2_23,MO,0.9959
MixedASDwithDelay_6_256,MX,ModerateAutism_4_71,MO,0.9695
MixedASDwithDelay_6_256,MX,ModerateAutism_4_105,MO,0.8188
MixedASDwithDelay_6_256,MX,ModerateAutism_5_178,MO,0.9432
MixedASDwithDelay_6_256,MX,ModerateAutism_5_237,MO,0.9918
MixedASDwithDelay_6_260,MX,ModerateAutism_1_4,MO,0.9686
MixedASDwithDelay_6_260,MX,ModerateAutism_2_12,MO,0.9804
MixedASDwithDelay_6_260,MX,ModerateAutism_4_86,MO,0.9026
MixedASDwithDelay_6_260,MX,ModerateAutism_5_233,MO,0.9801
MixedASDwithDelay_6_264,MX,ModerateAutism_5_158,MO,0.9977
MixedASDwithDelay_6_264,MX,ModerateAutism_5_176,MO,0.7747
MixedASDwithDelay_6_264,MX,ModerateAutism_6_243,MO,0.9931
MixedASDwithDelay_6_266,MX,ModerateAutism_1_4,MO,0.9791
MixedASDwithDelay_6_266,MX,ModerateAutism_2_15,MO,0.6023
MixedASDwithDelay_6_266,MX,ModerateAutism_5_183,MO,0.9807
MixedASDwithDelay_6_266,MX,ModerateAutism_5_193,MO,0.9929
MixedASDwithDelay_6_266,MX,ModerateAutism_5_233,MO,0.9785
MixedASDwithDelay_6_266,MX,ModerateAutism_6_250,MO,0.9849
MixedASDwithDelay_6_266,MX,ModerateAutism_6_261,MO,0.9855
MixedASDwithDelay_6_267,MX,ModerateAutism_4_106,MO,0.9834
MixedASDwithDelay_6_267,MX,ModerateAutism_5_197,MO,0.9917
MixedASDwithDelay_6_270,MX,ModerateAutism_5_205,MO,0.6595
MixedASDwithDelay_6_270,MX,ModerateAutism_6_250,MO,0.676
MixedASDwithDelay_6_270,MX,ModerateAutism_6_254,MO,0.9746
MixedASDwithDelay_6_271,MX,ModerateAutism_5_200,MO,0.6853
MixedASDwithDelay_6_277,MX,ModerateAutism_6_251,MO,0.5773
MixedASDwithDelay_6_279,MX,ModerateAutism_5_148,MO,0.9596
MixedASDwithDelay_6_279,MX,ModerateAutism_5_165,MO,0.9234
MixedASDwithDelay_6_279,MX,ModerateAutism_5_183,MO,0.8414
MixedASDwithDelay_6_279,MX,ModerateAutism_6_250,MO,0.9874
MixedASDwithDelay_6_279,MX,ModerateAutism_6_253,MO,0.7717
MixedASDwithDelay_6_279,MX,ModerateAutism_6_256,MO,0.9829
MixedASDwithDelay_6_279,MX,ModerateAutism_6_260,MO,0.9309
MixedASDwithDelay_6_281,MX,ModerateAutism_5_146,MO,0.9949
MixedASDwithDelay_6_282,MX,ModerateAutism_4_102,MO,0.9892
MixedASDwithDelay_6_282,MX,ModerateAutism_4_114,MO,0.9649
MixedASDwithDelay_6_282,MX,ModerateAutism_4_124,MO,0.9534
MixedASDwithDelay_6_282,MX,ModerateAutism_5_201,MO,0.6424
MixedASDwithDelay_6_285,MX,ModerateAutism_2_17,MO,0.5557
MixedASDwithDelay_6_285,MX,ModerateAutism_4_121,MO,0.5647
MixedASDwithDelay_6_285,MX,ModerateAutism_5_162,MO,0.9701
MixedASDwithDelay_6_285,MX,ModerateAutism_5_193,MO,0.9623
MixedASDwithDelay_6_287,MX,ModerateAutism_3_33,MO,0.991
MixedASDwithDelay_6_287,MX,ModerateAutism_4_105,MO,0.81
MixedASDwithDelay_6_287,MX,ModerateAutism_4_106,MO,0.9525
MixedASDwithDelay_6_287,MX,ModerateAutism_4_126,MO,0.7632
MixedASDwithDelay_6_287,MX,ModerateAutism_5_237,MO,0.5535
MixedASDwithDelay_6_287,MX,ModerateAutism_6_247,MO,0.9595
MixedASDwithDelay_6_289,MX,ModerateAutism_4_64,MO,0.7829
MixedASDwithDelay_6_289,MX,ModerateAutism_5_181,MO,0.8651
MixedASDwithDelay_6_289,MX,ModerateAutism_5_206,MO,0.5815
MixedASDwithDelay_6_289,MX,ModerateAutism_6_250,MO,0.989
MixedASDwithDelay_6_289,MX,ModerateAutism_6_253,MO,0.5905
MixedASDwithDelay_6_289,MX,ModerateAutism_6_254,MO,0.9965
MixedASDwithDelay_6_291,MX,ModerateAutism_3_30,MO,0.8513
MixedASDwithDelay_6_298,MX,ModerateAutism_2_23,MO,0.9889
MixedASDwithDelay_6_298,MX,ModerateAutism_4_71,MO,0.9826
MixedASDwithDelay_6_298,MX,ModerateAutism_4_93,MO,0.6513
MixedASDwithDelay_6_298,MX,ModerateAutism_4_126,MO,0.9819
MixedASDwithDelay_6_298,MX,ModerateAutism_5_178,MO,0.5981
MixedASDwithDelay_6_298,MX,ModerateAutism_5_197,MO,0.8122
MixedASDwithDelay_6_298,MX,ModerateAutism_6_247,MO,0.9068
MixedASDwithDelay_6_298,MX,ModerateAutism_6_251,MO,0.9775
MixedASDwithDelay_6_302,MX,ModerateAutism_5_148,MO,0.7819
MixedASDwithDelay_6_302,MX,ModerateAutism_5_175,MO,0.9322
MixedASDwithDelay_6_302,MX,ModerateAutism_5_181,MO,0.553
MixedASDwithDelay_6_302,MX,ModerateAutism_5_183,MO,0.968
MixedASDwithDelay_6_302,MX,ModerateAutism_5_186,MO,0.6497
MixedASDwithDelay_6_302,MX,ModerateAutism_6_250,MO,0.6533
MixedASDwithDelay_6_302,MX,ModerateAutism_6_253,MO,0.9538
MixedASDwithDelay_6_302,MX,ModerateAutism_6_260,MO,0.6098
MixedASDwithDelay_6_304,MX,ModerateAutism_4_87,MO,0.6863
MixedASDwithDelay_6_304,MX,ModerateAutism_5_175,MO,0.9653
MixedASDwithDelay_6_304,MX,ModerateAutism_6_253,MO,0.9929
MixedASDwithDelay_6_310,MX,ModerateAutism_2_16,MO,0.8535
MixedASDwithDelay_6_310,MX,ModerateAutism_4_90,MO,0.9908
MixedASDwithDelay_6_310,MX,ModerateAutism_6_263,MO,0.9704
MixedASDwithDelay_6_313,MX,ModerateAutism_2_16,MO,0.9796
MixedASDwithDelay_6_313,MX,ModerateAutism_3_32,MO,0.9474
MixedASDwithDelay_6_313,MX,ModerateAutism_3_36,MO,0.9969
MixedASDwithDelay_6_313,MX,ModerateAutism_3_57,MO,0.9974
MixedASDwithDelay_6_313,MX,ModerateAutism_4_88,MO,0.6847
MixedASDwithDelay_6_313,MX,ModerateAutism_4_90,MO,0.9958
MixedASDwithDelay_6_313,MX,ModerateAutism_5_222,MO,0.7726
MixedASDwithDelay_6_313,MX,ModerateAutism_6_263,MO,0.9822
MixedASDwithDelay_6_314,MX,ModerateAutism_1_4,MO,0.9725
MixedASDwithDelay_6_314,MX,ModerateAutism_4_86,MO,0.7002
MixedASDwithDelay_6_314,MX,ModerateAutism_4_87,MO,0.5768
MixedASDwithDelay_6_314,MX,ModerateAutism_6_256,MO,0.8555
MixedASDwithDelay_0_0,MX,BroadlyAffectedAutism_4_110,BR,0.7348
MixedASDwithDelay_1_1,MX,BroadlyAffectedAutism_2_10,BR,0.7413
MixedASDwithDelay_1_1,MX,BroadlyAffectedAutism_2_19,BR,0.9254
MixedASDwithDelay_1_1,MX,BroadlyAffectedAutism_2_20,BR,0.8196
MixedASDwithDelay_1_1,MX,BroadlyAffectedAutism_3_35,BR,0.9655
MixedASDwithDelay_1_1,MX,BroadlyAffectedAutism_3_66,BR,0.9671
MixedASDwithDelay_1_1,MX,BroadlyAffectedAutism_4_93,BR,0.659
MixedASDwithDelay_1_1,MX,BroadlyAffectedAutism_4_122,BR,0.6286
MixedASDwithDelay_1_1,MX,BroadlyAffectedAutism_4_139,BR,0.6948
MixedASDwithDelay_1_1,MX,BroadlyAffectedAutism_4_189,BR,0.9523
MixedASDwithDelay_1_1,MX,BroadlyAffectedAutism_5_228,BR,0.5528
MixedASDwithDelay_1_1,MX,BroadlyAffectedAutism_5_240,BR,0.9207
MixedASDwithDelay_1_1,MX,BroadlyAffectedAutism_5_277,BR,0.5704
MixedASDwithDelay_1_1,MX,BroadlyAffectedAutism_5_279,BR,0.6084
MixedASDwithDelay_1_1,MX,BroadlyAffectedAutism_5_285,BR,0.5765
MixedASDwithDelay_1_1,MX,BroadlyAffectedAutism_5_288,BR,0.9784
MixedASDwithDelay_1_1,MX,BroadlyAffectedAutism_5_295,BR,0.5559
MixedASDwithDelay_1_1,MX,BroadlyAffectedAutism_5_305,BR,0.9683
MixedASDwithDelay_1_2,MX,BroadlyAffectedAutism_4_174,BR,0.9635
MixedASDwithDelay_1_3,MX,BroadlyAffectedAutism_3_34,BR,0.9593
MixedASDwithDelay_1_5,MX,BroadlyAffectedAutism_2_13,BR,0.9647
MixedASDwithDelay_1_5,MX,BroadlyAffectedAutism_3_44,BR,0.6996
MixedASDwithDelay_1_5,MX,BroadlyAffectedAutism_4_185,BR,0.9602
MixedASDwithDelay_2_6,MX,BroadlyAffectedAutism_2_13,BR,0.9965
MixedASDwithDelay_2_6,MX,BroadlyAffectedAutism_4_93,BR,0.7539
MixedASDwithDelay_2_6,MX,BroadlyAffectedAutism_4_185,BR,0.997
MixedASDwithDelay_2_6,MX,BroadlyAffectedAutism_5_246,BR,0.9958
MixedASDwithDelay_2_7,MX,BroadlyAffectedAutism_4_119,BR,0.9898
MixedASDwithDelay_2_10,MX,BroadlyAffectedAutism_2_6,BR,0.9962
MixedASDwithDelay_2_11,MX,BroadlyAffectedAutism_4_154,BR,0.8872
MixedASDwithDelay_2_11,MX,BroadlyAffectedAutism_5_230,BR,0.9874
MixedASDwithDelay_2_11,MX,BroadlyAffectedAutism_5_231,BR,0.8579
MixedASDwithDelay_2_11,MX,BroadlyAffectedAutism_5_233,BR,0.8561
MixedASDwithDelay_2_12,MX,BroadlyAffectedAutism_1_1,BR,0.9903
MixedASDwithDelay_2_12,MX,BroadlyAffectedAutism_2_20,BR,0.9814
MixedASDwithDelay_2_12,MX,BroadlyAffectedAutism_3_39,BR,0.9897
MixedASDwithDelay_2_12,MX,BroadlyAffectedAutism_3_54,BR,0.9965
MixedASDwithDelay_2_12,MX,BroadlyAffectedAutism_3_66,BR,0.7433
MixedASDwithDelay_2_12,MX,BroadlyAffectedAutism_4_93,BR,0.8931
MixedASDwithDelay_2_12,MX,BroadlyAffectedAutism_4_149,BR,0.9976
MixedASDwithDelay_2_12,MX,BroadlyAffectedAutism_4_182,BR,0.8733
MixedASDwithDelay_2_12,MX,BroadlyAffectedAutism_4_185,BR,0.9578
MixedASDwithDelay_2_14,MX,BroadlyAffectedAutism_4_130,BR,0.9848
MixedASDwithDelay_2_14,MX,BroadlyAffectedAutism_4_175,BR,0.9969
MixedASDwithDelay_2_14,MX,BroadlyAffectedAutism_4_189,BR,0.9669
MixedASDwithDelay_2_14,MX,BroadlyAffectedAutism_4_211,BR,0.9961
MixedASDwithDelay_2_14,MX,BroadlyAffectedAutism_5_279,BR,0.6806
MixedASDwithDelay_2_15,MX,BroadlyAffectedAutism_5_264,BR,0.9032
MixedASDwithDelay_2_17,MX,BroadlyAffectedAutism_3_87,BR,0.9324
MixedASDwithDelay_2_20,MX,BroadlyAffectedAutism_3_83,BR,0.6979
MixedASDwithDelay_3_26,MX,BroadlyAffectedAutism_5_247,BR,0.9845
MixedASDwithDelay_3_26,MX,BroadlyAffectedAutism_5_286,BR,0.9974
MixedASDwithDelay_3_26,MX,BroadlyAffectedAutism_5_305,BR,0.8628
MixedASDwithDelay_3_31,MX,BroadlyAffectedAutism_5_305,BR,0.9474
MixedASDwithDelay_3_32,MX,BroadlyAffectedAutism_1_1,BR,0.6119
MixedASDwithDelay_3_32,MX,BroadlyAffectedAutism_2_11,BR,0.6367
MixedASDwithDelay_3_32,MX,BroadlyAffectedAutism_2_20,BR,0.7918
MixedASDwithDelay_3_32,MX,BroadlyAffectedAutism_3_54,BR,0.9565
MixedASDwithDelay_3_32,MX,BroadlyAffectedAutism_3_66,BR,0.9605
MixedASDwithDelay_3_32,MX,BroadlyAffectedAutism_4_93,BR,0.94
MixedASDwithDelay_3_33,MX,BroadlyAffectedAutism_2_20,BR,0.9807
MixedASDwithDelay_3_33,MX,BroadlyAffectedAutism_3_66,BR,0.8088
MixedASDwithDelay_3_33,MX,BroadlyAffectedAutism_4_118,BR,0.9177
MixedASDwithDelay_3_33,MX,BroadlyAffectedAutism_5_228,BR,0.8362
MixedASDwithDelay_3_33,MX,BroadlyAffectedAutism_5_237,BR,0.9164
MixedASDwithDelay_3_33,MX,BroadlyAffectedAutism_5_288,BR,0.938
MixedASDwithDelay_3_33,MX,BroadlyAffectedAutism_5_305,BR,0.959
MixedASDwithDelay_3_34,MX,BroadlyAffectedAutism_3_41,BR,0.9963
MixedASDwithDelay_3_34,MX,BroadlyAffectedAutism_4_130,BR,0.8589
MixedASDwithDelay_3_34,MX,BroadlyAffectedAutism_5_237,BR,0.9956
MixedASDwithDelay_3_35,MX,BroadlyAffectedAutism_2_23,BR,0.9673
MixedASDwithDelay_3_39,MX,BroadlyAffectedAutism_3_69,BR,0.6363
MixedASDwithDelay_3_39,MX,BroadlyAffectedAutism_3_87,BR,0.99
MixedASDwithDelay_3_42,MX,BroadlyAffectedAutism_3_80,BR,0.9967
MixedASDwithDelay_3_42,MX,BroadlyAffectedAutism_4_182,BR,0.982
MixedASDwithDelay_3_49,MX,BroadlyAffectedAutism_5_247,BR,0.9874
MixedASDwithDelay_3_49,MX,BroadlyAffectedAutism_5_286,BR,0.9891
MixedASDwithDelay_3_49,MX,BroadlyAffectedAutism_5_305,BR,0.9603
MixedASDwithDelay_3_50,MX,BroadlyAffectedAutism_3_63,BR,0.9947
MixedASDwithDelay_3_51,MX,BroadlyAffectedAutism_5_295,BR,0.8562
MixedASDwithDelay_3_53,MX,BroadlyAffectedAutism_2_27,BR,0.9923
MixedASDwithDelay_3_53,MX,BroadlyAffectedAutism_3_69,BR,0.965
MixedASDwithDelay_3_53,MX,BroadlyAffectedAutism_4_147,BR,0.7833
MixedASDwithDelay_3_54,MX,BroadlyAffectedAutism_3_68,BR,0.9819
MixedASDwithDelay_3_54,MX,BroadlyAffectedAutism_4_147,BR,0.995
MixedASDwithDelay_3_56,MX,BroadlyAffectedAutism_1_1,BR,0.6453
MixedASDwithDelay_3_56,MX,BroadlyAffectedAutism_3_68,BR,0.9509
MixedASDwithDelay_3_56,MX,BroadlyAffectedAutism_4_130,BR,0.9881
MixedASDwithDelay_3_56,MX,BroadlyAffectedAutism_4_147,BR,0.9203
MixedASDwithDelay_3_56,MX,BroadlyAffectedAutism_4_180,BR,0.9379
MixedASDwithDelay_3_56,MX,BroadlyAffectedAutism_4_189,BR,0.9839
MixedASDwithDelay_3_56,MX,BroadlyAffectedAutism_4_211,BR,0.9786
MixedASDwithDelay_3_56,MX,BroadlyAffectedAutism_5_277,BR,0.6994
MixedASDwithDelay_3_57,MX,BroadlyAffectedAutism_3_65,BR,0.9914
MixedASDwithDelay_3_57,MX,BroadlyAffectedAutism_3_66,BR,0.7852
MixedASDwithDelay_3_57,MX,BroadlyAffectedAutism_4_153,BR,0.5587
MixedASDwithDelay_3_57,MX,BroadlyAffectedAutism_5_204,BR,0.9894
MixedASDwithDelay_3_57,MX,BroadlyAffectedAutism_5_228,BR,0.5505
MixedASDwithDelay_3_57,MX,BroadlyAffectedAutism_5_246,BR,0.9178
MixedASDwithDelay_3_57,MX,BroadlyAffectedAutism_5_288,BR,0.9237
MixedASDwithDelay_3_60,MX,BroadlyAffectedAutism_3_66,BR,0.8227
MixedASDwithDelay_3_60,MX,BroadlyAffectedAutism_4_93,BR,0.9972
MixedASDwithDelay_3_60,MX,BroadlyAffectedAutism_4_185,BR,0.9707
MixedASDwithDelay_3_60,MX,BroadlyAffectedAutism_5_246,BR,0.5544
MixedASDwithDelay_3_60,MX,BroadlyAffectedAutism_5_305,BR,0.9767
MixedASDwithDelay_4_61,MX,BroadlyAffectedAutism_3_44,BR,0.9489
MixedASDwithDelay_4_61,MX,BroadlyAffectedAutism_4_91,BR,0.9942
MixedASDwithDelay_4_61,MX,BroadlyAffectedAutism_4_93,BR,0.8751
MixedASDwithDelay_4_61,MX,BroadlyAffectedAutism_4_97,BR,0.9914
MixedASDwithDelay_4_61,MX,BroadlyAffectedAutism_4_179,BR,0.9336
MixedASDwithDelay_4_61,MX,BroadlyAffectedAutism_5_204,BR,0.6698
MixedASDwithDelay_4_62,MX,BroadlyAffectedAutism_3_54,BR,0.5718
MixedASDwithDelay_4_62,MX,BroadlyAffectedAutism_3_66,BR,0.5953
MixedASDwithDelay_4_64,MX,BroadlyAffectedAutism_4_96,BR,0.9771
MixedASDwithDelay_4_64,MX,BroadlyAffectedAutism_5_233,BR,0.9956
MixedASDwithDelay_4_64,MX,BroadlyAffectedAutism_5_238,BR,0.7235
MixedASDwithDelay_4_68,MX,BroadlyAffectedAutism_5_233,BR,0.9386
MixedASDwithDelay_4_69,MX,BroadlyAffectedAutism_4_141,BR,0.6898
MixedASDwithDelay_4_69,MX,BroadlyAffectedAutism_4_189,BR,0.9852
MixedASDwithDelay_4_72,MX,BroadlyAffectedAutism_2_20,BR,0.9868
MixedASDwithDelay_4_72,MX,BroadlyAffectedAutism_3_66,BR,0.9809
MixedASDwithDelay_4_72,MX,BroadlyAffectedAutism_4_118,BR,0.9827
MixedASDwithDelay_4_72,MX,BroadlyAffectedAutism_4_122,BR,0.9743
MixedASDwithDelay_4_72,MX,BroadlyAffectedAutism_4_149,BR,0.9938
MixedASDwithDelay_4_73,MX,BroadlyAffectedAutism_4_141,BR,0.8491
MixedASDwithDelay_4_73,MX,BroadlyAffectedAutism_4_189,BR,0.9075
MixedASDwithDelay_4_75,MX,BroadlyAffectedAutism_1_2,BR,0.9133
MixedASDwithDelay_4_77,MX,BroadlyAffectedAutism_3_66,BR,0.7245
MixedASDwithDelay_4_77,MX,BroadlyAffectedAutism_5_237,BR,0.9688
MixedASDwithDelay_4_77,MX,BroadlyAffectedAutism_5_288,BR,0.9606
MixedASDwithDelay_4_77,MX,BroadlyAffectedAutism_5_305,BR,0.9444
MixedASDwithDelay_4_80,MX,BroadlyAffectedAutism_5_312,BR,0.9965
MixedASDwithDelay_4_82,MX,BroadlyAffectedAutism_1_1,BR,0.6268
MixedASDwithDelay_4_82,MX,BroadlyAffectedAutism_3_42,BR,0.9753
MixedASDwithDelay_4_82,MX,BroadlyAffectedAutism_4_95,BR,0.6948
MixedASDwithDelay_4_82,MX,BroadlyAffectedAutism_4_141,BR,0.994
MixedASDwithDelay_4_82,MX,BroadlyAffectedAutism_4_147,BR,0.9779
MixedASDwithDelay_4_82,MX,BroadlyAffectedAutism_4_172,BR,0.9927
MixedASDwithDelay_4_82,MX,BroadlyAffectedAutism_4_189,BR,0.9485
MixedASDwithDelay_4_82,MX,BroadlyAffectedAutism_5_240,BR,0.9976
MixedASDwithDelay_4_82,MX,BroadlyAffectedAutism_5_304,BR,0.9382
MixedASDwithDelay_4_87,MX,BroadlyAffectedAutism_4_95,BR,0.622
MixedASDwithDelay_4_87,MX,BroadlyAffectedAutism_4_157,BR,0.97
MixedASDwithDelay_4_87,MX,BroadlyAffectedAutism_5_277,BR,0.9487
MixedASDwithDelay_4_87,MX,BroadlyAffectedAutism_5_285,BR,0.9356
MixedASDwithDelay_4_90,MX,BroadlyAffectedAutism_4_151,BR,0.994
MixedASDwithDelay_4_96,MX,BroadlyAffectedAutism_3_68,BR,0.9676
MixedASDwithDelay_4_96,MX,BroadlyAffectedAutism_3_87,BR,0.6307
MixedASDwithDelay_4_96,MX,BroadlyAffectedAutism_4_141,BR,0.5784
MixedASDwithDelay_4_96,MX,BroadlyAffectedAutism_4_147,BR,0.8357
MixedASDwithDelay_4_96,MX,BroadlyAffectedAutism_4_189,BR,0.8012
MixedASDwithDelay_4_100,MX,BroadlyAffectedAutism_5_295,BR,0.9961
MixedASDwithDelay_4_101,MX,BroadlyAffectedAutism_5_288,BR,0.5928
MixedASDwithDelay_4_104,MX,BroadlyAffectedAutism_1_1,BR,0.92
MixedASDwithDelay_4_104,MX,BroadlyAffectedAutism_2_13,BR,0.996
MixedASDwithDelay_4_104,MX,BroadlyAffectedAutism_2_20,BR,0.9634
MixedASDwithDelay_4_104,MX,BroadlyAffectedAutism_3_39,BR,0.9484
MixedASDwithDelay_4_104,MX,BroadlyAffectedAutism_3_54,BR,0.9844
MixedASDwithDelay_4_104,MX,BroadlyAffectedAutism_3_58,BR,0.8816
MixedASDwithDelay_4_104,MX,BroadlyAffectedAutism_3_66,BR,0.9592
MixedASDwithDelay_4_104,MX,BroadlyAffectedAutism_4_93,BR,0.7668
MixedASDwithDelay_4_104,MX,BroadlyAffectedAutism_4_149,BR,0.7953
MixedASDwithDelay_4_104,MX,BroadlyAffectedAutism_4_185,BR,0.9974
MixedASDwithDelay_4_104,MX,BroadlyAffectedAutism_5_204,BR,0.9888
MixedASDwithDelay_4_104,MX,BroadlyAffectedAutism_5_246,BR,0.9956
MixedASDwithDelay_4_107,MX,BroadlyAffectedAutism_4_153,BR,0.8849
MixedASDwithDelay_4_108,MX,BroadlyAffectedAutism_3_66,BR,0.7388
MixedASDwithDelay_4_108,MX,BroadlyAffectedAutism_4_185,BR,0.9266
MixedASDwithDelay_4_108,MX,BroadlyAffectedAutism_5_305,BR,0.8102
MixedASDwithDelay_4_109,MX,BroadlyAffectedAutism_3_41,BR,0.9429
MixedASDwithDelay_4_109,MX,BroadlyAffectedAutism_3_68,BR,0.9709
MixedASDwithDelay_4_109,MX,BroadlyAffectedAutism_4_141,BR,0.9913
MixedASDwithDelay_4_109,MX,BroadlyAffectedAutism_4_147,BR,0.8897
MixedASDwithDelay_4_109,MX,BroadlyAffectedAutism_4_189,BR,0.9942
MixedASDwithDelay_4_109,MX,BroadlyAffectedAutism_5_240,BR,0.9713
MixedASDwithDelay_4_110,MX,BroadlyAffectedAutism_1_1,BR,0.6353
MixedASDwithDelay_4_110,MX,BroadlyAffectedAutism_2_11,BR,0.799
MixedASDwithDelay_4_110,MX,BroadlyAffectedAutism_3_65,BR,0.9833
MixedASDwithDelay_4_110,MX,BroadlyAffectedAutism_4_93,BR,0.6767
MixedASDwithDelay_4_110,MX,BroadlyAffectedAutism_4_185,BR,0.9933
MixedASDwithDelay_4_110,MX,BroadlyAffectedAutism_5_204,BR,0.9728
MixedASDwithDelay_4_110,MX,BroadlyAffectedAutism_5_246,BR,0.9581
MixedASDwithDelay_4_110,MX,BroadlyAffectedAutism_5_288,BR,0.8063
MixedASDwithDelay_4_111,MX,BroadlyAffectedAutism_5_247,BR,0.7802
MixedASDwithDelay_4_111,MX,BroadlyAffectedAutism_5_286,BR,0.9867
MixedASDwithDelay_4_113,MX,BroadlyAffectedAutism_2_11,BR,0.7882
MixedASDwithDelay_4_113,MX,BroadlyAffectedAutism_2_20,BR,0.6805
MixedASDwithDelay_4_113,MX,BroadlyAffectedAutism_4_179,BR,0.9159
MixedASDwithDelay_4_113,MX,BroadlyAffectedAutism_5_204,BR,0.9478
MixedASDwithDelay_4_113,MX,BroadlyAffectedAutism_5_247,BR,0.823
MixedASDwithDelay_4_113,MX,BroadlyAffectedAutism_5_288,BR,0.9957
MixedASDwithDelay_4_113,MX,BroadlyAffectedAutism_5_305,BR,0.9553
MixedASDwithDelay_4_124,MX,BroadlyAffectedAutism_4_175,BR,0.7013
MixedASDwithDelay_4_124,MX,BroadlyAffectedAutism_4_189,BR,0.988
MixedASDwithDelay_4_124,MX,BroadlyAffectedAutism_4_211,BR,0.9529
MixedASDwithDelay_5_129,MX,BroadlyAffectedAutism_4_132,BR,0.74
MixedASDwithDelay_5_129,MX,BroadlyAffectedAutism_4_153,BR,0.9782
MixedASDwithDelay_5_129,MX,BroadlyAffectedAutism_5_305,BR,0.8298
MixedASDwithDelay_5_133,MX,BroadlyAffectedAutism_1_1,BR,0.6745
MixedASDwithDelay_5_133,MX,BroadlyAffectedAutism_2_20,BR,0.5793
MixedASDwithDelay_5_134,MX,BroadlyAffectedAutism_4_185,BR,0.7631
MixedASDwithDelay_5_134,MX,BroadlyAffectedAutism_5_247,BR,0.9886
MixedASDwithDelay_5_134,MX,BroadlyAffectedAutism_5_288,BR,0.9323
MixedASDwithDelay_5_134,MX,BroadlyAffectedAutism_5_305,BR,0.9153
MixedASDwithDelay_5_135,MX,BroadlyAffectedAutism_5_228,BR,0.9149
MixedASDwithDelay_5_137,MX,BroadlyAffectedAutism_2_6,BR,0.8637
MixedASDwithDelay_5_137,MX,BroadlyAffectedAutism_3_66,BR,0.982
MixedASDwithDelay_5_139,MX,BroadlyAffectedAutism_2_13,BR,0.9845
MixedASDwithDelay_5_139,MX,BroadlyAffectedAutism_2_20,BR,0.5629
MixedASDwithDelay_5_139,MX,BroadlyAffectedAutism_3_66,BR,0.9547
MixedASDwithDelay_5_139,MX,BroadlyAffectedAutism_4_185,BR,0.981
MixedASDwithDelay_5_139,MX,BroadlyAffectedAutism_5_238,BR,0.5766
MixedASDwithDelay_5_139,MX,BroadlyAffectedAutism_5_246,BR,0.9839
MixedASDwithDelay_5_139,MX,BroadlyAffectedAutism_5_286,BR,0.5581
MixedASDwithDelay_5_139,MX,BroadlyAffectedAutism_5_288,BR,0.9748
MixedASDwithDelay_5_139,MX,BroadlyAffectedAutism_5_305,BR,0.9141
MixedASDwithDelay_5_143,MX,BroadlyAffectedAutism_3_40,BR,0.993
MixedASDwithDelay_5_143,MX,BroadlyAffectedAutism_5_304,BR,0.7875
MixedASDwithDelay_5_144,MX,BroadlyAffectedAutism_2_8,BR,0.9868
MixedASDwithDelay_5_144,MX,BroadlyAffectedAutism_3_36,BR,0.9654
MixedASDwithDelay_5_144,MX,BroadlyAffectedAutism_5_231,BR,0.977
MixedASDwithDelay_5_144,MX,BroadlyAffectedAutism_5_233,BR,0.9281
MixedASDwithDelay_5_149,MX,BroadlyAffectedAutism_3_40,BR,0.9801
MixedASDwithDelay_5_149,MX,BroadlyAffectedAutism_4_157,BR,0.6007
MixedASDwithDelay_5_149,MX,BroadlyAffectedAutism_5_252,BR,0.9824
MixedASDwithDelay_5_149,MX,BroadlyAffectedAutism_5_285,BR,0.9667
MixedASDwithDelay_5_155,MX,BroadlyAffectedAutism_5_305,BR,0.9876
MixedASDwithDelay_5_156,MX,BroadlyAffectedAutism_4_158,BR,0.6698
MixedASDwithDelay_5_158,MX,BroadlyAffectedAutism_3_58,BR,0.9131
MixedASDwithDelay_5_158,MX,BroadlyAffectedAutism_3_66,BR,0.5838
MixedASDwithDelay_5_158,MX,BroadlyAffectedAutism_4_153,BR,0.9885
MixedASDwithDelay_5_158,MX,BroadlyAffectedAutism_5_204,BR,0.8859
MixedASDwithDelay_5_158,MX,BroadlyAffectedAutism_5_228,BR,0.9904
MixedASDwithDelay_5_158,MX,BroadlyAffectedAutism_5_288,BR,0.8385
MixedASDwithDelay_5_158,MX,BroadlyAffectedAutism_5_305,BR,0.87
MixedASDwithDelay_5_159,MX,BroadlyAffectedAutism_1_1,BR,0.9672
MixedASDwithDelay_5_159,MX,BroadlyAffectedAutism_5_204,BR,0.6999
MixedASDwithDelay_5_159,MX,BroadlyAffectedAutism_5_288,BR,0.9347
MixedASDwithDelay_5_159,MX,BroadlyAffectedAutism_5_305,BR,0.9802
MixedASDwithDelay_5_160,MX,BroadlyAffectedAutism_2_20,BR,0.7325
MixedASDwithDelay_5_160,MX,BroadlyAffectedAutism_4_185,BR,0.9765
MixedASDwithDelay_5_160,MX,BroadlyAffectedAutism_5_247,BR,0.9982
MixedASDwithDelay_5_160,MX,BroadlyAffectedAutism_5_286,BR,0.9252
MixedASDwithDelay_5_170,MX,BroadlyAffectedAutism_1_1,BR,0.9191
MixedASDwithDelay_5_170,MX,BroadlyAffectedAutism_3_41,BR,0.5934
MixedASDwithDelay_5_170,MX,BroadlyAffectedAutism_3_68,BR,0.9394
MixedASDwithDelay_5_170,MX,BroadlyAffectedAutism_4_130,BR,0.8951
MixedASDwithDelay_5_170,MX,BroadlyAffectedAutism_4_141,BR,0.9952
MixedASDwithDelay_5_170,MX,BroadlyAffectedAutism_4_147,BR,0.9785
MixedASDwithDelay_5_170,MX,BroadlyAffectedAutism_4_189,BR,0.9897
MixedASDwithDelay_5_179,MX,BroadlyAffectedAutism_3_80,BR,0.9965
MixedASDwithDelay_5_179,MX,BroadlyAffectedAutism_4_182,BR,0.9976
MixedASDwithDelay_5_179,MX,BroadlyAffectedAutism_5_276,BR,0.9768
MixedASDwithDelay_5_181,MX,BroadlyAffectedAutism_2_8,BR,0.9795
MixedASDwithDelay_5_181,MX,BroadlyAffectedAutism_3_36,BR,0.5631
MixedASDwithDelay_5_182,MX,BroadlyAffectedAutism_1_1,BR,0.6492
MixedASDwithDelay_5_182,MX,BroadlyAffectedAutism_2_13,BR,0.9708
MixedASDwithDelay_5_182,MX,BroadlyAffectedAutism_2_20,BR,0.9861
MixedASDwithDelay_5_182,MX,BroadlyAffectedAutism_3_54,BR,0.9025
MixedASDwithDelay_5_182,MX,BroadlyAffectedAutism_3_66,BR,0.9886
MixedASDwithDelay_5_182,MX,BroadlyAffectedAutism_4_118,BR,0.9393
MixedASDwithDelay_5_182,MX,BroadlyAffectedAutism_4_149,BR,0.9961
MixedASDwithDelay_5_182,MX,BroadlyAffectedAutism_4_185,BR,0.7061
MixedASDwithDelay_5_182,MX,BroadlyAffectedAutism_5_246,BR,0.9919
MixedASDwithDelay_5_182,MX,BroadlyAffectedAutism_5_288,BR,0.5553
MixedASDwithDelay_5_193,MX,BroadlyAffectedAutism_4_148,BR,0.9969
MixedASDwithDelay_5_200,MX,BroadlyAffectedAutism_4_153,BR,0.9893
MixedASDwithDelay_5_200,MX,BroadlyAffectedAutism_5_305,BR,0.9601
MixedASDwithDelay_5_203,MX,BroadlyAffectedAutism_3_41,BR,0.9937
MixedASDwithDelay_5_203,MX,BroadlyAffectedAutism_3_68,BR,0.9174
MixedASDwithDelay_5_203,MX,BroadlyAffectedAutism_4_130,BR,0.9968
MixedASDwithDelay_5_203,MX,BroadlyAffectedAutism_4_141,BR,0.9474
MixedASDwithDelay_5_203,MX,BroadlyAffectedAutism_4_147,BR,0.9616
MixedASDwithDelay_5_203,MX,BroadlyAffectedAutism_4_175,BR,0.9847
MixedASDwithDelay_5_203,MX,BroadlyAffectedAutism_4_189,BR,0.8842
MixedASDwithDelay_5_203,MX,BroadlyAffectedAutism_4_211,BR,0.9908
MixedASDwithDelay_5_205,MX,BroadlyAffectedAutism_1_1,BR,0.6751
MixedASDwithDelay_5_205,MX,BroadlyAffectedAutism_2_20,BR,0.9798
MixedASDwithDelay_5_205,MX,BroadlyAffectedAutism_3_66,BR,0.9906
MixedASDwithDelay_5_205,MX,BroadlyAffectedAutism_4_118,BR,0.9683
MixedASDwithDelay_5_205,MX,BroadlyAffectedAutism_4_149,BR,0.9803
MixedASDwithDelay_5_205,MX,BroadlyAffectedAutism_5_246,BR,0.7734
MixedASDwithDelay_5_205,MX,BroadlyAffectedAutism_5_288,BR,0.7674
MixedASDwithDelay_5_206,MX,BroadlyAffectedAutism_3_40,BR,0.9784
MixedASDwithDelay_5_206,MX,BroadlyAffectedAutism_5_252,BR,0.5766
MixedASDwithDelay_5_216,MX,BroadlyAffectedAutism_2_20,BR,0.98
MixedASDwithDelay_5_216,MX,BroadlyAffectedAutism_3_41,BR,0.9925
MixedASDwithDelay_5_216,MX,BroadlyAffectedAutism_4_118,BR,0.903
MixedASDwithDelay_5_216,MX,BroadlyAffectedAutism_4_149,BR,0.9917
MixedASDwithDelay_5_216,MX,BroadlyAffectedAutism_4_185,BR,0.984
MixedASDwithDelay_5_216,MX,BroadlyAffectedAutism_5_237,BR,0.9976
MixedASDwithDelay_5_217,MX,BroadlyAffectedAutism_4_119,BR,0.9963
MixedASDwithDelay_5_226,MX,BroadlyAffectedAutism_2_20,BR,0.568
MixedASDwithDelay_5_226,MX,BroadlyAffectedAutism_4_122,BR,0.7258
MixedASDwithDelay_5_229,MX,BroadlyAffectedAutism_3_68,BR,0.9932
MixedASDwithDelay_5_229,MX,BroadlyAffectedAutism_4_147,BR,0.9967
MixedASDwithDelay_5_229,MX,BroadlyAffectedAutism_4_211,BR,0.9376
MixedASDwithDelay_5_229,MX,BroadlyAffectedAutism_5_277,BR,0.9867
MixedASDwithDelay_6_231,MX,BroadlyAffectedAutism_2_6,BR,0.5691
MixedASDwithDelay_6_231,MX,BroadlyAffectedAutism_2_17,BR,0.9954
MixedASDwithDelay_6_231,MX,BroadlyAffectedAutism_5_274,BR,0.6591
MixedASDwithDelay_6_232,MX,BroadlyAffectedAutism_1_1,BR,0.7419
MixedASDwithDelay_6_232,MX,BroadlyAffectedAutism_2_20,BR,0.977
MixedASDwithDelay_6_232,MX,BroadlyAffectedAutism_3_54,BR,0.9935
MixedASDwithDelay_6_232,MX,BroadlyAffectedAutism_4_122,BR,0.9913
MixedASDwithDelay_6_232,MX,BroadlyAffectedAutism_5_237,BR,0.9832
MixedASDwithDelay_6_233,MX,BroadlyAffectedAutism_2_8,BR,0.9879
MixedASDwithDelay_6_233,MX,BroadlyAffectedAutism_3_36,BR,0.9833
MixedASDwithDelay_6_233,MX,BroadlyAffectedAutism_5_231,BR,0.9935
MixedASDwithDelay_6_233,MX,BroadlyAffectedAutism_5_233,BR,0.9361
MixedASDwithDelay_6_233,MX,BroadlyAffectedAutism_5_238,BR,0.9727
MixedASDwithDelay_6_234,MX,BroadlyAffectedAutism_5_307,BR,0.5775
MixedASDwithDelay_6_240,MX,BroadlyAffectedAutism_4_130,BR,0.9401
MixedASDwithDelay_6_240,MX,BroadlyAffectedAutism_4_141,BR,0.7415
MixedASDwithDelay_6_240,MX,BroadlyAffectedAutism_4_189,BR,0.9814
MixedASDwithDelay_6_240,MX,BroadlyAffectedAutism_5_279,BR,0.9132
MixedASDwithDelay_6_240,MX,BroadlyAffectedAutism_5_304,BR,0.8235
MixedASDwithDelay_6_244,MX,BroadlyAffectedAutism_4_157,BR,0.965
MixedASDwithDelay_6_244,MX,BroadlyAffectedAutism_5_252,BR,0.9756
MixedASDwithDelay_6_251,MX,BroadlyAffectedAutism_4_172,BR,0.7699
MixedASDwithDelay_6_251,MX,BroadlyAffectedAutism_5_294,BR,0.7369
MixedASDwithDelay_6_251,MX,BroadlyAffectedAutism_5_295,BR,0.9961
MixedASDwithDelay_6_255,MX,BroadlyAffectedAutism_3_68,BR,0.6949
MixedASDwithDelay_6_255,MX,BroadlyAffectedAutism_4_130,BR,0.66
MixedASDwithDelay_6_255,MX,BroadlyAffectedAutism_4_141,BR,0.9752
MixedASDwithDelay_6_255,MX,BroadlyAffectedAutism_4_189,BR,0.8793
MixedASDwithDelay_6_255,MX,BroadlyAffectedAutism_5_240,BR,0.5606
MixedASDwithDelay_6_256,MX,BroadlyAffectedAutism_4_147,BR,0.9619
MixedASDwithDelay_6_256,MX,BroadlyAffectedAutism_4_172,BR,0.6368
MixedASDwithDelay_6_260,MX,BroadlyAffectedAutism_4_96,BR,0.9838
MixedASDwithDelay_6_260,MX,BroadlyAffectedAutism_4_122,BR,0.9603
MixedASDwithDelay_6_260,MX,BroadlyAffectedAutism_4_149,BR,0.9817
MixedASDwithDelay_6_260,MX,BroadlyAffectedAutism_5_233,BR,0.9107
MixedASDwithDelay_6_264,MX,BroadlyAffectedAutism_4_119,BR,0.9972
MixedASDwithDelay_6_266,MX,BroadlyAffectedAutism_2_11,BR,0.5798
MixedASDwithDelay_6_266,MX,BroadlyAffectedAutism_3_66,BR,0.9757
MixedASDwithDelay_6_266,MX,BroadlyAffectedAutism_4_185,BR,0.8598
MixedASDwithDelay_6_266,MX,BroadlyAffectedAutism_5_204,BR,0.9125
MixedASDwithDelay_6_266,MX,BroadlyAffectedAutism_5_247,BR,0.9882
MixedASDwithDelay_6_266,MX,BroadlyAffectedAutism_5_288,BR,0.9934
MixedASDwithDelay_6_266,MX,BroadlyAffectedAutism_5_305,BR,0.991
MixedASDwithDelay_6_267,MX,BroadlyAffectedAutism_5_240,BR,0.8333
MixedASDwithDelay_6_270,MX,BroadlyAffectedAutism_4_153,BR,0.9915
MixedASDwithDelay_6_272,MX,BroadlyAffectedAutism_5_228,BR,0.9784
MixedASDwithDelay_6_277,MX,BroadlyAffectedAutism_3_69,BR,0.9212
MixedASDwithDelay_6_279,MX,BroadlyAffectedAutism_4_185,BR,0.9022
MixedASDwithDelay_6_279,MX,BroadlyAffectedAutism_5_286,BR,0.9755
MixedASDwithDelay_6_279,MX,BroadlyAffectedAutism_5_288,BR,0.9707
MixedASDwithDelay_6_282,MX,BroadlyAffectedAutism_4_174,BR,0.9902
MixedASDwithDelay_6_285,MX,BroadlyAffectedAutism_5_312,BR,0.8855
MixedASDwithDelay_6_287,MX,BroadlyAffectedAutism_4_141,BR,0.9936
MixedASDwithDelay_6_287,MX,BroadlyAffectedAutism_4_189,BR,0.9948
MixedASDwithDelay_6_289,MX,BroadlyAffectedAutism_5_204,BR,0.9637
MixedASDwithDelay_6_289,MX,BroadlyAffectedAutism_5_305,BR,0.9745
MixedASDwithDelay_6_291,MX,BroadlyAffectedAutism_4_189,BR,0.9887
MixedASDwithDelay_6_291,MX,BroadlyAffectedAutism_4_211,BR,0.9801
MixedASDwithDelay_6_291,MX,BroadlyAffectedAutism_5_282,BR,0.8791
MixedASDwithDelay_6_293,MX,BroadlyAffectedAutism_5_231,BR,0.9919
MixedASDwithDelay_6_298,MX,BroadlyAffectedAutism_4_141,BR,0.5888
MixedASDwithDelay_6_298,MX,BroadlyAffectedAutism_4_147,BR,0.7944
MixedASDwithDelay_6_298,MX,BroadlyAffectedAutism_4_189,BR,0.9817
MixedASDwithDelay_6_302,MX,BroadlyAffectedAutism_4_93,BR,0.6725
MixedASDwithDelay_6_302,MX,BroadlyAffectedAutism_5_247,BR,0.6027
MixedASDwithDelay_6_302,MX,BroadlyAffectedAutism_5_288,BR,0.9882
MixedASDwithDelay_6_304,MX,BroadlyAffectedAutism_3_58,BR,0.6863
MixedASDwithDelay_6_310,MX,BroadlyAffectedAutism_5_252,BR,0.9834
MixedASDwithDelay_6_310,MX,BroadlyAffectedAutism_5_277,BR,0.5661
MixedASDwithDelay_6_310,MX,BroadlyAffectedAutism_5_285,BR,0.9949
MixedASDwithDelay_6_313,MX,BroadlyAffectedAutism_4_157,BR,0.9958
MixedASDwithDelay_6_313,MX,BroadlyAffectedAutism_4_172,BR,0.8733
MixedASDwithDelay_6_313,MX,BroadlyAffectedAutism_5_285,BR,0.9973
MixedASDwithDelay_6_314,MX,BroadlyAffectedAutism_3_58,BR,0.5768
MixedASDwithDelay_6_314,MX,BroadlyAffectedAutism_4_93,BR,0.5755
MixedASDwithDelay_6_314,MX,BroadlyAffectedAutism_4_185,BR,0.5832
MixedASDwithDelay_6_314,MX,BroadlyAffectedAutism_5_246,BR,0.7823
MixedASDwithDelay_6_314,MX,BroadlyAffectedAutism_5_247,BR,0.9689
MixedASDwithDelay_6_314,MX,BroadlyAffectedAutism_5_288,BR,0.9975
MixedASDwithDelay_6_314,MX,BroadlyAffectedAutism_5_305,BR,0.9603
ModerateAutism_1_1,MO,BroadlyAffectedAutism_2_11,BR,0.64
ModerateAutism_1_1,MO,BroadlyAffectedAutism_2_19,BR,0.5812
ModerateAutism_1_1,MO,BroadlyAffectedAutism_2_20,BR,0.9972
ModerateAutism_1_1,MO,BroadlyAffectedAutism_3_35,BR,0.9711
ModerateAutism_1_1,MO,BroadlyAffectedAutism_3_54,BR,0.9848
ModerateAutism_1_1,MO,BroadlyAffectedAutism_3_66,BR,0.8442
ModerateAutism_1_1,MO,BroadlyAffectedAutism_4_122,BR,0.9964
ModerateAutism_1_1,MO,BroadlyAffectedAutism_4_139,BR,0.785
ModerateAutism_1_1,MO,BroadlyAffectedAutism_4_185,BR,0.5762
ModerateAutism_1_2,MO,BroadlyAffectedAutism_3_41,BR,0.9964
ModerateAutism_1_2,MO,BroadlyAffectedAutism_4_130,BR,0.9936
ModerateAutism_1_2,MO,BroadlyAffectedAutism_4_189,BR,0.9356
ModerateAutism_1_2,MO,BroadlyAffectedAutism_4_211,BR,0.8578
ModerateAutism_1_2,MO,BroadlyAffectedAutism_5_237,BR,0.9953
ModerateAutism_1_2,MO,BroadlyAffectedAutism_5_277,BR,0.5801
ModerateAutism_1_4,MO,BroadlyAffectedAutism_2_20,BR,0.6083
ModerateAutism_1_4,MO,BroadlyAffectedAutism_3_54,BR,0.9181
ModerateAutism_1_4,MO,BroadlyAffectedAutism_3_58,BR,0.9357
ModerateAutism_1_4,MO,BroadlyAffectedAutism_3_66,BR,0.9925
ModerateAutism_1_4,MO,BroadlyAffectedAutism_4_96,BR,0.5767
ModerateAutism_1_4,MO,BroadlyAffectedAutism_4_149,BR,0.993
ModerateAutism_1_4,MO,BroadlyAffectedAutism_5_237,BR,0.5515
ModerateAutism_1_4,MO,BroadlyAffectedAutism_5_246,BR,0.9903
ModerateAutism_1_4,MO,BroadlyAffectedAutism_5_288,BR,0.9228
ModerateAutism_1_5,MO,BroadlyAffectedAutism_4_141,BR,0.8491
ModerateAutism_1_5,MO,BroadlyAffectedAutism_4_189,BR,0.9075
ModerateAutism_2_7,MO,BroadlyAffectedAutism_3_41,BR,0.9954
ModerateAutism_2_7,MO,BroadlyAffectedAutism_3_54,BR,0.7505
ModerateAutism_2_7,MO,BroadlyAffectedAutism_4_141,BR,0.6819
ModerateAutism_2_7,MO,BroadlyAffectedAutism_5_237,BR,0.9965
ModerateAutism_2_8,MO,BroadlyAffectedAutism_2_6,BR,0.9962
ModerateAutism_2_9,MO,BroadlyAffectedAutism_3_68,BR,0.9964
ModerateAutism_2_9,MO,BroadlyAffectedAutism_4_147,BR,0.9948
ModerateAutism_2_9,MO,BroadlyAffectedAutism_4_189,BR,0.8963
ModerateAutism_2_12,MO,BroadlyAffectedAutism_2_20,BR,0.9869
ModerateAutism_2_12,MO,BroadlyAffectedAutism_3_54,BR,0.9839
ModerateAutism_2_12,MO,BroadlyAffectedAutism_3_66,BR,0.977
ModerateAutism_2_12,MO,BroadlyAffectedAutism_4_96,BR,0.937
ModerateAutism_2_12,MO,BroadlyAffectedAutism_4_118,BR,0.9585
ModerateAutism_2_12,MO,BroadlyAffectedAutism_4_149,BR,0.9896
ModerateAutism_2_12,MO,BroadlyAffectedAutism_5_228,BR,0.721
ModerateAutism_2_12,MO,BroadlyAffectedAutism_5_237,BR,0.8155
ModerateAutism_2_13,MO,BroadlyAffectedAutism_3_41,BR,0.5571
ModerateAutism_2_15,MO,BroadlyAffectedAutism_2_11,BR,0.9621
ModerateAutism_2_15,MO,BroadlyAffectedAutism_2_20,BR,0.6009
ModerateAutism_2_15,MO,BroadlyAffectedAutism_3_54,BR,0.9099
ModerateAutism_2_15,MO,BroadlyAffectedAutism_3_66,BR,0.9915
ModerateAutism_2_15,MO,BroadlyAffectedAutism_4_93,BR,0.9133
ModerateAutism_2_15,MO,BroadlyAffectedAutism_4_118,BR,0.9925
ModerateAutism_2_15,MO,BroadlyAffectedAutism_4_122,BR,0.9916
ModerateAutism_2_15,MO,BroadlyAffectedAutism_4_149,BR,0.9907
ModerateAutism_2_15,MO,BroadlyAffectedAutism_4_185,BR,0.9809
ModerateAutism_2_15,MO,BroadlyAffectedAutism_5_228,BR,0.5602
ModerateAutism_2_15,MO,BroadlyAffectedAutism_5_246,BR,0.9459
ModerateAutism_2_15,MO,BroadlyAffectedAutism_5_288,BR,0.8814
ModerateAutism_2_15,MO,BroadlyAffectedAutism_5_305,BR,0.9422
ModerateAutism_2_16,MO,BroadlyAffectedAutism_4_157,BR,0.9943
ModerateAutism_2_16,MO,BroadlyAffectedAutism_5_285,BR,0.8869
ModerateAutism_2_17,MO,BroadlyAffectedAutism_5_312,BR,0.574
ModerateAutism_3_25,MO,BroadlyAffectedAutism_4_174,BR,0.9253
ModerateAutism_3_32,MO,BroadlyAffectedAutism_4_157,BR,0.942
ModerateAutism_3_32,MO,BroadlyAffectedAutism_5_294,BR,0.9245
ModerateAutism_3_33,MO,BroadlyAffectedAutism_4_141,BR,0.9602
ModerateAutism_3_33,MO,BroadlyAffectedAutism_4_147,BR,0.8615
ModerateAutism_3_33,MO,BroadlyAffectedAutism_4_189,BR,0.9826
ModerateAutism_3_36,MO,BroadlyAffectedAutism_4_157,BR,0.9959
ModerateAutism_3_36,MO,BroadlyAffectedAutism_5_285,BR,0.9973
ModerateAutism_3_37,MO,BroadlyAffectedAutism_5_277,BR,0.8725
ModerateAutism_3_40,MO,BroadlyAffectedAutism_1_1,BR,0.7177
ModerateAutism_3_40,MO,BroadlyAffectedAutism_3_41,BR,0.9913
ModerateAutism_3_40,MO,BroadlyAffectedAutism_3_54,BR,0.9379
ModerateAutism_3_40,MO,BroadlyAffectedAutism_3_66,BR,0.9886
ModerateAutism_3_40,MO,BroadlyAffectedAutism_4_189,BR,0.8967
ModerateAutism_3_40,MO,BroadlyAffectedAutism_5_237,BR,0.9977
ModerateAutism_3_40,MO,BroadlyAffectedAutism_5_240,BR,0.9167
ModerateAutism_3_44,MO,BroadlyAffectedAutism_5_252,BR,0.6807
ModerateAutism_3_47,MO,BroadlyAffectedAutism_3_68,BR,0.9819
ModerateAutism_3_47,MO,BroadlyAffectedAutism_4_147,BR,0.995
ModerateAutism_3_56,MO,BroadlyAffectedAutism_2_8,BR,0.9856
ModerateAutism_3_56,MO,BroadlyAffectedAutism_3_36,BR,0.9733
ModerateAutism_3_56,MO,BroadlyAffectedAutism_4_154,BR,0.9478
ModerateAutism_3_56,MO,BroadlyAffectedAutism_5_230,BR,0.5878
ModerateAutism_3_56,MO,BroadlyAffectedAutism_5_231,BR,0.9853
ModerateAutism_3_56,MO,BroadlyAffectedAutism_5_233,BR,0.9901
ModerateAutism_3_57,MO,BroadlyAffectedAutism_4_95,BR,0.9095
ModerateAutism_3_57,MO,BroadlyAffectedAutism_4_157,BR,0.995
ModerateAutism_3_57,MO,BroadlyAffectedAutism_5_285,BR,0.9975
ModerateAutism_3_59,MO,BroadlyAffectedAutism_4_164,BR,0.9819
ModerateAutism_4_64,MO,BroadlyAffectedAutism_3_66,BR,0.5922
ModerateAutism_4_64,MO,BroadlyAffectedAutism_4_153,BR,0.963
ModerateAutism_4_64,MO,BroadlyAffectedAutism_5_237,BR,0.974
ModerateAutism_4_67,MO,BroadlyAffectedAutism_4_95,BR,0.7817
ModerateAutism_4_67,MO,BroadlyAffectedAutism_5_252,BR,0.7013
ModerateAutism_4_71,MO,BroadlyAffectedAutism_3_40,BR,0.7299
ModerateAutism_4_72,MO,BroadlyAffectedAutism_4_157,BR,0.9256
ModerateAutism_4_73,MO,BroadlyAffectedAutism_4_210,BR,0.8577
ModerateAutism_4_86,MO,BroadlyAffectedAutism_2_20,BR,0.9863
ModerateAutism_4_86,MO,BroadlyAffectedAutism_3_41,BR,0.9945
ModerateAutism_4_86,MO,BroadlyAffectedAutism_4_118,BR,0.9774
ModerateAutism_4_86,MO,BroadlyAffectedAutism_4_149,BR,0.9885
ModerateAutism_4_86,MO,BroadlyAffectedAutism_4_185,BR,0.9807
ModerateAutism_4_86,MO,BroadlyAffectedAutism_5_237,BR,0.9976
ModerateAutism_4_87,MO,BroadlyAffectedAutism_3_58,BR,0.9979
ModerateAutism_4_87,MO,BroadlyAffectedAutism_4_185,BR,0.8816
ModerateAutism_4_87,MO,BroadlyAffectedAutism_5_305,BR,0.6633
ModerateAutism_4_88,MO,BroadlyAffectedAutism_5_285,BR,0.9799
ModerateAutism_4_88,MO,BroadlyAffectedAutism_5_314,BR,0.9775
ModerateAutism_4_90,MO,BroadlyAffectedAutism_4_95,BR,0.7343
ModerateAutism_4_90,MO,BroadlyAffectedAutism_4_157,BR,0.9936
ModerateAutism_4_90,MO,BroadlyAffectedAutism_5_252,BR,0.9849
ModerateAutism_4_90,MO,BroadlyAffectedAutism_5_285,BR,0.9969
ModerateAutism_4_93,MO,BroadlyAffectedAutism_3_68,BR,0.9757
ModerateAutism_4_93,MO,BroadlyAffectedAutism_4_130,BR,0.9649
ModerateAutism_4_93,MO,BroadlyAffectedAutism_4_141,BR,0.9778
ModerateAutism_4_93,MO,BroadlyAffectedAutism_4_147,BR,0.828
ModerateAutism_4_93,MO,BroadlyAffectedAutism_4_189,BR,0.9976
ModerateAutism_4_93,MO,BroadlyAffectedAutism_4_211,BR,0.9857
ModerateAutism_4_93,MO,BroadlyAffectedAutism_5_237,BR,0.798
ModerateAutism_4_93,MO,BroadlyAffectedAutism_5_279,BR,0.7202
ModerateAutism_4_95,MO,BroadlyAffectedAutism_1_5,BR,0.9849
ModerateAutism_4_96,MO,BroadlyAffectedAutism_2_27,BR,0.9951
ModerateAutism_4_96,MO,BroadlyAffectedAutism_3_87,BR,0.9798
ModerateAutism_4_102,MO,BroadlyAffectedAutism_4_174,BR,0.9962
ModerateAutism_4_105,MO,BroadlyAffectedAutism_3_68,BR,0.9572
ModerateAutism_4_105,MO,BroadlyAffectedAutism_4_147,BR,0.9932
ModerateAutism_4_106,MO,BroadlyAffectedAutism_1_1,BR,0.8093
ModerateAutism_4_106,MO,BroadlyAffectedAutism_3_68,BR,0.9216
ModerateAutism_4_106,MO,BroadlyAffectedAutism_4_130,BR,0.9912
ModerateAutism_4_106,MO,BroadlyAffectedAutism_4_141,BR,0.9909
ModerateAutism_4_106,MO,BroadlyAffectedAutism_4_147,BR,0.9855
ModerateAutism_4_106,MO,BroadlyAffectedAutism_4_189,BR,0.9882
ModerateAutism_4_106,MO,BroadlyAffectedAutism_5_240,BR,0.9973
ModerateAutism_4_109,MO,BroadlyAffectedAutism_5_228,BR,0.9765
ModerateAutism_4_119,MO,BroadlyAffectedAutism_1_1,BR,0.9667
ModerateAutism_4_119,MO,BroadlyAffectedAutism_2_11,BR,0.6497
ModerateAutism_4_119,MO,BroadlyAffectedAutism_2_20,BR,0.9778
ModerateAutism_4_119,MO,BroadlyAffectedAutism_3_54,BR,0.9914
ModerateAutism_4_119,MO,BroadlyAffectedAutism_4_185,BR,0.9697
ModerateAutism_4_119,MO,BroadlyAffectedAutism_5_237,BR,0.9766
ModerateAutism_4_123,MO,BroadlyAffectedAutism_5_304,BR,0.9239
ModerateAutism_4_126,MO,BroadlyAffectedAutism_3_40,BR,0.6841
ModerateAutism_4_126,MO,BroadlyAffectedAutism_4_130,BR,0.6549
ModerateAutism_4_126,MO,BroadlyAffectedAutism_4_141,BR,0.9897
ModerateAutism_4_126,MO,BroadlyAffectedAutism_4_180,BR,0.6226
ModerateAutism_4_126,MO,BroadlyAffectedAutism_4_189,BR,0.9955
ModerateAutism_4_126,MO,BroadlyAffectedAutism_4_211,BR,0.9719
ModerateAutism_4_126,MO,BroadlyAffectedAutism_5_237,BR,0.6991
ModerateAutism_4_126,MO,BroadlyAffectedAutism_5_279,BR,0.9737
ModerateAutism_5_128,MO,BroadlyAffectedAutism_1_1,BR,0.5685
ModerateAutism_5_128,MO,BroadlyAffectedAutism_2_11,BR,0.9622
ModerateAutism_5_128,MO,BroadlyAffectedAutism_3_39,BR,0.9726
ModerateAutism_5_128,MO,BroadlyAffectedAutism_3_66,BR,0.9371
ModerateAutism_5_128,MO,BroadlyAffectedAutism_4_93,BR,0.5772
ModerateAutism_5_128,MO,BroadlyAffectedAutism_5_228,BR,0.6327
ModerateAutism_5_128,MO,BroadlyAffectedAutism_5_288,BR,0.9013
ModerateAutism_5_128,MO,BroadlyAffectedAutism_5_305,BR,0.9391
ModerateAutism_5_129,MO,BroadlyAffectedAutism_3_39,BR,0.6691
ModerateAutism_5_129,MO,BroadlyAffectedAutism_3_66,BR,0.781
ModerateAutism_5_133,MO,BroadlyAffectedAutism_5_288,BR,0.551
ModerateAutism_5_137,MO,BroadlyAffectedAutism_2_27,BR,0.9904
ModerateAutism_5_137,MO,BroadlyAffectedAutism_3_87,BR,0.9941
ModerateAutism_5_139,MO,BroadlyAffectedAutism_4_210,BR,0.9641
ModerateAutism_5_139,MO,BroadlyAffectedAutism_5_280,BR,0.9937
ModerateAutism_5_141,MO,BroadlyAffectedAutism_4_132,BR,0.74
ModerateAutism_5_141,MO,BroadlyAffectedAutism_4_153,BR,0.9782
ModerateAutism_5_141,MO,BroadlyAffectedAutism_5_305,BR,0.8298
ModerateAutism_5_152,MO,BroadlyAffectedAutism_2_8,BR,0.9038
ModerateAutism_5_158,MO,BroadlyAffectedAutism_4_119,BR,0.9977
ModerateAutism_5_159,MO,BroadlyAffectedAutism_2_6,BR,0.9863
ModerateAutism_5_160,MO,BroadlyAffectedAutism_5_237,BR,0.9844
ModerateAutism_5_162,MO,BroadlyAffectedAutism_4_164,BR,0.965
ModerateAutism_5_162,MO,BroadlyAffectedAutism_5_312,BR,0.9936
ModerateAutism_5_165,MO,BroadlyAffectedAutism_2_13,BR,0.9965
ModerateAutism_5_165,MO,BroadlyAffectedAutism_4_93,BR,0.7539
ModerateAutism_5_165,MO,BroadlyAffectedAutism_4_185,BR,0.997
ModerateAutism_5_165,MO,BroadlyAffectedAutism_5_246,BR,0.9958
ModerateAutism_5_170,MO,BroadlyAffectedAutism_3_65,BR,0.7289
ModerateAutism_5_170,MO,BroadlyAffectedAutism_5_204,BR,0.9849
ModerateAutism_5_171,MO,BroadlyAffectedAutism_3_66,BR,0.6132
ModerateAutism_5_175,MO,BroadlyAffectedAutism_3_39,BR,0.5509
ModerateAutism_5_175,MO,BroadlyAffectedAutism_3_66,BR,0.9493
ModerateAutism_5_175,MO,BroadlyAffectedAutism_5_204,BR,0.969
ModerateAutism_5_175,MO,BroadlyAffectedAutism_5_240,BR,0.5629
ModerateAutism_5_175,MO,BroadlyAffectedAutism_5_246,BR,0.6299
ModerateAutism_5_176,MO,BroadlyAffectedAutism_4_119,BR,0.7747
ModerateAutism_5_178,MO,BroadlyAffectedAutism_3_40,BR,0.9541
ModerateAutism_5_178,MO,BroadlyAffectedAutism_3_68,BR,0.9722
ModerateAutism_5_178,MO,BroadlyAffectedAutism_4_141,BR,0.9593
ModerateAutism_5_178,MO,BroadlyAffectedAutism_4_147,BR,0.9493
ModerateAutism_5_178,MO,BroadlyAffectedAutism_4_189,BR,0.8985
ModerateAutism_5_178,MO,BroadlyAffectedAutism_5_240,BR,0.9495
ModerateAutism_5_178,MO,BroadlyAffectedAutism_5_277,BR,0.6145
ModerateAutism_5_178,MO,BroadlyAffectedAutism_5_304,BR,0.81
ModerateAutism_5_180,MO,BroadlyAffectedAutism_2_6,BR,0.9732
ModerateAutism_5_181,MO,BroadlyAffectedAutism_1_1,BR,0.9907
ModerateAutism_5_181,MO,BroadlyAffectedAutism_2_11,BR,0.9632
ModerateAutism_5_181,MO,BroadlyAffectedAutism_2_20,BR,0.9738
ModerateAutism_5_181,MO,BroadlyAffectedAutism_3_54,BR,0.9979
ModerateAutism_5_181,MO,BroadlyAffectedAutism_4_118,BR,0.5826
ModerateAutism_5_181,MO,BroadlyAffectedAutism_4_149,BR,0.9934
ModerateAutism_5_181,MO,BroadlyAffectedAutism_4_153,BR,0.9005
ModerateAutism_5_181,MO,BroadlyAffectedAutism_4_185,BR,0.954
ModerateAutism_5_181,MO,BroadlyAffectedAutism_5_237,BR,0.7526
ModerateAutism_5_183,MO,BroadlyAffectedAutism_5_288,BR,0.6148
ModerateAutism_5_186,MO,BroadlyAffectedAutism_2_20,BR,0.919
ModerateAutism_5_186,MO,BroadlyAffectedAutism_4_185,BR,0.9182
ModerateAutism_5_186,MO,BroadlyAffectedAutism_5_246,BR,0.981
ModerateAutism_5_186,MO,BroadlyAffectedAutism_5_288,BR,0.6814
ModerateAutism_5_191,MO,BroadlyAffectedAutism_5_304,BR,0.611
ModerateAutism_5_193,MO,BroadlyAffectedAutism_2_13,BR,0.9186
ModerateAutism_5_193,MO,BroadlyAffectedAutism_3_58,BR,0.8939
ModerateAutism_5_193,MO,BroadlyAffectedAutism_3_66,BR,0.9907
ModerateAutism_5_193,MO,BroadlyAffectedAutism_4_93,BR,0.7522
ModerateAutism_5_193,MO,BroadlyAffectedAutism_4_185,BR,0.9893
ModerateAutism_5_193,MO,BroadlyAffectedAutism_5_246,BR,0.9835
ModerateAutism_5_193,MO,BroadlyAffectedAutism_5_288,BR,0.9712
ModerateAutism_5_197,MO,BroadlyAffectedAutism_5_304,BR,0.9874
ModerateAutism_5_198,MO,BroadlyAffectedAutism_5_307,BR,0.9957
ModerateAutism_5_200,MO,BroadlyAffectedAutism_4_147,BR,0.9857
ModerateAutism_5_200,MO,BroadlyAffectedAutism_4_189,BR,0.9449
ModerateAutism_5_200,MO,BroadlyAffectedAutism_5_240,BR,0.7599
ModerateAutism_5_200,MO,BroadlyAffectedAutism_5_277,BR,0.9719
ModerateAutism_5_201,MO,BroadlyAffectedAutism_4_151,BR,0.6424
ModerateAutism_5_202,MO,BroadlyAffectedAutism_5_254,BR,0.9529
ModerateAutism_5_203,MO,BroadlyAffectedAutism_5_277,BR,0.8737
ModerateAutism_5_203,MO,BroadlyAffectedAutism_5_295,BR,0.6815
ModerateAutism_5_216,MO,BroadlyAffectedAutism_4_157,BR,0.9937
ModerateAutism_5_216,MO,BroadlyAffectedAutism_5_252,BR,0.6467
ModerateAutism_5_216,MO,BroadlyAffectedAutism_5_285,BR,0.9924
ModerateAutism_5_217,MO,BroadlyAffectedAutism_5_281,BR,0.7079
ModerateAutism_5_220,MO,BroadlyAffectedAutism_3_80,BR,0.6251
ModerateAutism_5_222,MO,BroadlyAffectedAutism_5_295,BR,0.8285
ModerateAutism_5_226,MO,BroadlyAffectedAutism_1_1,BR,0.8722
ModerateAutism_5_226,MO,BroadlyAffectedAutism_4_122,BR,0.617
ModerateAutism_5_228,MO,BroadlyAffectedAutism_3_65,BR,0.9942
ModerateAutism_5_228,MO,BroadlyAffectedAutism_5_204,BR,0.9785
ModerateAutism_5_229,MO,BroadlyAffectedAutism_4_148,BR,0.9588
ModerateAutism_5_229,MO,BroadlyAffectedAutism_4_157,BR,0.9332
ModerateAutism_5_229,MO,BroadlyAffectedAutism_5_285,BR,0.9677
ModerateAutism_5_229,MO,BroadlyAffectedAutism_5_294,BR,0.8528
ModerateAutism_5_233,MO,BroadlyAffectedAutism_2_13,BR,0.938
ModerateAutism_5_233,MO,BroadlyAffectedAutism_2_20,BR,0.9911
ModerateAutism_5_233,MO,BroadlyAffectedAutism_3_54,BR,0.9787
ModerateAutism_5_233,MO,BroadlyAffectedAutism_3_66,BR,0.9882
ModerateAutism_5_233,MO,BroadlyAffectedAutism_4_118,BR,0.9549
ModerateAutism_5_233,MO,BroadlyAffectedAutism_4_122,BR,0.5875
ModerateAutism_5_233,MO,BroadlyAffectedAutism_4_149,BR,0.998
ModerateAutism_5_233,MO,BroadlyAffectedAutism_4_185,BR,0.9897
ModerateAutism_5_233,MO,BroadlyAffectedAutism_5_230,BR,0.7362
ModerateAutism_5_233,MO,BroadlyAffectedAutism_5_231,BR,0.9664
ModerateAutism_5_233,MO,BroadlyAffectedAutism_5_233,BR,0.9848
ModerateAutism_5_233,MO,BroadlyAffectedAutism_5_286,BR,0.6286
ModerateAutism_5_236,MO,BroadlyAffectedAutism_3_66,BR,0.8369
ModerateAutism_5_236,MO,BroadlyAffectedAutism_3_68,BR,0.5828
ModerateAutism_5_236,MO,BroadlyAffectedAutism_4_130,BR,0.9908
ModerateAutism_5_236,MO,BroadlyAffectedAutism_4_141,BR,0.9803
ModerateAutism_5_236,MO,BroadlyAffectedAutism_4_147,BR,0.9779
ModerateAutism_5_236,MO,BroadlyAffectedAutism_4_189,BR,0.9675
ModerateAutism_5_236,MO,BroadlyAffectedAutism_5_237,BR,0.9874
ModerateAutism_5_236,MO,BroadlyAffectedAutism_5_240,BR,0.9815
ModerateAutism_5_237,MO,BroadlyAffectedAutism_3_40,BR,0.9829
ModerateAutism_5_239,MO,BroadlyAffectedAutism_2_8,BR,0.9902
ModerateAutism_5_239,MO,BroadlyAffectedAutism_3_36,BR,0.9883
ModerateAutism_5_239,MO,BroadlyAffectedAutism_4_154,BR,0.9952
ModerateAutism_5_239,MO,BroadlyAffectedAutism_5_230,BR,0.966
ModerateAutism_5_239,MO,BroadlyAffectedAutism_5_231,BR,0.9874
ModerateAutism_6_240,MO,BroadlyAffectedAutism_2_20,BR,0.9547
ModerateAutism_6_240,MO,BroadlyAffectedAutism_4_122,BR,0.9289
ModerateAutism_6_240,MO,BroadlyAffectedAutism_5_247,BR,0.968
ModerateAutism_6_240,MO,BroadlyAffectedAutism_5_286,BR,0.9978
ModerateAutism_6_243,MO,BroadlyAffectedAutism_4_119,BR,0.9931
ModerateAutism_6_245,MO,BroadlyAffectedAutism_3_66,BR,0.9768
ModerateAutism_6_245,MO,BroadlyAffectedAutism_4_149,BR,0.9933
ModerateAutism_6_246,MO,BroadlyAffectedAutism_2_8,BR,0.9259
ModerateAutism_6_246,MO,BroadlyAffectedAutism_3_35,BR,0.9704
ModerateAutism_6_247,MO,BroadlyAffectedAutism_4_141,BR,0.9949
ModerateAutism_6_247,MO,BroadlyAffectedAutism_4_189,BR,0.5756
ModerateAutism_6_247,MO,BroadlyAffectedAutism_5_240,BR,0.9884
ModerateAutism_6_250,MO,BroadlyAffectedAutism_3_58,BR,0.9833
ModerateAutism_6_250,MO,BroadlyAffectedAutism_3_65,BR,0.8798
ModerateAutism_6_250,MO,BroadlyAffectedAutism_4_153,BR,0.6599
ModerateAutism_6_250,MO,BroadlyAffectedAutism_5_247,BR,0.6332
ModerateAutism_6_250,MO,BroadlyAffectedAutism_5_288,BR,0.9776
ModerateAutism_6_250,MO,BroadlyAffectedAutism_5_305,BR,0.9825
ModerateAutism_6_251,MO,BroadlyAffectedAutism_4_130,BR,0.9814
ModerateAutism_6_251,MO,BroadlyAffectedAutism_4_141,BR,0.9764
ModerateAutism_6_251,MO,BroadlyAffectedAutism_4_189,BR,0.9059
ModerateAutism_6_251,MO,BroadlyAffectedAutism_5_240,BR,0.9869
ModerateAutism_6_251,MO,BroadlyAffectedAutism_5_304,BR,0.6783
ModerateAutism_6_253,MO,BroadlyAffectedAutism_4_185,BR,0.718
ModerateAutism_6_253,MO,BroadlyAffectedAutism_5_246,BR,0.6998
ModerateAutism_6_253,MO,BroadlyAffectedAutism_5_288,BR,0.94
ModerateAutism_6_253,MO,BroadlyAffectedAutism_5_305,BR,0.8307
ModerateAutism_6_254,MO,BroadlyAffectedAutism_4_153,BR,0.9866
ModerateAutism_6_254,MO,BroadlyAffectedAutism_5_305,BR,0.9075
ModerateAutism_6_256,MO,BroadlyAffectedAutism_5_286,BR,0.9965
ModerateAutism_6_258,MO,BroadlyAffectedAutism_5_228,BR,0.8636
ModerateAutism_6_258,MO,BroadlyAffectedAutism_5_288,BR,0.9751
ModerateAutism_6_258,MO,BroadlyAffectedAutism_5_305,BR,0.717
ModerateAutism_6_260,MO,BroadlyAffectedAutism_1_1,BR,0.9326
ModerateAutism_6_260,MO,BroadlyAffectedAutism_2_20,BR,0.8785
ModerateAutism_6_260,MO,BroadlyAffectedAutism_4_149,BR,0.9808
ModerateAutism_6_260,MO,BroadlyAffectedAutism_4_185,BR,0.8084
ModerateAutism_6_261,MO,BroadlyAffectedAutism_5_204,BR,0.7232
ModerateAutism_6_261,MO,BroadlyAffectedAutism_5_230,BR,0.6935
ModerateAutism_6_261,MO,BroadlyAffectedAutism_5_288,BR,0.8475
ModerateAutism_6_263,MO,BroadlyAffectedAutism_4_157,BR,0.9786
ModerateAutism_6_263,MO,BroadlyAffectedAutism_5_252,BR,0.9754
ModerateAutism_6_263,MO,BroadlyAffectedAutism_5_285,BR,0.992
